kepid,kepoi_name,koi_disposition,koi_period,koi_duration,koi_depth,koi_time0bk
10797460,K00752.01,CONFIRMED,9.48803557,2.9575,615.8,170.53875
10797460,K00752.02,CONFIRMED,54.4183827,4.507,874.8,162.51384
10811496,K00753.01,CANDIDATE,19.89913995,1.7822,10829.0,175.850252
10848459,K00754.01,FALSE POSITIVE,1.736952453,2.40641,8079.2,170.307565
10854555,K00755.01,CONFIRMED,2.525591777,1.6545,603.3,171.59555
10872983,K00756.01,CONFIRMED,11.09432054,4.5945,1517.5,171.20116
10872983,K00756.02,CONFIRMED,4.13443512,3.1402,686.0,172.97937
10872983,K00756.03,CONFIRMED,2.56658897,2.429,226.5,179.55437
6721123,K00114.01,FALSE POSITIVE,7.36178958,5.022,233.7,132.25053
10910878,K00757.01,CONFIRMED,16.06864674,3.5347,4914.3,173.621937
11446443,K00001.01,CONFIRMED,2.470613377,1.74319,14230.9,122.763305
10666592,K00002.01,CONFIRMED,2.204735417,3.88864,6674.7,121.3585417
6922244,K00010.01,CONFIRMED,3.522498429,3.19843,9145.7,121.1194228
10984090,K00112.02,CONFIRMED,3.709214104,2.6302,131.1,133.98318
10419211,K00742.01,FALSE POSITIVE,11.521446064,3.6399,17984.3,170.839688
10464078,K00743.01,FALSE POSITIVE,19.40393776,12.2155,8918.7,172.484253
10480982,K00744.01,FALSE POSITIVE,19.221388942,4.79843,74284.0,184.5521637
10485250,K00745.01,FALSE POSITIVE,16.46983774,9.4378,10478.9,180.881761
10526549,K00746.01,CONFIRMED,9.27358173,3.2875,1288.3,173.258155
10583066,K00747.01,CONFIRMED,6.02930329,1.5821,1912.7,171.602959
10583180,K00748.01,FALSE POSITIVE,2.696370652,3.6129,397.9,170.73769
10601284,K00749.01,CONFIRMED,5.349553819,3.0278,831.0,171.80694
10601284,K00749.02,CONFIRMED,3.94105221,2.5984,363.3,136.08662
10601284,K00749.03,CONFIRMED,8.10904807,3.596,217.4,132.8031
2306756,K00113.01,FALSE POSITIVE,386.6030528,6.8057,24926.6,166.342079
10662202,K00750.01,CONFIRMED,21.67699193,3.4555,857.2,171.53594
10682541,K00751.01,CONFIRMED,4.99677968,2.1717,934.7,171.74208
11460018,K00769.01,CONFIRMED,4.280963604,2.875,750.8,171.89659
11463211,K00770.01,FALSE POSITIVE,1.50635409,1.5155,2211.7,170.998064
11465813,K00771.01,FALSE POSITIVE,670.645531,53.412,18090.6,209.04355
11493732,K00772.01,FALSE POSITIVE,61.2563628,7.633,5123.3,173.83826
11507101,K00773.01,CONFIRMED,38.3775486,5.588,724.2,172.82048
10910878,K00757.02,CONFIRMED,41.19725502,4.6297,2213.9,165.00404
10910878,K00757.03,CONFIRMED,6.252962249,2.5819,1036.9,171.30126
10987985,K00758.01,CONFIRMED,16.01308419,3.2554,1121.9,176.3608
11018648,K00759.01,CONFIRMED,32.62876672,4.7971,1804.8,194.1019
11018648,K00759.02,CONFIRMED,91.7732862,6.473,652.0,193.8378
11138155,K00760.01,CONFIRMED,4.959319244,2.22739,9802.0,172.2585292
11152159,K00761.01,FALSE POSITIVE,2.701287801,3.3827,860.4,170.69579
11153539,K00762.01,CONFIRMED,4.49876511,3.7362,460.0,171.34905
11242721,K00763.01,FALSE POSITIVE,19.651209505,5.2514,11766.3,179.401981
9579641,K00115.01,CONFIRMED,5.412203927,2.9472,601.6,133.143089
11304958,K00764.01,CONFIRMED,41.43958662,10.5989,2793.1,208.93203
11391957,K00765.01,CONFIRMED,8.35389523,2.2514,1041.6,171.63257
11403044,K00766.01,CONFIRMED,4.125543472,3.1744,1487.3,169.752585
11414511,K00767.01,CONFIRMED,2.816504904,2.50587,16813.7,170.9676846
11442465,K00768.01,FALSE POSITIVE,33.93373447,14.561,8503.7,186.67608
12110942,K00786.01,CONFIRMED,3.689920099,2.6557,426.7,170.36571
12366084,K00787.01,CONFIRMED,4.431238488,3.15,1010.9,171.015
12366084,K00787.02,CONFIRMED,11.37936986,2.6255,1023.5,133.84992
12404086,K00788.01,CONFIRMED,26.39432897,3.573,1510.9,176.05459
8395660,K00116.01,CONFIRMED,13.57078281,3.3539,511.7,136.279194
9579641,K00115.02,CONFIRMED,7.12594387,3.0014,192.4,139.00492
11656840,K00774.01,FALSE POSITIVE,7.442652004,2.3078,24446.2,169.9717797
11754553,K00775.01,CONFIRMED,16.38489988,3.0249,1127.1,172.72782
11754553,K00775.02,CONFIRMED,7.8774163,2.0805,1306.1,176.3759
11754553,K00775.03,CONFIRMED,36.4454001,4.007,1122.3,151.60125
11812062,K00776.01,CONFIRMED,3.728732147,2.683,5226.5,171.793255
11818800,K00777.01,CANDIDATE,40.4195037,3.362,6256.0,173.56469
11853255,K00778.01,CONFIRMED,2.243380573,1.1196,821.7,170.679233
11909839,K00779.01,FALSE POSITIVE,10.405998015,6.5036,14488.8,177.197466
11918099,K00780.01,CONFIRMED,2.337437946,1.9982,971.2,171.761982
11918099,K00780.02,CANDIDATE,7.2406612,0.558,556.4,137.75545
9579641,K00115.03,CANDIDATE,3.43591631,3.133,23.2,132.6624
11923270,K00781.01,CONFIRMED,11.59822233,2.5237,2804.5,180.395376
11960862,K00782.01,CONFIRMED,6.575315881,4.3084,2793.3,173.634044
12020329,K00783.01,CONFIRMED,7.275040844,7.5377,3001.0,169.994217
12066335,K00784.01,CONFIRMED,19.27153892,2.7594,1219.8,186.77093
12066335,K00784.02,CONFIRMED,10.06524317,1.369,1053.3,136.28906
12070811,K00785.01,CONFIRMED,12.3935651,3.8896,916.6,178.74725
8395660,K00116.02,CONFIRMED,43.84439721,6.802,615.2,151.93538
3120431,K00798.01,FALSE POSITIVE,3.341913228,3.813,725.3,171.63943
3246984,K00799.01,FALSE POSITIVE,1.626630225,2.1145,1620.6,169.820171
3342970,K00800.01,CONFIRMED,2.711504086,3.0099,837.5,170.03417
3342970,K00800.02,CONFIRMED,7.21203748,4.0491,950.4,172.81782
12459725,K00789.01,FALSE POSITIVE,14.1798187,2.505,459.9,171.50237
12470844,K00790.01,CONFIRMED,8.47237911,2.7245,1123.5,174.16212
12470844,K00790.02,CONFIRMED,60.4189369,5.039,931.3,181.16367
12644822,K00791.01,CONFIRMED,12.611904345,5.1497,6105.6,180.892284
2440757,K00792.01,FALSE POSITIVE,1.433769925,1.8868,1976.3,170.403536
2445129,K00793.01,FALSE POSITIVE,10.31872301,3.836,871.7,173.31543
2713049,K00794.01,CONFIRMED,2.539183147,2.4282,382.1,169.67494
3114167,K00795.01,CONFIRMED,6.770300385,2.0844,1304.0,170.57662
3114661,K00796.01,FALSE POSITIVE,0.444291966,2.0792,10967.4,169.865406
3115833,K00797.01,CANDIDATE,10.181584004,3.5089,5741.1,177.141891
4139816,K00812.02,CONFIRMED,20.06036336,3.3203,1494.7,147.46554
4139816,K00812.03,CONFIRMED,46.1842039,4.758,1394.7,165.23729
8395660,K00116.04,CONFIRMED,23.9800854,5.351,104.0,147.537
4139816,K00812.04,CONFIRMED,7.82502168,2.186,520.8,136.54995
4275191,K00813.01,CONFIRMED,3.895936525,2.3111,8544.8,170.527552
4476123,K00814.01,CONFIRMED,22.36646466,5.228,986.8,175.45862
3351888,K00801.01,CONFIRMED,1.625522174,2.38963,7969.0,170.8266564
3453214,K00802.01,CANDIDATE,19.620346923,2.0038,21724.6,181.881819
3554600,K00803.01,FALSE POSITIVE,7.544039,6.222,322.6,171.7982
3641726,K00804.01,CONFIRMED,9.02930689,3.1449,1019.8,177.20422
3734868,K00805.01,FALSE POSITIVE,10.328035714,7.7915,16917.7,174.581054
3832474,K00806.01,CONFIRMED,143.2063047,8.9302,10565.7,154.23552
8395660,K00116.03,CONFIRMED,6.164876,3.262,55.8,135.63916
3832474,K00806.02,CONFIRMED,60.32494216,6.6188,20280.4,243.892578
3832474,K00806.03,CONFIRMED,29.1598615,4.803,488.0,150.69922
3836375,K00807.01,FALSE POSITIVE,1.540397253,2.1541,816.1,170.50479
3838486,K00808.01,FALSE POSITIVE,2.99025443,5.414,589.2,171.9834
3935914,K00809.01,CONFIRMED,1.594745374,1.9604,15044.5,170.6483505
3940418,K00810.01,CONFIRMED,4.783002698,2.335,1008.7,170.508434
4049131,K00811.01,CONFIRMED,20.50588921,4.0595,2105.5,181.43428
4139816,K00812.01,CONFIRMED,3.340218842,1.9104,1632.6,171.979062
5287983,K00828.01,FALSE POSITIVE,2.507089906,2.0067,1339.2,171.002455
5358241,K00829.01,CONFIRMED,18.64932728,4.4056,893.6,174.771
10875245,K00117.02,CONFIRMED,4.90144976,4.1654,140.7,138.60548
5358241,K00829.02,CONFIRMED,9.75192101,4.793,418.0,138.78608
5358241,K00829.03,CONFIRMED,38.5576546,5.794,993.0,163.85063
5358624,K00830.01,CONFIRMED,3.525632539,2.59959,22335.0,170.0479951
4544670,K00815.01,CANDIDATE,34.84398644,2.9315,4523.6,172.633252
4664847,K00816.01,CONFIRMED,7.748094239,3.5957,2472.1,174.997206
4725681,K00817.01,CONFIRMED,23.96793669,3.827,1182.3,186.22182
4725681,K00817.02,CONFIRMED,8.29561738,1.3421,824.3,135.79284
4913852,K00818.01,CONFIRMED,8.11437482,2.2736,1558.0,176.33968
4932348,K00819.01,FALSE POSITIVE,38.036729482,4.34617,82871.6,196.934947
4936180,K00820.01,CANDIDATE,4.64090031,35.512,2450.6,173.64638
11913073,K00011.01,FALSE POSITIVE,3.747838198,5.0642,616.0,171.66504
10875245,K00117.01,CONFIRMED,14.74914825,6.0995,430.2,138.77799
5021899,K00821.01,CONFIRMED,21.81295996,4.3791,1175.4,174.01085
5077629,K00822.01,FALSE POSITIVE,7.91936937,3.3148,15148.1,172.181092
5115978,K00823.01,CANDIDATE,1.028436523,1.8606,8098.0,170.228582
5164255,K00824.01,CONFIRMED,15.37562369,3.3169,15337.0,173.61402
5252423,K00825.01,CONFIRMED,8.10363271,3.161,887.9,176.9486
5252423,K00825.02,CONFIRMED,4.71510843,2.506,417.5,134.96178
5272878,K00826.01,CONFIRMED,6.365839713,2.9721,780.7,171.13575
5283542,K00827.01,FALSE POSITIVE,5.97581754,3.065,962.4,174.77602
5649215,K00839.01,FALSE POSITIVE,2.446737317,4.7211,1177.9,170.66951
5651104,K00840.01,CONFIRMED,3.04033046,1.8411,10858.8,169.9490106
5792202,K00841.01,CONFIRMED,15.33528675,3.897,3081.4,174.00278
10875245,K00117.04,CONFIRMED,7.95825328,4.377,50.0,137.80219
5792202,K00841.02,CONFIRMED,31.33046135,5.176,5073.8,153.43031
5370302,K00831.01,FALSE POSITIVE,3.9043425,3.831,16228.4,173.393734
5372966,K00832.01,FALSE POSITIVE,9.286358079,3.49949,44791.4,171.8214689
5376067,K00833.01,FALSE POSITIVE,3.951405455,2.1862,2453.9,173.276125
5436502,K00834.01,CONFIRMED,23.65369415,8.2183,3341.8,171.376107
5436502,K00834.02,CONFIRMED,13.23352214,6.7372,504.6,140.32196
5436502,K00834.03,CONFIRMED,6.15560285,4.9843,285.0,134.81656
5436502,K00834.04,CONFIRMED,2.090811305,3.388,115.9,134.17462
10875245,K00117.03,CONFIRMED,3.180027898,3.5797,120.3,133.49863
5436502,K00834.05,CONFIRMED,50.4467417,7.159,370.3,178.5014
5456651,K00835.01,CONFIRMED,11.76307164,2.9076,1037.3,180.93613
5456651,K00835.02,CONFIRMED,56.2279271,3.57,862.7,132.29259
5481416,K00836.01,FALSE POSITIVE,2.384052875,3.0918,1268.1,171.58362
5531576,K00837.01,CONFIRMED,7.953547,2.6312,875.4,174.66224
5531576,K00837.02,CONFIRMED,4.14451656,2.3421,391.8,135.92831
5534814,K00838.01,FALSE POSITIVE,4.859386384,2.2757,6044.3,173.011469
6291653,K00850.01,CONFIRMED,10.526294577,2.5211,9768.0,176.522462
6392727,K00851.01,CONFIRMED,4.583520948,2.7055,3812.1,169.973972
6422070,K00852.01,CONFIRMED,3.76181843,3.5176,510.6,171.90364
6428700,K00853.01,CONFIRMED,8.20396958,2.9667,1024.4,169.69138
6428700,K00853.02,CONFIRMED,14.49645186,4.016,647.5,143.41659
5792202,K00841.03,CONFIRMED,6.54626149,2.75,655.9,133.85964
5794379,K00842.01,CONFIRMED,12.71809866,3.0957,1149.4,175.35526
5794379,K00842.02,CONFIRMED,36.06588163,4.3246,1563.8,198.58423
5881688,K00843.01,CONFIRMED,4.190425659,2.8589,2877.4,171.44122
6022556,K00844.01,CONFIRMED,3.709870784,3.0694,2020.3,171.987982
6032497,K00845.01,CONFIRMED,16.3297527,6.271,1187.5,177.29506
6061119,K00846.01,CONFIRMED,27.807566216,4.21587,25391.1,186.713552
6191521,K00847.01,CONFIRMED,80.8723469,11.195,3604.6,203.895
6267425,K00848.01,FALSE POSITIVE,3.166465862,2.9381,4357.2,172.002627
3531558,K00118.01,CONFIRMED,24.99324319,5.9409,269.6,138.68167
6276477,K00849.01,CONFIRMED,10.35533116,3.1775,750.6,170.93729
6863998,K00867.01,CONFIRMED,16.08518937,3.984,1442.4,180.28319
6867155,K00868.01,CANDIDATE,235.9986399,8.2284,20714.6,208.399822
6948054,K00869.01,CONFIRMED,7.49018305,2.7297,1123.6,174.95037
6948054,K00869.02,CONFIRMED,36.2761238,4.7865,1572.6,201.2869
6948054,K00869.03,CONFIRMED,17.46087931,2.2641,812.4,137.26594
6435936,K00854.01,CONFIRMED,56.0560754,4.685,1626.0,201.16578
6522242,K00855.01,CONFIRMED,41.408316686,5.0264,22838.9,195.78745
6526710,K00856.01,CANDIDATE,39.74893077,7.3051,15178.9,172.854644
6587280,K00857.01,CONFIRMED,5.715425977,2.5242,908.1,174.87931
9471974,K00119.01,CONFIRMED,49.18394185,11.3364,1646.2,141.911924
6587280,K00857.02,CONFIRMED,20.0261412,1.611,421.2,146.91109
6599919,K00858.01,CANDIDATE,13.61014819,2.594,5732.9,173.987319
6675056,K00859.01,FALSE POSITIVE,10.44331991,2.743,1159.8,175.4046
6685526,K00861.01,CONFIRMED,2.237489571,1.8119,315.8,170.81914
6756669,K00862.01,FALSE POSITIVE,5.851520671,3.11058,33003.6,173.8228336
6784235,K00863.01,CONFIRMED,3.167893418,2.1814,781.2,172.147959
6849310,K00864.01,CONFIRMED,4.311780262,2.7251,1154.0,173.576483
6849310,K00864.02,CONFIRMED,20.0504494,4.556,840.9,188.08821
6849310,K00864.03,CONFIRMED,9.76734503,1.6585,569.1,186.57718
6862328,K00865.01,CANDIDATE,119.0207044,8.1405,7430.5,222.236492
9471974,K00119.02,CONFIRMED,190.3200468,15.284,1141.7,312.68498
6862603,K00866.01,FALSE POSITIVE,2.861159894,1.8832,1014.3,171.648106
7366258,K00880.01,CONFIRMED,26.44439337,3.9783,1843.5,194.12074
7366258,K00880.02,CONFIRMED,51.53997972,6.3994,3644.3,174.055011
7366258,K00880.03,CONFIRMED,5.902245782,2.9003,702.3,136.78393
7366258,K00880.04,CONFIRMED,2.382951591,1.8876,391.6,135.080841
7373451,K00881.01,CONFIRMED,21.02250608,4.1072,1772.5,207.67593
6948054,K00869.04,CONFIRMED,3.219814777,2.0642,488.2,133.00406
6949607,K00870.01,CONFIRMED,5.912273234,2.3254,961.4,172.184012
6949607,K00870.02,CONFIRMED,8.98581901,2.8606,881.3,175.68418
7031517,K00871.01,CANDIDATE,12.940668656,2.4845,42450.0,179.423014
11869052,K00120.01,FALSE POSITIVE,20.5452375,2.517,218.5,137.91394
7109675,K00872.01,CONFIRMED,33.60123371,4.4056,7425.9,186.680343
7109675,K00872.02,CONFIRMED,6.76652928,2.9004,450.7,138.0637
7118364,K00873.01,CONFIRMED,4.347288783,2.1024,451.6,172.23343
7134976,K00874.01,CONFIRMED,4.601811819,2.2607,755.9,169.98108
7134976,K00874.02,CONFIRMED,11.18719905,3.252,353.6,137.17814
7135852,K00875.01,CONFIRMED,4.220965778,3.0854,2260.0,170.622433
7270230,K00876.01,FALSE POSITIVE,6.998099523,2.0488,20285.0,171.898913
7287995,K00877.01,CONFIRMED,5.95489993,2.3892,1410.7,170.955871
7287995,K00877.02,CONFIRMED,12.03987488,2.7363,1250.6,181.22536
7287995,K00877.03,CONFIRMED,20.83762895,2.3734,439.0,132.08488
3247396,K00121.01,FALSE POSITIVE,8.8111022,5.0683,401.1,136.4568
7303253,K00878.01,CONFIRMED,23.58917143,5.073,1200.7,173.81994
5094751,K00123.01,CONFIRMED,6.481633073,3.784,298.5,122.977657
7678434,K00892.01,CONFIRMED,10.37168928,3.035,1254.9,172.61729
7678434,K00892.02,CONFIRMED,3.96996298,1.1757,299.2,137.75447
7685981,K00893.01,CONFIRMED,4.40841331,5.012,549.4,172.18582
7708215,K00894.01,FALSE POSITIVE,7.9426176,6.703,1590.7,174.52563
7373451,K00881.02,CONFIRMED,226.8904775,7.558,3136.4,207.35971
7377033,K00882.01,FALSE POSITIVE,1.956811408,2.1958,24905.0,170.694208
7380537,K00883.01,CANDIDATE,2.688899233,2.11275,37491.6,170.1020904
7434875,K00884.01,CONFIRMED,9.439459486,2.8979,3036.1,177.186096
8349582,K00122.01,CONFIRMED,11.523067458,3.8757,507.3,131.969055
7434875,K00884.02,CONFIRMED,20.47748843,2.8364,1382.4,178.66786
7434875,K00884.03,CONFIRMED,3.336123113,1.9616,516.3,135.31623
7455287,K00886.01,CONFIRMED,8.01078456,2.312,1333.6,170.20739
7455287,K00886.02,CONFIRMED,12.07134205,4.3224,759.2,143.45948
7455287,K00886.03,CONFIRMED,20.99587872,2.6333,767.3,152.31554
7458762,K00887.01,CONFIRMED,7.41113177,2.5242,620.5,175.34754
7552344,K00888.01,FALSE POSITIVE,1.000747038,0.9967,1823.5,169.974229
757450,K00889.01,CONFIRMED,8.884922995,2.07004,16053.4,169.991686
7585481,K00890.01,CONFIRMED,8.09888906,4.20241,6911.1,176.623731
7663691,K00891.01,CONFIRMED,10.00653012,5.344,936.1,176.96898
5812701,K00012.01,CONFIRMED,17.855221681,7.41287,9065.2,146.596466
8013419,K00901.01,CANDIDATE,12.732624065,2.2083,6465.7,176.939054
8018547,K00902.01,CANDIDATE,83.92494032,6.7904,7958.7,236.76334
8039892,K00903.01,CONFIRMED,5.007316661,4.2362,6932.3,173.433997
8150320,K00904.01,CONFIRMED,2.211116989,1.6485,724.2,170.150139
8150320,K00904.02,CONFIRMED,27.9541337,3.95,942.5,178.73791
11086270,K00124.01,CONFIRMED,12.69104387,3.7727,252.1,137.12594
7767559,K00895.01,FALSE POSITIVE,4.409409243,3.8636,12861.0,171.89433
7825899,K00896.01,CONFIRMED,16.23947096,4.0374,2590.7,175.569907
7825899,K00896.02,CONFIRMED,6.308201629,2.9785,1328.5,174.047661
7849854,K00897.01,CONFIRMED,2.052349884,2.0778,14280.6,169.890622
7870390,K00898.01,CONFIRMED,9.7704486,2.4517,1897.8,175.71372
7870390,K00898.02,CONFIRMED,5.169804269,2.153,1037.4,172.63153
5094751,K00123.02,CONFIRMED,21.22261195,6.5093,366.0,137.57403
7870390,K00898.03,CONFIRMED,20.09017037,4.154,1432.1,147.97788
7907423,K00899.01,CONFIRMED,7.11373257,2.1764,807.6,174.32351
7907423,K00899.02,CONFIRMED,3.306551643,1.8177,509.2,134.37211
7907423,K00899.03,CONFIRMED,15.36845737,2.4714,756.1,147.38965
7938496,K00900.01,CONFIRMED,13.81020318,3.048,1309.7,172.33533
8490993,K00911.01,CONFIRMED,4.093578461,2.5833,538.6,171.00954
8490993,K00911.02,CONFIRMED,105.145959,8.593,685.4,178.367
8505670,K00912.01,CONFIRMED,10.8484518,2.9993,1675.6,171.80584
8505670,K00912.02,CONFIRMED,6.66833241,1.915,362.3,137.43988
8544996,K00913.01,CONFIRMED,4.082274889,3.23015,17859.2,169.6375652
8552202,K00914.01,CANDIDATE,3.886655224,3.1646,581.6,169.73814
8150320,K00904.03,CONFIRMED,42.1406089,5.083,895.5,139.0604
8150320,K00904.04,CONFIRMED,4.617490562,2.2618,575.8,135.04909
8150320,K00904.05,CONFIRMED,10.19849255,2.4283,634.1,137.92067
8180063,K00905.01,FALSE POSITIVE,5.795063956,3.2496,1692.9,172.697467
8226994,K00906.01,CONFIRMED,7.15681552,2.5882,867.0,174.13511
8226994,K00906.02,CONFIRMED,17.64830851,2.0873,763.3,133.54533
8226994,K00906.03,CONFIRMED,4.14810719,2.535,175.2,133.3881
8247638,K00907.01,CONFIRMED,16.51410989,4.1575,973.5,176.11686
8247638,K00907.02,CONFIRMED,30.1329298,5.172,1015.8,190.38336
8247638,K00907.03,CONFIRMED,4.79090809,2.603,251.3,136.31106
11086270,K00124.02,CONFIRMED,31.71981013,4.819,363.4,142.82083
8247638,K00907.04,CONFIRMED,99.6415962,4.448,952.5,198.68664
8255887,K00908.01,CONFIRMED,4.708326451,3.16114,7912.7,171.446507
8256049,K00909.01,FALSE POSITIVE,16.37198661,3.8449,4147.6,172.75926
8414716,K00910.01,CONFIRMED,5.392026903,2.9804,1151.4,171.72707
9140402,K00928.01,CANDIDATE,2.494170338,1.1221,863.7,170.852848
9141746,K00929.01,CONFIRMED,6.491682808,4.301,7163.3,174.633553
9159275,K00930.01,FALSE POSITIVE,3.044770796,10.0134,1695.0,172.01916
9166862,K00931.01,CONFIRMED,3.855603916,3.2179,16652.7,170.6787843
9166870,K00932.01,FALSE POSITIVE,3.855599139,3.183,1030.9,170.67957
11449844,K00125.01,CONFIRMED,38.47876629,5.04169,23530.0,151.852812
8605074,K00915.01,FALSE POSITIVE,37.601661282,8.30604,59130.1,194.713383
8628973,K00916.01,CONFIRMED,3.314947362,1.8007,1398.2,171.313058
8655354,K00917.01,FALSE POSITIVE,6.71969089,3.0231,969.7,173.35776
8672910,K00918.01,CONFIRMED,39.6431552,6.5292,15663.8,206.596798
8686150,K00919.01,FALSE POSITIVE,51.42598578,16.9422,66067.7,173.535933
8689031,K00920.01,CONFIRMED,21.80451611,3.4097,1144.9,190.49737
8689373,K00921.01,CONFIRMED,10.28194593,3.4366,1110.7,175.33988
8689373,K00921.02,CONFIRMED,18.11993039,4.2309,1506.9,182.61535
8689373,K00921.03,CONFIRMED,3.78402867,1.9012,426.1,133.28133
8826878,K00922.01,CONFIRMED,5.15448142,3.228,697.5,171.6389
5897826,K00126.01,FALSE POSITIVE,33.80364366,11.4813,13494.4,202.259731
8883593,K00923.01,CONFIRMED,5.743469797,3.4412,1240.2,174.898924
8951215,K00924.01,CANDIDATE,39.4759093,2.968,1012.6,173.31207
9016295,K00925.01,FALSE POSITIVE,19.974485239,4.23479,40293.1,171.6300909
9077124,K00926.01,CONFIRMED,3.166353562,3.3129,1473.4,170.966145
9097120,K00927.01,FALSE POSITIVE,23.899634407,3.81881,20953.1,188.982797
9466668,K00939.01,CONFIRMED,3.388012244,2.6849,280.1,170.5336
9466668,K00939.02,CONFIRMED,5.83909761,3.1915,273.6,132.09261
9466668,K00939.03,CONFIRMED,1.620467654,2.1888,159.6,132.06388
9466668,K00939.04,CONFIRMED,10.6816951,3.605,307.8,131.55082
9479273,K00940.01,CONFIRMED,6.104849417,4.6912,2090.3,169.573477
8359498,K00127.01,CONFIRMED,3.578780566,2.91089,11382.2,134.0304187
9171801,K00933.01,FALSE POSITIVE,3.187067566,3.119,1037.4,171.64976
9334289,K00934.01,CONFIRMED,5.826657508,2.9183,1539.1,173.011411
9334289,K00934.02,CONFIRMED,12.41216347,3.739,611.3,142.54039
9334289,K00934.03,CONFIRMED,18.74649011,3.895,796.8,147.13074
9347899,K00935.01,CONFIRMED,20.86021229,5.1937,1910.5,180.017757
9347899,K00935.02,CONFIRMED,42.63427848,6.1998,1719.3,141.16954
9347899,K00935.03,CONFIRMED,87.6476068,8.871,1009.6,134.94222
9347899,K00935.04,CANDIDATE,9.61731426,3.8692,234.0,142.47479
9388479,K00936.01,CONFIRMED,9.467821474,2.4327,2237.0,178.415842
9388479,K00936.02,CONFIRMED,0.893040969,1.0981,741.7,134.540342
11359879,K00128.01,CONFIRMED,4.942783419,3.25346,11144.7,136.3294353
9406990,K00937.01,CONFIRMED,20.83426731,4.0454,988.4,176.58569
9415172,K00938.01,CONFIRMED,9.94602357,3.3862,994.5,171.70192
9415172,K00938.02,CONFIRMED,1.04562195,1.8955,213.0,133.91912
9415172,K00938.03,CONFIRMED,5.71462396,2.336,297.8,132.63866
9904059,K00145.01,FALSE POSITIVE,102.9641952,15.735,1896.7,158.07473
3231341,K01102.02,CONFIRMED,8.14515981,5.073,446.8,140.56811
3231341,K01102.03,CONFIRMED,18.9985279,4.529,430.7,144.74157
3231341,K01102.04,CONFIRMED,4.24439049,3.282,174.0,137.06643
2860866,K01103.01,CANDIDATE,90.1240507,11.649,3020.3,356.23415
7626506,K00150.02,CONFIRMED,28.5742692,4.9427,824.9,143.8315
10460629,K01168.01,CANDIDATE,856.672115,23.144,858.1,228.44988
10319385,K01169.01,CANDIDATE,0.689210173,1.6169,195.0,133.28584
10482160,K01170.01,CONFIRMED,7.34373964,1.1784,574.4,137.29874
10485069,K01171.01,FALSE POSITIVE,0.445277068,3.539,186.7,133.52312
3233043,K00966.01,FALSE POSITIVE,0.379463865,0.86896,1973.3,170.2480164
6579806,K00967.01,FALSE POSITIVE,9.88047978,2.78458,18541.0,173.608672
3560301,K00968.01,FALSE POSITIVE,4.6484156,38.1939,128.4,261.09395
4044005,K00969.01,FALSE POSITIVE,17.512014768,1.8248,4511.7,174.282592
11502218,K00970.01,CANDIDATE,3.9886021,1.7376,673.5,171.01852
11180361,K00971.01,CANDIDATE,0.533059312,1.8621,1495.8,171.2274419
5802246,K01044.01,FALSE POSITIVE,0.525154153,2.1441,747.5,133.744359
6066403,K01045.01,FALSE POSITIVE,1.303861044,4.0541,598.2,134.212059
6209637,K01046.01,FALSE POSITIVE,0.73452496,6.7,,133.43108
5988031,K01047.01,FALSE POSITIVE,2.55549176,9.083,113.8,134.50078
7684873,K00014.01,FALSE POSITIVE,2.947376671,2.0911,433.2,171.522978
8559644,K00139.01,CONFIRMED,224.7789355,11.1899,3487.5,142.095338
2851100,K01104.01,FALSE POSITIVE,0.890110752,0.8774,321.5,133.2647
3130300,K01105.01,FALSE POSITIVE,5.76573396,2.924,248.0,133.30941
3240158,K01106.01,CONFIRMED,7.42608123,3.6379,443.3,139.90039
3240158,K01106.02,CONFIRMED,15.9868932,4.158,178.5,137.5964
3228959,K01107.01,FALSE POSITIVE,0.73094589,4.32,250.2,133.68876
3218908,K01108.01,CONFIRMED,18.92537246,3.9835,640.9,149.49558
10341913,K01172.01,FALSE POSITIVE,0.933749106,4.256,186.2,134.31831
10480921,K01173.01,FALSE POSITIVE,2.037440623,3.442,118.6,133.59962
10287723,K01174.01,CANDIDATE,129995.7784,9.408,1474.9,393.59962
10350571,K01175.01,CONFIRMED,31.5925809,13.566,145.1,142.9649
10350571,K01175.02,CONFIRMED,17.157236,11.284,110.4,133.68951
3749365,K01176.01,CONFIRMED,1.97376085,1.82542,30222.4,178.6894194
11013201,K00972.01,CONFIRMED,13.118962443,4.3045,372.2,261.539434
11673674,K00133.01,FALSE POSITIVE,4.618767792,5.9957,4399.1,133.386535
11013201,K00972.02,CANDIDATE,7.82187328,3.8417,42.2,123.49907
9414417,K00974.01,CANDIDATE,53.5057611,10.5616,195.6,172.98304
3632418,K00975.01,CONFIRMED,2.785821236,3.5599,68.9,260.83731
3441784,K00976.01,FALSE POSITIVE,52.56901867,6.7507,26900.0,184.971267
5820218,K01048.01,FALSE POSITIVE,3.411758679,3.158,570.6,133.18086
5876368,K01049.01,FALSE POSITIVE,0.525426427,1.0801,324.6,133.187901
5809890,K01050.01,CONFIRMED,1.269091415,1.4647,340.9,133.343682
5809890,K01050.02,CONFIRMED,2.853133997,1.465,277.1,133.79678
6131236,K01051.01,CONFIRMED,6.79685353,3.1702,393.1,138.11324
9048161,K00146.01,FALSE POSITIVE,8.667822346,4.9658,2121.9,137.341841
3218908,K01108.02,CONFIRMED,1.475323222,2.3155,154.9,131.83272
3218908,K01108.03,CONFIRMED,4.15246118,2.5755,223.4,134.57991
3235672,K01109.01,FALSE POSITIVE,6.7210783,7.46,,134.7775984
2837111,K01110.01,CONFIRMED,8.7348852,4.49,270.7,135.0818
3120276,K01111.01,FALSE POSITIVE,10.26547688,3.733,399.6,136.49663
2307199,K00151.01,CANDIDATE,13.4471791,3.0454,1428.2,132.830555
3547091,K01177.01,FALSE POSITIVE,3.305577989,2.5903,17971.0,180.68154
3869825,K01178.01,FALSE POSITIVE,4.800653901,9.0419,15304.4,134.365782
3655332,K01179.01,FALSE POSITIVE,15.06649901,5.9885,36348.0,140.654788
4042026,K01180.01,FALSE POSITIVE,34.82008158,11.1711,18847.8,163.015559
3344419,K01181.01,FALSE POSITIVE,0.651784374,2.0141,2779.3,133.111707
11192141,K00977.01,FALSE POSITIVE,1.353771892,7.012,1349.1,261.43662
11494130,K00978.01,FALSE POSITIVE,18.95491633,24.249,867.5,262.46677
5648449,K00979.01,FALSE POSITIVE,4.348866254,3.2797,625.6,262.72768
12167361,K00980.01,FALSE POSITIVE,47.93094546,2.6897,2144.4,179.096467
8607720,K00981.01,FALSE POSITIVE,3.99751422,3.686,32.8,261.7243
1433962,K00982.01,FALSE POSITIVE,1.592633181,5.5605,633.1,133.9243804
9032900,K00134.01,CONFIRMED,67.5923754,12.249,4158.1,151.75056
5956342,K01052.01,CONFIRMED,17.02902786,4.645,568.9,143.33395
5956342,K01052.02,CONFIRMED,6.84619236,3.529,246.8,132.17265
5956342,K01052.03,CONFIRMED,67.8321638,7.358,507.8,125.881
5956342,K01052.04,CONFIRMED,43.1312147,3.198,447.8,166.26105
5956656,K01053.01,CONFIRMED,1.224866441,1.7086,196.0,133.20824
3109930,K01112.01,CONFIRMED,37.8102649,8.733,570.3,158.35799
2854914,K01113.01,CONFIRMED,25.93406406,4.6142,414.5,149.76273
2854914,K01113.02,CONFIRMED,83.4463485,6.536,503.0,158.68061
3337425,K01114.01,FALSE POSITIVE,7.04710032,2.926,400.9,139.79737
3116412,K01115.01,CONFIRMED,12.99204853,6.0175,270.6,136.32016
3865567,K01182.01,FALSE POSITIVE,11.11620211,4.211,4843.9,133.100575
3544689,K01183.01,FALSE POSITIVE,1.922861499,3.5734,1916.2,134.658644
4037164,K01184.01,FALSE POSITIVE,0.635445336,1.8592,2547.4,134.184037
3443790,K01185.01,FALSE POSITIVE,1.665784138,1.8946,2006.2,133.863028
3966912,K01186.01,FALSE POSITIVE,55.6639167,23.546,3414.4,156.35017
8394721,K00152.01,CONFIRMED,52.09081627,8.6388,2894.1,158.744665
11607193,K00983.01,FALSE POSITIVE,7.1548608,7.694,780.4,266.04847
1161345,K00984.01,CONFIRMED,4.28746668,1.5693,790.1,262.06245
10227501,K00985.01,FALSE POSITIVE,2.002779769,2.231,260.5,261.95791
2854698,K00986.01,CONFIRMED,8.18739443,3.0472,517.6,260.86931
2854698,K00986.02,CONFIRMED,76.0498163,7.158,445.9,161.71445
8559644,K00139.02,CONFIRMED,3.341799486,2.9254,178.2,141.35472
6032981,K01054.01,FALSE POSITIVE,3.3226948,3.568,78.7,134.444
5866099,K01055.01,FALSE POSITIVE,36.97708808,4.737,1269.9,133.62681
5964985,K01056.01,FALSE POSITIVE,1.851409163,10.232,232.5,133.17995
6066416,K01057.01,FALSE POSITIVE,1.303859704,2.8239,36.7,134.21201
1996679,K00147.01,FALSE POSITIVE,145.5624926,5.4126,2931.6,146.0588
2849805,K01116.01,CONFIRMED,3.749105745,1.9826,182.6,135.10837
3114811,K01117.01,CONFIRMED,11.08956602,6.2877,148.1,141.76142
2853446,K01118.01,CANDIDATE,7.37290344,2.172,205.2,137.60991
3003992,K01119.01,FALSE POSITIVE,7.24476126,2.3145,58.0,139.10497
3942446,K01193.01,CANDIDATE,119.0624882,3.1188,5372.3,149.22223
3554031,K01194.01,CONFIRMED,8.70798309,2.4904,1419.6,363.05638
3554031,K01194.02,CANDIDATE,14.8623076,3.161,840.0,354.57297
3554031,K01194.03,CONFIRMED,4.17634276,2.335,531.5,352.99674
8394721,K00152.02,CONFIRMED,27.40229859,6.8491,747.5,133.6284
7295235,K00987.01,CONFIRMED,3.179267286,1.0246,200.9,261.841607
2302548,K00988.01,CONFIRMED,10.38122447,2.715,801.5,268.02421
2302548,K00988.02,CONFIRMED,24.5709023,3.587,764.2,135.87209
10743597,K00989.01,FALSE POSITIVE,81.221876,4.1135,9883.0,184.26164
10743597,K00989.02,FALSE POSITIVE,0.817026268,2.0799,1145.5,132.835239
9818381,K00135.01,CONFIRMED,3.024092505,2.8021,7765.0,132.4168573
6124941,K01058.01,FALSE POSITIVE,5.670155713,0.9361,536.7,136.201739
6060203,K01059.01,CONFIRMED,1.022678654,1.3712,129.2,133.45422
5880320,K01060.01,CONFIRMED,12.10968709,6.3461,284.7,140.21258
5880320,K01060.02,CONFIRMED,4.75796103,4.66,124.5,137.69636
5880320,K01060.03,CONFIRMED,20.4972755,8.536,242.9,147.43894
3003992,K01119.02,FALSE POSITIVE,13.55480534,2.288,48.3,139.81609
6307537,K01120.01,FALSE POSITIVE,29.74454668,23.2842,66894.0,172.386652
6359798,K01121.01,FALSE POSITIVE,14.15402428,4.47001,61625.1,140.698466
6311681,K01122.01,FALSE POSITIVE,0.844786082,3.5289,2468.5,134.216987
6365321,K01123.01,FALSE POSITIVE,0.848483947,1.4451,1907.4,133.585301
6301035,K01124.01,FALSE POSITIVE,11.99097576,5.7401,2124.3,143.28437
3859079,K01199.01,CONFIRMED,53.5292702,5.668,1086.1,147.86464
3557493,K01200.01,FALSE POSITIVE,0.393726813,2.95,564.6,133.310396
4061149,K01201.01,CONFIRMED,2.757584622,0.9267,563.1,133.05017
3444588,K01202.01,CONFIRMED,0.928310036,1.1899,376.2,133.80358
8394721,K00152.03,CONFIRMED,13.48457668,5.0197,653.5,136.61808
3962243,K01203.01,CONFIRMED,31.8841473,6.122,910.0,160.20696
10743597,K00989.03,CANDIDATE,16.15811112,6.049,2319.8,143.00233
10015516,K00990.01,FALSE POSITIVE,67.69213907,51.349,25457.2,138.534171
10154388,K00991.01,CONFIRMED,12.06222962,2.0584,300.2,138.22229
1432789,K00992.01,CONFIRMED,9.93146307,5.678,398.6,136.49128
1718189,K00993.01,CONFIRMED,21.85362905,3.439,355.6,144.32031
5880320,K01060.04,CONFIRMED,8.19345065,5.234,115.4,138.99617
5130369,K00140.01,FALSE POSITIVE,19.97867,10.168,944.3,137.17061
6037187,K01061.01,CONFIRMED,41.8059544,6.057,434.4,142.81919
6147122,K01062.01,FALSE POSITIVE,15.45158184,2.406,85.3,142.21096
8257407,K01063.01,FALSE POSITIVE,89.698168533,5.5418,273106.0,176.3060152
8218274,K01064.01,FALSE POSITIVE,1.187352427,4.999,20703.0,133.465454
3964562,K00015.01,FALSE POSITIVE,3.012476582,3.1424,1138.5,135.259271
5735762,K00148.01,CONFIRMED,4.77800306,2.7361,473.0,124.061465
6292162,K01125.01,FALSE POSITIVE,7.814839231,3.0122,2010.3,357.519981
6307521,K01126.01,FALSE POSITIVE,29.7452499,22.695,778.9,157.38519
6359320,K01127.01,CONFIRMED,5.32667299,3.4045,611.4,357.12617
3848972,K01187.01,FALSE POSITIVE,0.741057213,1.05299,1996.3,131.947273
3860441,K01188.01,FALSE POSITIVE,2.988085455,3.68,802.8,133.27252
3765771,K01189.01,FALSE POSITIVE,2.783883492,2.4546,903.9,133.227846
3557341,K01190.01,FALSE POSITIVE,0.393727296,3.02,903.5,178.587454
3859628,K01191.01,CONFIRMED,8.17242644,3.902,864.3,361.20157
3644071,K01192.01,CANDIDATE,1295.362215,28.297,8708.0,176.10646
1718189,K00993.02,CONFIRMED,13.0607936,3.215,236.6,137.63148
1431122,K00994.01,CANDIDATE,4.2989201,2.747,237.6,132.86187
3858949,K00995.01,FALSE POSITIVE,25.9518461,14.581,1058.5,154.88212
3858824,K00996.01,FALSE POSITIVE,25.9518536,14.755,2017.9,154.88278
2157247,K00997.01,FALSE POSITIVE,5.68628739,17.573,5559.7,135.89269
7601633,K00136.01,FALSE POSITIVE,15.663886949,2.4775,5144.4,147.395712
8242681,K01065.01,FALSE POSITIVE,4.020628573,4.4085,20901.0,133.638478
8260218,K01066.01,CANDIDATE,5.714817603,3.14126,12294.8,355.00831
8246781,K01067.01,FALSE POSITIVE,185.02288222,4.87326,43546.7,273.185533
8264070,K01068.01,FALSE POSITIVE,2.897432135,3.1793,1223.7,450.75739
8222813,K01069.01,CONFIRMED,8.70420525,2.9385,1074.9,357.55941
6359320,K01127.02,CONFIRMED,8.1280933,3.727,224.1,358.68367
6359320,K01127.03,CANDIDATE,2.83668931,3.031,166.1,353.81531
6362874,K01128.01,CONFIRMED,0.974868896,1.6191,197.6,133.076265
6272413,K01129.01,CONFIRMED,4.89721006,1.812,274.4,133.39852
8279765,K01130.01,FALSE POSITIVE,2.757794163,2.7644,39043.0,135.232863
8330548,K01132.01,FALSE POSITIVE,1.914158508,3.2917,7829.2,134.644919
3348082,K01196.01,FALSE POSITIVE,3.98216698,2.396,381.3,135.52749
3853673,K01197.01,FALSE POSITIVE,0.643794198,1.5662,456.7,133.984483
3447722,K01198.01,CONFIRMED,16.08832318,5.731,597.8,139.49184
3447722,K01198.02,CONFIRMED,10.30067919,4.885,271.8,142.74251
3447722,K01198.03,CONFIRMED,35.6757453,7.381,471.2,145.00717
3447722,K01198.04,CANDIDATE,1.00861677,0.91,,132.109479
1432214,K00998.01,FALSE POSITIVE,161.78832712,5.31,87750.0,214.039
2165002,K00999.01,CONFIRMED,16.56806842,4.2647,1331.4,146.15285
2165002,K00999.02,CONFIRMED,47.3329299,2.708,931.5,151.41614
2441728,K01000.01,FALSE POSITIVE,0.856895349,1.3078,82.2,133.67521
1871056,K01001.01,CONFIRMED,40.8065333,13.135,313.9,155.71586
8222813,K01069.02,CONFIRMED,2.46697039,1.6345,308.7,354.93093
12105051,K00141.01,CANDIDATE,2.624234833,1.3874,2607.0,132.304988
8240904,K01070.01,CONFIRMED,6.61836309,3.6813,549.1,360.36694
8240904,K01070.02,CONFIRMED,107.7214092,8.042,1396.2,354.19522
8240904,K01070.03,CANDIDATE,92.77779,6.64,359.0,367.6112
8374494,K01133.01,FALSE POSITIVE,5.251916208,4.9095,10624.3,357.321883
5735762,K00148.02,CONFIRMED,9.673958488,3.2641,952.7,125.339418
8414907,K01134.01,FALSE POSITIVE,100.3039228,8.702,5450.0,277.0607
8414907,K01134.02,FALSE POSITIVE,200.61103346,7.13,,456.84444
8397446,K01135.01,FALSE POSITIVE,0.986620248,3.9722,1345.8,448.5959
8386035,K01136.01,FALSE POSITIVE,1.63484631,6.11,,134.512115
3962243,K01203.02,CONFIRMED,14.12847677,3.685,628.7,142.8971
3962243,K01203.03,CONFIRMED,48.6478543,5.464,641.8,172.1271
3438507,K01204.01,CONFIRMED,8.39842977,6.344,340.1,136.31152
3869014,K01205.01,CONFIRMED,8.63847391,5.4566,395.9,139.94684
3756801,K01206.01,CANDIDATE,422.917678,31.274,1367.7,448.49648
1871056,K01001.02,CONFIRMED,140.10765,18.503,266.8,216.21749
1865042,K01002.01,CONFIRMED,3.4815917,1.8069,135.2,132.98828
2438502,K01003.01,FALSE POSITIVE,8.360616221,7.5385,28066.3,172.264978
2309585,K01004.01,FALSE POSITIVE,1.838514968,2.7391,2721.7,352.72266
5780460,K01005.01,CONFIRMED,35.61760233,8.4559,4634.9,197.03573
8244190,K01071.01,FALSE POSITIVE,1.09206833,1.8596,219.2,133.19403
8229696,K01072.01,CONFIRMED,10.12805158,3.517,477.4,139.1159
8262210,K01073.01,FALSE POSITIVE,1.613001111,2.394,104.1,178.52846
10272640,K01074.01,CONFIRMED,3.770551475,3.8077,12440.0,357.11836
10232123,K01075.01,FALSE POSITIVE,1.343767797,1.9405,4702.6,133.275862
10223616,K01076.01,FALSE POSITIVE,29.12436474,3.4209,6496.0,142.16154
8415745,K01138.01,FALSE POSITIVE,31.82814583,2.917,4456.8,366.704854
8378634,K01139.01,FALSE POSITIVE,3.629442796,5.63,426.6,134.70066
8397675,K01140.01,FALSE POSITIVE,0.553261874,0.8875,1038.1,133.446605
8346392,K01141.01,CONFIRMED,5.72812616,2.0295,643.4,135.18066
8288947,K01142.01,CONFIRMED,3.75574267,2.2911,417.4,133.4333
8312852,K01143.01,FALSE POSITIVE,7.44042933,2.991,547.3,134.76331
9480189,K00941.01,CONFIRMED,6.581477136,3.0896,2318.9,174.787814
11974540,K00129.01,CONFIRMED,24.669192732,7.03515,7382.3,132.864236
9480189,K00941.02,CONFIRMED,2.382652873,1.8888,705.4,170.66626
9480189,K00941.03,CONFIRMED,24.66461416,2.8579,2398.8,189.02031
9512687,K00942.01,CONFIRMED,11.51517167,2.006,1357.4,174.85855
8644288,K00137.01,CONFIRMED,7.641567589,3.41018,2269.7,135.407564
5738346,K01006.01,FALSE POSITIVE,30.6113932,3.576,3472.0,374.6216
1725016,K01007.01,CONFIRMED,7.40742502,3.675,442.0,355.49652
1722276,K01008.01,FALSE POSITIVE,569.934135,4.1904,18904.0,248.94045
892772,K01009.01,FALSE POSITIVE,5.09246539,3.659,254.0,357.53594
1027438,K01010.01,FALSE POSITIVE,110.61576622,5.0,,145.83537
10268907,K01077.01,FALSE POSITIVE,1.103971357,0.926,317.9,354.58216
5446285,K00142.01,CONFIRMED,10.916108342,3.6496,1479.0,133.009227
10166274,K01078.01,CONFIRMED,3.353732008,1.4598,1264.7,134.869597
10166274,K01078.02,CONFIRMED,6.877446033,1.3692,1632.3,132.08426
10166274,K01078.03,CONFIRMED,28.46464804,2.6657,1629.8,158.03986
10153827,K01079.01,FALSE POSITIVE,0.293630085,2.3857,2017.7,133.584241
5735762,K00148.03,CONFIRMED,42.89645024,5.6897,555.3,146.0613
8302450,K01144.01,FALSE POSITIVE,2.44199803,2.759,251.7,134.57095
8313667,K01145.01,CANDIDATE,30.5872153,5.3698,464.8,162.8842
8351704,K01146.01,CONFIRMED,7.09712124,2.1059,369.5,136.34514
8299955,K01147.01,FALSE POSITIVE,2.6827683,2.957,79.8,134.25535
9513865,K00943.01,CONFIRMED,3.601465336,2.2753,777.7,171.99184
9595686,K00944.01,FALSE POSITIVE,3.108251172,2.5048,1867.7,170.244566
9605514,K00945.01,CONFIRMED,25.8474958,5.985,537.4,188.874
9605514,K00945.02,CONFIRMED,40.715561,6.894,680.9,146.36485
9661877,K00946.01,FALSE POSITIVE,20.42720701,3.447,1273.0,176.71737
5728283,K01011.01,FALSE POSITIVE,6.198273591,7.53837,47302.6,183.3731434
8127639,K01012.01,FALSE POSITIVE,1.023471798,2.3499,861.4,354.8182
6047498,K01013.01,FALSE POSITIVE,0.51872711,1.252,714.1,133.676312
8125580,K01014.01,CONFIRMED,17.31711739,3.1518,1473.0,142.36094
8158127,K01015.01,CONFIRMED,9.42889884,4.4481,565.4,140.1046
10158990,K01080.01,FALSE POSITIVE,1.096583368,2.1188,308.5,133.61436
10149023,K01081.01,CANDIDATE,9.95639775,5.615,510.5,134.29186
10141900,K01082.01,CONFIRMED,6.50327035,2.591,418.3,135.26657
10141900,K01082.02,CONFIRMED,4.09667624,2.19,302.3,133.09833
10141900,K01082.03,CONFIRMED,1.196548464,1.2592,224.6,132.53363
8410727,K01148.01,CONFIRMED,11.47609015,5.046,182.3,135.39622
8410727,K01148.02,CONFIRMED,25.2630467,6.22,125.5,134.18397
8349405,K01149.01,FALSE POSITIVE,7.1688266,1.29,,136.23827
8278371,K01150.01,CONFIRMED,0.677374687,1.8361,76.7,133.94573
8280511,K01151.01,CONFIRMED,10.43547031,3.4167,210.2,134.82462
8280511,K01151.02,CONFIRMED,7.41084314,3.245,124.1,135.75425
9710326,K00947.01,CONFIRMED,28.59914031,3.6567,1585.1,189.92667
9761882,K00948.01,CONFIRMED,24.58716355,3.984,907.5,173.70572
5297298,K00130.01,FALSE POSITIVE,34.193600311,5.41382,13714.8,155.2966351
9766437,K00949.01,CONFIRMED,12.53248222,4.0168,1145.9,170.76535
9772531,K00950.01,CANDIDATE,31.201692472,2.15663,34513.7,183.4076137
9775938,K00951.01,CONFIRMED,13.19720694,3.4872,2141.4,171.545479
8644288,K00137.02,CONFIRMED,14.85890852,3.5252,3269.0,128.154869
8158127,K01015.02,CONFIRMED,4.08897299,3.585,157.9,135.76402
8176653,K01016.01,FALSE POSITIVE,2.866680334,1.1264,712.4,134.066374
8174625,K01017.01,CONFIRMED,17.44486016,4.445,826.9,141.6802
8183911,K01018.01,FALSE POSITIVE,8.30697421,2.76,158.7,137.08254
8179973,K01019.01,FALSE POSITIVE,2.49705175,3.79,,135.3072596
10157458,K01083.01,CONFIRMED,7.33685101,3.548,325.8,138.5829
4649305,K00143.01,FALSE POSITIVE,22.65117451,3.6895,2250.0,140.337593
10148521,K01084.01,FALSE POSITIVE,1.204274435,1.3362,185.8,134.05838
10118816,K01085.01,CONFIRMED,7.71790675,1.84,306.8,139.15725
10122255,K01086.01,CONFIRMED,27.6652847,6.633,469.2,144.8714
3124412,K01087.01,FALSE POSITIVE,0.948950734,4.0245,2133.0,134.368152
3835670,K00149.01,CONFIRMED,14.55730897,7.7643,956.9,145.095012
10287248,K01152.01,FALSE POSITIVE,4.722254104,3.451,82670.0,178.243313
10351767,K01153.01,FALSE POSITIVE,0.635069939,2.07171,33117.3,134.0209283
10295951,K01154.01,CANDIDATE,6.810823723,7.98574,14446.8,136.04667
10342041,K01155.01,FALSE POSITIVE,0.933746515,6.6522,2936.6,133.387415
10514770,K01156.01,FALSE POSITIVE,1.872421727,1.5261,3018.9,134.366162
9775938,K00951.02,CONFIRMED,33.6528474,3.9616,1140.8,147.8025
9787239,K00952.01,CONFIRMED,5.90127815,2.1979,1525.2,171.40674
9787239,K00952.02,CONFIRMED,8.75209691,2.3742,1367.6,170.63671
9787239,K00952.03,CONFIRMED,22.78078241,3.3002,1925.1,155.20408
9787239,K00952.04,CONFIRMED,2.896005211,1.6776,614.1,133.61228
9787239,K00952.05,CONFIRMED,0.742957911,0.6688,843.3,133.27936
2309719,K01020.01,FALSE POSITIVE,54.35635067,6.4345,10510.4,164.070221
2558363,K01021.01,FALSE POSITIVE,0.54624855,2.0543,639.7,178.5614
2716853,K01022.01,CONFIRMED,18.82744023,4.664,1006.2,196.19088
2445154,K01023.01,FALSE POSITIVE,8.4120069,3.923,819.6,139.64745
2715135,K01024.01,CONFIRMED,5.747711909,1.8923,820.1,133.29939
8644288,K00137.03,CONFIRMED,3.504691252,1.9811,315.1,133.511941
3113266,K01088.01,FALSE POSITIVE,0.995861402,1.1507,4993.8,132.346819
3247268,K01089.01,CONFIRMED,86.67856052,10.1289,8244.1,175.597013
3247268,K01089.02,CONFIRMED,12.21828097,2.6969,1843.4,140.321095
3232859,K01090.01,FALSE POSITIVE,8.387210055,1.6477,4952.0,138.903759
3098184,K01091.01,FALSE POSITIVE,15.2384539,19.292,7019.0,369.56902
2720309,K01092.01,FALSE POSITIVE,0.413334492,2.3808,2025.1,133.212225
10342065,K01157.01,FALSE POSITIVE,0.93374614,6.551,1717.5,133.388153
10352945,K01158.01,FALSE POSITIVE,6.47179275,6.788,402.5,356.38477
10354039,K01159.01,CONFIRMED,64.617518,5.796,2486.6,166.14425
10330115,K01160.01,CONFIRMED,13.21409607,3.5641,1154.8,140.58492
10426656,K01161.01,CONFIRMED,6.05729966,3.7419,385.2,135.92756
9820483,K00953.01,CONFIRMED,3.584101048,2.7316,2608.1,170.427829
9941662,K00013.01,CONFIRMED,1.763587535,3.16877,4590.6,120.5659254
7778437,K00131.01,CONFIRMED,5.014234733,4.589,6536.0,133.174289
9823457,K00954.01,CONFIRMED,8.11528727,3.211,834.9,174.52257
9823457,K00954.02,CONFIRMED,36.9250409,4.9381,902.0,174.22246
2574201,K01025.01,FALSE POSITIVE,37.4783492,5.317,1467.9,157.31713
2166206,K01028.01,FALSE POSITIVE,8.09695764,3.319,283.5,140.74216
2164169,K01029.01,CONFIRMED,32.3122867,6.569,677.8,133.867
2574338,K01030.01,CONFIRMED,9.22961384,2.235,492.1,138.43961
2584163,K01031.01,CONFIRMED,14.5598556,5.624,290.6,135.95038
4180280,K00144.01,CONFIRMED,4.176254191,3.6716,1360.1,133.090415
3239636,K01093.01,FALSE POSITIVE,0.528755447,5.714,408.5,133.38227
2721030,K01094.01,CONFIRMED,6.10027621,4.7476,766.6,135.58656
3329204,K01095.01,CANDIDATE,51.59809554,2.0153,5869.2,203.979914
3230491,K01096.01,CANDIDATE,1500.0,7.109,9592.0,315.33083
3340070,K01097.01,FALSE POSITIVE,10.9110487,7.033,401.9,142.52714
7626506,K00150.01,CONFIRMED,8.408878137,3.4967,798.9,134.006366
10426656,K01161.02,CONFIRMED,10.93725572,3.0822,421.6,136.98549
10426656,K01161.03,CONFIRMED,2.97136658,2.716,233.3,134.38662
10528068,K01162.01,CONFIRMED,158.6850022,11.5372,898.3,173.94993
10468940,K01163.01,CONFIRMED,2.936527336,1.771,352.3,135.71829
9825625,K00955.01,CONFIRMED,7.03902016,3.8633,529.8,175.73059
9875711,K00956.01,CONFIRMED,8.360870704,2.7144,2039.7,175.64459
7661409,K00957.01,FALSE POSITIVE,3.14051153,8.2806,1444.4,178.4691
1026957,K00958.01,CONFIRMED,21.76129812,1.243,1300.7,166.540438
10002261,K00959.01,FALSE POSITIVE,12.713794177,2.44093,36718.7,175.0725677
8176650,K00960.01,FALSE POSITIVE,15.801100028,6.37505,37545.0,177.1533515
2162635,K01032.01,CANDIDATE,1500.1406772,25.727,4129.9,176.08226
5899544,K01034.01,FALSE POSITIVE,1.739428983,2.4894,5897.4,354.889074
5963222,K01035.01,FALSE POSITIVE,1.217266418,3.3208,5811.5,133.328666
5982353,K01036.01,FALSE POSITIVE,19.563092517,6.9547,12992.2,134.3548284
6205468,K01037.01,FALSE POSITIVE,3.7228551,12.8164,2969.2,179.30315
8506766,K00138.01,FALSE POSITIVE,48.93786896,6.5868,7240.1,140.76639
3240706,K01098.01,FALSE POSITIVE,5.48990788,4.02,598.9,134.10438
2853093,K01099.01,CONFIRMED,161.5278347,3.6734,4653.6,198.00137
3228824,K01100.01,FALSE POSITIVE,0.73093905,2.8437,451.1,355.90306
3245969,K01101.01,CONFIRMED,11.39102358,2.303,448.6,137.70864
3231341,K01102.01,CONFIRMED,12.33343853,6.221,536.4,137.58782
10468940,K01163.02,CONFIRMED,8.01500821,3.0137,363.0,134.8277
10341831,K01164.01,FALSE POSITIVE,0.933749941,6.606,415.3,133.38422
10337517,K01165.01,CONFIRMED,7.053934488,1.7244,511.5,136.357253
10337517,K01165.02,CONFIRMED,4.29263699,2.7,61.4,134.80018
10351231,K01166.01,CONFIRMED,7.6746614,1.9374,503.0,133.22431
10485179,K01167.01,FALSE POSITIVE,0.445275074,2.276,254.7,133.971372
8561063,K00961.01,CONFIRMED,1.213770423,0.5532,1821.0,170.483645
8561063,K00961.02,CONFIRMED,0.453287416,0.4445,1461.5,133.869741
8892910,K00132.01,FALSE POSITIVE,10.810132734,4.4618,6165.2,132.95157
8561063,K00961.03,CONFIRMED,1.865114193,0.4279,1124.8,133.792344
10657664,K00964.01,FALSE POSITIVE,3.273699006,3.07626,6862.8,171.2385098
3337351,K00965.01,FALSE POSITIVE,7.047103499,3.3208,71318.0,175.03337
6153201,K01038.01,FALSE POSITIVE,0.530300102,2.8502,3040.0,354.985736
5802486,K01039.01,FALSE POSITIVE,1.073917869,2.4305,1926.6,177.924088
5817553,K01040.01,FALSE POSITIVE,4.206096814,10.7381,1298.1,136.44854
5982368,K01041.01,FALSE POSITIVE,19.56313723,6.8575,5536.0,369.11182
5816811,K01042.01,FALSE POSITIVE,2.227718792,4.9699,1039.0,134.452638
5816165,K01043.01,FALSE POSITIVE,0.591914504,1.0225,1057.7,355.353791
7102227,K01360.01,CONFIRMED,36.7704935,4.42,1346.6,164.29112
7102227,K01360.02,CONFIRMED,14.58932429,2.4184,831.3,141.93498
7102227,K01360.03,CONFIRMED,0.764017553,1.103,128.2,132.2214
6960913,K01361.01,CONFIRMED,59.8780258,4.8027,1419.1,151.1847
6837146,K01362.01,CANDIDATE,20.51360192,3.4769,1174.1,357.49424
11122894,K01426.02,CONFIRMED,74.92768653,4.74,4119.2,124.99266
11122894,K01426.03,CONFIRMED,150.0189511,4.3823,4319.7,224.685714
11129738,K01427.01,CONFIRMED,2.613020421,1.9588,599.7,133.11283
11401182,K01428.01,CONFIRMED,0.927859786,1.4279,515.3,133.905978
11030711,K01429.01,CONFIRMED,205.912735,9.992,2378.8,252.74129
11512246,K00168.03,CONFIRMED,7.10695741,5.1462,131.0,138.32271
6607286,K01239.01,CANDIDATE,0.783276173,1.6735,264.7,355.94865
6607286,K01239.02,CANDIDATE,3.17405898,2.3156,282.2,357.05776
6690082,K01240.01,CONFIRMED,2.1395563,2.0678,266.1,133.65392
6690082,K01240.02,CONFIRMED,4.807103254,0.9393,450.5,134.640371
6448890,K01241.01,CONFIRMED,21.4054422,11.721,409.3,147.08981
6448890,K01241.02,CONFIRMED,10.5007712,14.522,183.4,135.6479
10730034,K01305.01,CONFIRMED,2.633852528,2.0206,259.8,134.56431
10730034,K01305.02,CONFIRMED,6.18670882,2.909,202.6,136.63308
10858691,K01306.01,CONFIRMED,1.796320953,1.9139,210.9,133.33662
10858691,K01306.02,CONFIRMED,3.468073,2.361,243.9,136.00831
10858691,K01306.03,CONFIRMED,5.9142668,2.661,253.2,133.49193
8107380,K00162.01,CONFIRMED,14.00640392,4.6919,716.4,142.20885
6936909,K01363.01,CONFIRMED,3.546531809,2.2746,442.7,134.90127
6936909,K01363.02,CONFIRMED,5.70070626,1.6408,379.8,132.69229
6962977,K01364.01,CONFIRMED,20.8341497,4.522,803.1,186.03921
6962977,K01364.02,CONFIRMED,7.0556584,3.0479,705.6,181.91205
11176127,K01430.01,CONFIRMED,10.47548084,2.3024,1070.7,152.64165
11176127,K01430.02,CONFIRMED,22.92886314,2.0831,908.9,143.86271
11176127,K01430.03,CONFIRMED,77.4740991,4.168,1543.6,184.24533
11075279,K01431.01,CANDIDATE,345.1589354,7.5646,5087.9,318.307719
11014932,K01432.01,CONFIRMED,6.88595222,4.148,428.5,138.40761
6607447,K01242.01,CANDIDATE,99.6442783,5.1772,3215.6,283.236289
6677256,K01243.01,FALSE POSITIVE,3.125814002,1.7895,238.8,356.41184
8030148,K00155.01,CONFIRMED,5.660669429,4.6483,737.8,137.416045
6692833,K01244.01,FALSE POSITIVE,10.80487163,2.7215,292.7,134.09498
6693640,K01245.01,CONFIRMED,13.71938426,5.5677,316.4,140.74483
10858691,K01306.04,CONFIRMED,29.2214959,4.014,394.0,139.32807
10973814,K01307.01,CONFIRMED,44.8520997,3.5729,780.8,172.46196
10973814,K01307.02,CONFIRMED,20.34237838,2.3351,564.6,137.6952
6541920,K00157.05,CONFIRMED,118.3786735,9.5574,1083.3,287.28744
10586208,K01308.01,CONFIRMED,23.58444746,5.5545,429.2,145.95798
6962977,K01364.03,CONFIRMED,11.97884409,3.751,707.9,178.96957
6962977,K01364.04,CONFIRMED,3.71545593,2.558,331.7,169.78318
6962977,K01364.05,CONFIRMED,2.58083264,2.1729,270.2,171.56048
7174351,K01365.01,FALSE POSITIVE,1.487084251,1.3233,295.7,133.97746
6932987,K01366.01,CONFIRMED,19.25404023,4.6509,987.7,164.78424
11014932,K01432.02,CONFIRMED,15.0549356,4.801,256.4,144.575
11014932,K01432.03,CONFIRMED,2.92721119,2.545,170.2,133.82725
11014932,K01432.04,CONFIRMED,38.2856338,6.512,322.8,143.2984
11288505,K01433.01,CONFIRMED,19.80787763,3.453,616.3,139.37983
11493431,K01434.01,CONFIRMED,2.343230566,2.0424,246.5,133.20732
6441738,K01246.01,CANDIDATE,19.03723442,3.3882,401.3,148.55057
8801343,K01247.01,FALSE POSITIVE,2.73987398,4.15886,20632.2,134.5503077
8488878,K01248.01,FALSE POSITIVE,5.801880653,4.2608,41924.0,357.453464
8560285,K01249.01,FALSE POSITIVE,85.34092607,10.6141,51746.2,386.211642
8620565,K01250.01,FALSE POSITIVE,0.782045734,1.7945,16185.0,134.0214
8616873,K01251.01,CANDIDATE,0.576078683,1.63253,10084.8,134.107265
10854768,K01309.01,CONFIRMED,10.1171684,4.6677,288.7,137.44489
10964440,K01310.01,CONFIRMED,19.12947603,3.9622,451.2,139.4353
10713616,K01311.01,CONFIRMED,83.5781976,7.2487,630.8,202.45865
10963242,K01312.01,CONFIRMED,6.1469956,3.3153,249.6,135.07385
10785538,K01313.01,FALSE POSITIVE,0.522457732,0.8907,143.8,133.751976
6932987,K01366.02,CONFIRMED,54.1558384,4.432,1109.8,172.36559
8191672,K00018.01,CONFIRMED,3.548465446,4.56904,7251.5,122.9014315
6851425,K00163.01,CONFIRMED,11.1199028,3.3759,636.3,139.753524
6934291,K01367.01,CONFIRMED,0.567856484,1.0258,334.8,134.063088
7357531,K01368.01,FALSE POSITIVE,251.0597249,5.1095,7419.8,230.027745
6185711,K00169.01,FALSE POSITIVE,11.70219638,2.6658,639.7,151.13414
11037335,K01435.01,CONFIRMED,40.7150498,8.587,563.9,146.56647
11037335,K01435.02,CONFIRMED,10.44635944,2.749,354.2,133.27821
11389771,K01436.01,CONFIRMED,2.508553286,2.2664,211.6,135.0112
11389771,K01436.02,CONFIRMED,13.75129636,3.853,348.5,144.61389
8737796,K01252.01,FALSE POSITIVE,0.885747456,4.4788,895.2,134.486834
8462258,K01253.01,FALSE POSITIVE,3.611541977,8.6068,2972.3,357.25064
10925104,K00156.01,CONFIRMED,8.041347775,2.6332,591.0,143.038292
8454250,K01254.01,FALSE POSITIVE,5.082722475,5.9139,1974.1,137.26075
8494263,K01255.01,CANDIDATE,78.9257421,7.5193,17972.0,429.37454
8848271,K01256.01,FALSE POSITIVE,9.991625291,3.8552,3450.5,137.447816
10585852,K01314.01,CONFIRMED,8.57504983,8.653,160.6,140.14063
10928043,K01315.01,CANDIDATE,6.84639884,3.4919,149.7,133.76181
10794087,K01316.01,CONFIRMED,7.64970832,6.625,55.4,138.33113
10794087,K01316.02,CANDIDATE,12.37679312,3.85,,143.3787176
6541920,K00157.06,CONFIRMED,10.30401132,4.2246,316.1,138.50377
4275739,K01317.01,FALSE POSITIVE,2.171827838,3.2205,42086.0,355.083686
7287415,K01369.01,CONFIRMED,3.016182013,2.8349,222.5,133.88395
6924203,K01370.01,CONFIRMED,6.8833761,2.2702,458.4,135.26522
6878167,K01371.01,FALSE POSITIVE,0.833980196,1.756,261.2,133.68304
6880531,K01372.01,FALSE POSITIVE,69.62754202,11.07,,176.3098622
6863839,K01373.01,FALSE POSITIVE,1.926353494,2.5305,185.1,133.68077
7296086,K01374.01,FALSE POSITIVE,0.890737359,1.9257,195.8,134.56707
11389771,K01436.03,CONFIRMED,5.41908491,2.3379,231.0,131.6422
11599038,K01437.01,CONFIRMED,7.01733571,3.567,255.5,133.90592
11193263,K01438.01,CONFIRMED,6.91134223,5.6743,201.7,136.64878
11027624,K01439.01,CONFIRMED,394.6249514,24.108,2013.3,177.84534
11032227,K01440.01,CONFIRMED,7.19304935,3.407,255.3,136.05065
8751933,K01257.01,CONFIRMED,86.64764448,4.2326,7311.6,173.794641
8630788,K01258.01,CONFIRMED,36.33750453,7.06,2828.4,160.39806
8630788,K01258.02,CONFIRMED,14.64613058,5.688,593.5,136.5227
8630788,K01258.03,CONFIRMED,148.272013,4.192,1707.4,138.00557
8823426,K01259.01,FALSE POSITIVE,1.506507172,4.5346,880.9,178.18515
4070376,K01318.01,FALSE POSITIVE,1.634614356,3.4422,19761.5,133.96855
4078157,K01319.01,FALSE POSITIVE,16.025018977,3.8828,29090.0,367.693328
4164994,K01320.01,CONFIRMED,10.50682978,3.7769,13355.5,360.082152
4480676,K01321.01,FALSE POSITIVE,0.711966971,2.0221,6227.5,134.223486
4079535,K01322.01,FALSE POSITIVE,17.72724392,4.1073,16878.0,356.795528
6766634,K01375.01,CONFIRMED,321.2124365,4.012,2358.6,206.930556
6774826,K01376.01,FALSE POSITIVE,7.13895376,4.568,254.2,184.24569
5652237,K00164.01,FALSE POSITIVE,4.4645454,2.8823,194.3,132.31538
7211469,K01377.01,CONFIRMED,11.29689442,4.623,198.5,134.57233
7375795,K01378.01,FALSE POSITIVE,19.30112039,6.0752,232.3,133.35614
7255336,K00019.01,FALSE POSITIVE,1.20320092,1.9197,2807.1,133.929836
7831264,K00171.01,CONFIRMED,5.968724048,3.651,510.6,137.158607
7802136,K01449.01,FALSE POSITIVE,10.980246199,3.74464,50078.0,137.1376073
7532973,K01450.01,CONFIRMED,2.144632238,6.2701,19836.9,133.984128
9632895,K01451.01,FALSE POSITIVE,27.32204488,5.6716,77474.5,159.7472774
7449844,K01452.01,FALSE POSITIVE,1.152216965,2.2245,12072.0,133.277861
8766222,K01260.01,FALSE POSITIVE,5.2972293,3.799,1210.5,177.95111
8678594,K01261.01,CONFIRMED,133.460999,11.4997,5032.9,216.04334
10925104,K00156.02,CONFIRMED,5.188563677,2.3683,358.7,145.362252
8678594,K01261.02,CONFIRMED,15.19423359,3.106,367.8,142.73422
8703884,K01262.01,FALSE POSITIVE,14.17098745,3.4804,3070.8,359.82956
8560840,K01263.01,FALSE POSITIVE,31.9734169,13.262,1414.4,133.86598
4076098,K01323.01,CONFIRMED,3.990105908,2.4108,6154.9,355.840837
4551328,K01324.01,FALSE POSITIVE,0.52205862,2.0847,1381.3,133.138446
4282872,K01325.01,CONFIRMED,10.035381809,3.4062,2829.7,137.471481
4639868,K01326.01,FALSE POSITIVE,53.100942624,2.2868,19981.1,135.9717179
10555375,K00158.01,FALSE POSITIVE,5.80181368,4.119,269.6,137.57807
4372768,K01327.01,FALSE POSITIVE,15.6402515,6.222,800.3,359.07991
7375795,K01378.02,FALSE POSITIVE,0.691666384,1.9603,35.6,135.94927
7211221,K01379.01,CONFIRMED,5.62154315,2.4143,172.3,136.89013
7025526,K01380.01,FALSE POSITIVE,1.074106954,1.9797,64.5,133.84323
9451127,K01381.01,FALSE POSITIVE,5.117401517,4.3056,62929.0,134.586518
9446824,K01382.01,FALSE POSITIVE,4.20233673,3.6973,45982.0,179.533899
11356260,K01441.01,CONFIRMED,8.50698069,2.938,295.5,134.64421
11044770,K00170.01,FALSE POSITIVE,15.60865244,6.26,311.4,144.29934
11600889,K01442.01,CONFIRMED,0.669310092,1.6274,131.8,134.131388
11197126,K01443.01,FALSE POSITIVE,4.494498254,1.9742,248.2,134.77583
11043167,K01444.01,CONFIRMED,44.9306706,6.539,438.4,140.2077
8612847,K01264.01,CONFIRMED,14.13175309,4.0136,1033.0,142.26044
8552583,K01265.01,FALSE POSITIVE,1.061934816,3.2551,437.2,133.84801
8547140,K01266.01,CONFIRMED,11.41926141,3.9908,915.6,137.66894
8519253,K01267.01,FALSE POSITIVE,5.93821065,2.5128,522.5,136.52839
8813698,K01268.01,CANDIDATE,268.9410974,5.4434,9010.2,360.070904
8757910,K01269.01,FALSE POSITIVE,0.655001616,1.8136,271.2,133.176794
4074736,K01328.01,CANDIDATE,80.9669561,2.5276,4733.0,160.97672
4072526,K01329.01,CONFIRMED,33.1996355,5.022,1112.5,153.66086
4150539,K01330.01,FALSE POSITIVE,8.65306587,4.486,1048.1,134.30886
4274548,K01331.01,CANDIDATE,6.80082032,1.9883,699.9,359.17999
4455231,K01332.01,CONFIRMED,19.30581662,4.2902,709.1,373.18998
8953257,K01383.01,FALSE POSITIVE,3.221785738,3.3411,46379.0,136.141517
8971432,K01384.01,FALSE POSITIVE,0.6243875,1.92102,36854.7,133.0436541
9278553,K01385.01,FALSE POSITIVE,18.610092584,4.98308,50833.5,139.0850449
9527915,K00165.01,CONFIRMED,13.22175358,2.7884,876.5,139.570627
9143254,K01386.01,FALSE POSITIVE,1.137525054,2.68228,18006.1,133.805565
8949247,K01387.01,FALSE POSITIVE,23.799939273,5.02319,60186.4,152.5654761
11336883,K01445.01,CONFIRMED,7.16893064,4.6766,112.8,135.67854
11336883,K01445.02,CANDIDATE,54.325574,9.86,44.2,142.236
11336883,K01445.03,CANDIDATE,20.01959599,7.0,,150.8362184
12506351,K01446.01,FALSE POSITIVE,1.22775877,2.7545,46148.0,133.78679
7622486,K01447.01,FALSE POSITIVE,40.24649897,6.0203,159414.0,161.306577
7622486,K01447.02,FALSE POSITIVE,2.27999662,5.7777,12831.0,133.640649
9705459,K01448.01,FALSE POSITIVE,2.48658617,2.7189,42122.0,134.110364
8564587,K01270.01,CONFIRMED,5.729317577,1.1816,865.4,138.559971
10925104,K00156.03,CONFIRMED,11.776132317,2.8971,1430.8,142.705753
8564587,K01270.02,CONFIRMED,11.60908533,2.2603,489.3,133.99324
8631160,K01271.01,CANDIDATE,162.0479502,9.8974,4840.5,278.880573
8552498,K01272.01,FALSE POSITIVE,0.530967162,3.3659,244.9,133.849416
8806072,K01273.01,CONFIRMED,40.05881661,5.595,1239.4,169.91063
4455231,K01332.02,CONFIRMED,6.09747233,3.431,217.6,354.05919
4455231,K01332.03,CONFIRMED,56.637918,6.172,589.7,135.51975
4285107,K01333.01,FALSE POSITIVE,2.243016513,2.721,299.6,133.45086
4150624,K01334.01,FALSE POSITIVE,8.6531216,4.39,654.8,134.30147
8972058,K00159.01,CONFIRMED,8.99088621,4.2447,469.7,136.73923
9346253,K01388.01,FALSE POSITIVE,34.064566412,9.6114,28450.4,150.452048
9002237,K01389.01,FALSE POSITIVE,4.350087749,2.6428,23593.0,134.800238
9288786,K01390.01,FALSE POSITIVE,1.744101106,1.5497,9681.4,134.50867
8958035,K01391.01,FALSE POSITIVE,7.981187121,1.8071,7609.5,133.802114
9040849,K01392.01,FALSE POSITIVE,4.118775582,3.76,2647.7,357.261244
9202151,K01393.01,CANDIDATE,1.694740233,1.6864,1446.8,355.357543
7842610,K01453.01,FALSE POSITIVE,0.971933156,1.9265,4786.0,133.853925
7830637,K01454.01,FALSE POSITIVE,121.5991278,15.1596,10537.0,137.27469
4760746,K01455.01,CANDIDATE,15.068060768,3.3011,19387.0,363.549714
7832356,K01456.01,CONFIRMED,7.886632468,5.2147,6331.2,360.514132
9643874,K01457.01,CONFIRMED,8.027681123,3.0942,8725.4,360.171355
8800954,K01274.01,CONFIRMED,704.962626,18.003,2319.1,492.77178
8583696,K01275.01,CONFIRMED,50.28635977,6.3212,1119.3,167.63351
8804283,K01276.01,CONFIRMED,22.79020351,5.0394,617.9,138.68515
8804283,K01276.02,CONFIRMED,13.26079792,3.912,199.4,139.0988
8552565,K01277.01,FALSE POSITIVE,1.061932545,2.1429,133.6,133.850441
4155328,K01335.01,CONFIRMED,127.8334997,10.914,1829.9,293.41845
4077526,K01336.01,CONFIRMED,10.21864532,3.802,445.3,136.8622
4077526,K01336.02,CONFIRMED,15.573637,5.326,468.1,132.44282
4077526,K01336.03,CONFIRMED,40.1015561,5.246,550.0,132.71244
4077526,K01336.04,CONFIRMED,4.45814897,2.867,188.1,134.39743
8937021,K01394.01,FALSE POSITIVE,5.663621501,1.2968,1225.0,133.89009
8935810,K01395.01,CONFIRMED,6.230335,1.6493,1449.2,181.29566
2441495,K00166.01,CONFIRMED,12.49340725,2.2614,715.7,138.462232
9455556,K01396.01,CONFIRMED,6.62643441,3.1752,814.6,183.98789
9455556,K01396.02,CONFIRMED,3.70122061,2.523,327.4,180.27172
9427402,K01397.01,CANDIDATE,6.247030799,1.4848,1496.6,356.90972
3732821,K01207.01,CONFIRMED,13.73474071,2.769,746.4,142.32752
3962440,K01208.01,CANDIDATE,700.00298217,7.6525,3245.9,249.44205
3534076,K01209.01,CANDIDATE,272.0868353,2.7145,5572.0,378.13721
3962357,K01210.01,CONFIRMED,14.55387488,6.973,319.7,134.11669
9110357,K00016.01,FALSE POSITIVE,0.895277575,2.711,534.5,133.411986
8394721,K00152.04,CONFIRMED,81.0637895,3.001,476.0,139.53492
8609450,K01278.01,CONFIRMED,24.8056775,6.148,624.4,145.07526
6541920,K00157.01,CONFIRMED,13.02493307,4.5706,778.4,138.176157
8609450,K01278.02,CONFIRMED,44.3471936,6.43,791.7,161.31738
8609450,K01278.03,CONFIRMED,9.2207691,4.907,140.0,138.0072
8609450,K01278.04,CONFIRMED,13.6396648,5.425,162.7,141.7301
4243911,K01337.01,CONFIRMED,1.922799706,1.8604,259.7,134.50174
4466677,K01338.01,CONFIRMED,3.222975318,2.9247,232.7,178.0701
4466677,K01338.02,CANDIDATE,42.0370662,6.282,266.8,178.25006
4466677,K01338.03,CANDIDATE,21.0112068,4.507,163.6,132.6336
4135665,K01339.01,CONFIRMED,4.16811839,2.8084,263.0,134.89621
9269281,K01398.01,CONFIRMED,5.82348911,2.2441,888.7,354.99602
9100484,K01399.01,CANDIDATE,8.75059775,2.8288,881.9,358.24233
9157908,K01400.01,FALSE POSITIVE,9.41475056,4.736,483.4,142.32936
9030447,K01401.01,FALSE POSITIVE,0.56669006,2.1674,104.6,133.81294
9034103,K01402.01,CONFIRMED,7.13969705,3.981,512.9,137.18652
9214942,K01403.01,CONFIRMED,18.75470238,3.0331,995.3,141.7172
3858704,K01211.01,FALSE POSITIVE,3.00363219,3.732,101.2,135.64129
3749134,K01212.01,CONFIRMED,11.30123036,4.022,277.1,134.91855
3556220,K01213.01,FALSE POSITIVE,0.796722833,2.4551,107.1,133.07985
3660924,K01214.01,CONFIRMED,4.24153629,2.971,188.1,133.45522
3939150,K01215.01,CONFIRMED,17.32419108,8.045,241.3,142.09977
8628758,K01279.01,CONFIRMED,14.37457572,4.7892,335.8,138.20189
8628758,K01279.02,CONFIRMED,9.65188331,4.296,103.2,132.15947
8509361,K01280.01,FALSE POSITIVE,6.0990118,3.6112,227.5,135.52357
8742590,K01281.01,CONFIRMED,49.4781446,2.493,496.6,141.82465
8822366,K01282.01,CONFIRMED,30.8639476,8.864,256.5,162.88077
8972058,K00159.02,CONFIRMED,2.403640701,1.4012,74.9,134.73065
4386059,K01340.01,FALSE POSITIVE,2.90060781,2.563,124.8,179.83386
4650674,K01341.01,CONFIRMED,4.51436096,3.0083,230.7,134.0293
4275721,K01342.01,CONFIRMED,3.77359871,2.7282,176.0,134.07013
4275721,K01342.02,CONFIRMED,8.18182189,2.4566,299.6,134.81423
8874090,K01404.01,CONFIRMED,13.32389352,3.2208,781.3,135.24585
11666881,K00167.01,CONFIRMED,4.919584997,4.1988,425.7,134.602396
9264949,K01405.01,CONFIRMED,11.41911886,5.135,509.2,186.30498
9271752,K01406.01,CONFIRMED,11.36113254,4.1886,569.5,136.92584
9007866,K01407.01,FALSE POSITIVE,1.3866358,4.77,70.1,134.3472
9150827,K01408.01,CONFIRMED,14.53410833,3.3094,510.6,145.42643
3939150,K01215.02,CONFIRMED,33.0063185,7.118,278.1,145.38821
3839488,K01216.01,CONFIRMED,11.13127159,4.2372,211.2,134.36341
3542588,K01217.01,FALSE POSITIVE,3.47143963,3.663,99.8,133.74061
3442055,K01218.01,CONFIRMED,29.6193891,4.9595,314.7,133.68205
3440861,K01219.01,FALSE POSITIVE,3.50376155,3.16,,134.6825677
12252424,K00153.01,CONFIRMED,8.925079516,2.6766,977.5,139.71389
8700771,K01283.01,CONFIRMED,8.0922105,5.7696,65.3,138.04535
10960993,K01284.01,FALSE POSITIVE,3.117087797,3.06941,12152.1,134.684738
6541920,K00157.02,CONFIRMED,22.687155,5.4921,960.0,148.455435
10599397,K01285.01,FALSE POSITIVE,0.937406378,1.9515,5079.6,134.726531
10879208,K01286.01,FALSE POSITIVE,0.668483615,2.0909,2899.8,178.281377
10843203,K01287.01,FALSE POSITIVE,4.429633087,3.0257,6120.1,355.143546
4570931,K01343.01,FALSE POSITIVE,1.544927524,1.0134,138.5,133.54909
4136466,K01344.01,CONFIRMED,4.48758768,2.874,112.0,133.36092
7284688,K01345.01,FALSE POSITIVE,0.323021692,2.3442,47100.0,133.603668
7199774,K01346.01,FALSE POSITIVE,4.70818628,3.278,56545.0,137.0593
7037540,K01347.01,FALSE POSITIVE,14.405857436,5.48509,30430.6,360.3847471
6866228,K01348.01,FALSE POSITIVE,7.702374154,3.8459,18377.0,137.563452
9391208,K01409.01,CONFIRMED,16.56062577,2.611,700.8,133.49703
9391506,K01410.01,CONFIRMED,15.74958583,4.6672,659.5,150.24579
8950853,K01412.01,CONFIRMED,37.8145252,9.109,412.5,134.66424
9006449,K01413.01,CONFIRMED,12.64504291,9.117,200.4,138.63149
9006449,K01413.02,CONFIRMED,21.5262958,8.392,190.0,132.28787
9006449,K01413.03,CONFIRMED,33.8845825,6.538,224.1,159.98819
4043190,K01220.01,CONFIRMED,6.40087137,2.5561,133.6,136.8824
3640905,K01221.01,CONFIRMED,30.1599411,7.874,175.9,138.51774
3640905,K01221.02,CONFIRMED,51.0771048,11.233,141.5,152.35694
4060815,K01222.01,FALSE POSITIVE,4.2856756,4.059,31.4,134.4812
6613006,K01223.01,FALSE POSITIVE,7.388833611,5.62857,13063.5,133.9344039
6606653,K01224.01,FALSE POSITIVE,2.698021895,23.192,6721.2,136.32786
10790387,K01288.01,CONFIRMED,117.93110803,5.8796,8506.6,219.704226
10748393,K01289.01,FALSE POSITIVE,4.887806806,2.4078,4676.0,354.539481
10874226,K01290.01,FALSE POSITIVE,11.973605044,4.3117,3822.9,144.779315
10661771,K01291.01,FALSE POSITIVE,1.231364189,5.8574,1097.1,133.036618
10924853,K01292.01,FALSE POSITIVE,2.102416517,1.7684,1502.5,134.394943
10874926,K01293.01,FALSE POSITIVE,11.703109303,2.0467,4201.0,133.721698
6631721,K00160.01,FALSE POSITIVE,13.73808249,3.354,660.7,134.43787
6847018,K01349.01,FALSE POSITIVE,16.66216657,3.8762,27442.0,142.186468
7220322,K01350.01,FALSE POSITIVE,0.752159702,2.3621,3425.0,134.047229
6956233,K01352.01,FALSE POSITIVE,4.81886153,6.223,1318.6,358.16338
7303287,K01353.01,CONFIRMED,125.86540191,9.0191,12389.5,236.659731
7303287,K01353.02,CONFIRMED,34.5439452,3.482,429.8,132.68453
11512246,K00168.01,CONFIRMED,10.74241765,6.0633,415.2,133.2867
8916492,K01414.01,FALSE POSITIVE,4.02378908,3.237,32.1,136.23411
11193447,K01415.01,FALSE POSITIVE,0.312941621,2.0646,35262.0,133.810501
11517719,K01416.01,CONFIRMED,2.495780169,4.2721,25070.0,135.336948
11599264,K01417.01,FALSE POSITIVE,8.428090255,1.881,11355.5,358.303469
11100657,K01418.01,FALSE POSITIVE,8.344104633,1.8014,9695.0,361.839209
6620003,K01225.01,CANDIDATE,1.714274727,2.06728,28460.1,133.3158074
6621116,K01226.01,FALSE POSITIVE,137.75960504,9.1713,83298.0,173.16476
6629332,K01227.01,FALSE POSITIVE,2.155278342,2.1064,20739.0,133.576109
6387450,K01228.01,FALSE POSITIVE,3.661326482,2.5714,17846.0,135.26995
12252424,K00153.02,CONFIRMED,4.75400072,2.5394,748.7,128.547155
6432059,K01229.01,FALSE POSITIVE,0.76973817,2.5,,133.2965754
6470149,K01230.01,FALSE POSITIVE,165.739861,24.9393,7343.4,214.039466
10549562,K01294.01,FALSE POSITIVE,9.08937826,6.255,779.8,139.08364
10874614,K00017.01,CONFIRMED,3.234699282,3.59385,10558.7,121.4865708
6541920,K00157.03,CONFIRMED,31.99552485,4.2817,1376.1,154.160745
10666230,K01295.01,FALSE POSITIVE,1.577800747,2.1626,697.7,133.307724
10971674,K01296.01,FALSE POSITIVE,2.380862632,4.20416,32634.0,135.3252117
6891543,K01354.01,FALSE POSITIVE,1.752567456,5.4993,607.3,134.47196
7211141,K01355.01,CONFIRMED,51.92920654,5.2637,3425.8,151.93321
7363829,K01356.01,CANDIDATE,384.02570682,14.56,,335.816169
6719086,K01357.01,CANDIDATE,3.014330766,2.4747,975.3,357.37948
7376983,K01358.01,CONFIRMED,5.644914154,2.2599,1397.9,356.73699
5084942,K00161.01,CONFIRMED,3.105507835,1.7458,904.6,133.210427
11125936,K01419.01,FALSE POSITIVE,1.336109338,1.7419,2204.3,178.258786
11026304,K01420.01,CANDIDATE,13.35151248,3.6045,3308.8,363.086742
11342550,K01421.01,CANDIDATE,1693.6636225,22.604,9515.3,524.27995
11497958,K01422.01,CONFIRMED,5.841636615,1.8734,1336.3,135.92315
11497958,K01422.02,CONFIRMED,19.85029495,2.8407,1607.5,133.64933
11512246,K00168.02,CONFIRMED,15.27443889,6.0765,206.7,147.57983
6462874,K01231.01,FALSE POSITIVE,22.34293693,7.0813,2691.1,155.08552
6665223,K01232.01,FALSE POSITIVE,119.40817159,9.3537,18563.3,232.649303
6545358,K01233.01,FALSE POSITIVE,1.171536413,1.5878,1132.7,178.597581
6390824,K01234.01,FALSE POSITIVE,0.973547911,2.2858,435.7,133.49742
6546528,K01235.01,FALSE POSITIVE,3.053563251,3.2551,508.4,133.88354
10676923,K01297.01,FALSE POSITIVE,1.031096352,2.781,265.4,133.93938
10604335,K01298.01,CONFIRMED,11.00817635,2.013,1462.5,143.22611
10604335,K01298.02,CONFIRMED,92.7495777,5.506,1105.1,173.27975
10864656,K01299.01,CONFIRMED,52.5008645,14.9066,946.7,171.52114
10975146,K01300.01,CONFIRMED,0.63133171,1.1487,434.5,133.94488
10538176,K01301.01,CONFIRMED,12.69905011,2.9899,797.4,184.9868
7376983,K01358.02,CONFIRMED,8.74292005,2.6277,779.5,358.59286
7376983,K01358.03,CONFIRMED,3.64830183,1.9985,371.7,355.39128
7376983,K01358.04,CONFIRMED,2.345863002,1.6795,316.7,354.11185
6946199,K01359.01,CONFIRMED,37.1011418,5.5556,1357.5,370.4803
6946199,K01359.02,CANDIDATE,104.8205868,4.4794,3920.1,374.83154
11497958,K01422.03,CONFIRMED,10.8644095,1.853,748.7,131.12833
11177707,K01423.01,CONFIRMED,124.4197175,3.7197,4107.0,150.59616
11611600,K01424.01,CONFIRMED,1.219568047,1.5681,494.9,133.460233
11254382,K01425.01,CONFIRMED,2.05388477,2.1635,546.7,133.73432
11122894,K01426.01,CONFIRMED,38.86848956,6.0573,1004.9,171.30369
6677841,K01236.01,CONFIRMED,35.7353616,8.491,778.8,151.1133
6677841,K01236.02,CONFIRMED,12.30971679,6.74,396.0,137.68401
6677841,K01236.03,CONFIRMED,54.4205407,8.559,598.0,148.70471
9970525,K00154.01,FALSE POSITIVE,30.00908916,3.15,,139.70643
6531491,K01237.01,FALSE POSITIVE,14.32407216,4.6577,2053.9,364.39537
6383821,K01238.01,CONFIRMED,27.07237655,6.9592,514.2,139.1127
10538176,K01301.02,CONFIRMED,37.5142128,5.303,935.0,189.30015
10724369,K01302.01,CONFIRMED,55.6391882,7.316,853.0,187.55044
6541920,K00157.04,CONFIRMED,46.6856205,6.3794,588.8,225.04604
10867062,K01303.01,CANDIDATE,34.2966363,19.718,696.6,143.66728
10744335,K01304.01,CONFIRMED,4.59726613,2.909,313.0,136.47837
4860678,K01602.01,CONFIRMED,9.97716876,5.908,252.9,137.2361
5177104,K01603.01,CONFIRMED,3.02168007,2.8264,171.9,133.47243
7023960,K00187.01,FALSE POSITIVE,30.882538697,5.3737,24012.0,151.5295103
10033279,K01604.01,FALSE POSITIVE,72.4914068,3.612,1063.5,139.77857
5009189,K01605.01,FALSE POSITIVE,4.93913074,1.362,382.9,135.05172
8230616,K01713.02,CONFIRMED,2.240486703,1.3988,436.3,137.82477
9836959,K01715.01,CONFIRMED,105.0145774,7.426,296.0,228.94455
9838949,K01716.01,CONFIRMED,4.88084456,2.5574,343.0,136.19585
9895006,K01717.01,CONFIRMED,10.56137217,3.2645,238.4,133.76396
9896558,K01718.01,CONFIRMED,67.6690554,9.556,961.1,198.19427
9589323,K01488.01,CONFIRMED,3.949627144,1.5485,807.2,134.61096
9823487,K01489.01,CONFIRMED,16.00460392,3.9475,831.9,140.47981
9602514,K01490.01,FALSE POSITIVE,3.55650737,8.545,293.6,133.51831
9726659,K01491.01,CONFIRMED,3.148661555,2.1978,550.5,356.93612
12108312,K01492.01,FALSE POSITIVE,0.70544824,2.9423,462.4,133.807063
5371776,K01557.01,CONFIRMED,3.295701024,1.8268,1745.7,133.966333
5371776,K01557.02,CONFIRMED,9.65349016,2.9029,1308.6,134.85555
5371776,K01557.03,CONFIRMED,5.315954488,1.1165,965.9,132.43002
9573539,K00180.01,CONFIRMED,10.04556377,3.2027,671.4,129.09371
5371776,K01557.04,CONFIRMED,1.499144441,1.4259,258.9,133.07022
9886661,K01606.01,CONFIRMED,5.082748362,1.7732,276.7,133.21176
5477805,K01607.01,FALSE POSITIVE,5.00673576,1.9398,191.2,134.54239
10055126,K01608.01,CONFIRMED,9.17617167,4.2642,206.9,138.71393
10055126,K01608.02,CONFIRMED,19.7383992,4.894,168.1,133.28544
5009743,K01609.01,CONFIRMED,41.6980186,5.7047,440.8,169.57548
10015937,K01720.01,CONFIRMED,59.6585348,5.514,1043.8,168.08764
10019065,K01721.01,CONFIRMED,52.6298542,6.118,675.8,155.61064
7950644,K00192.01,CONFIRMED,10.290994129,4.28889,9655.7,137.0220594
10080248,K01722.01,CONFIRMED,14.8783945,7.491,322.8,142.96841
10213902,K01723.01,CONFIRMED,59.6222627,6.888,993.4,138.13805
9842906,K01493.01,FALSE POSITIVE,4.9883873,9.059,507.6,358.23526
11821363,K01494.01,CONFIRMED,8.19596647,2.824,792.8,136.68736
7629518,K01495.01,CONFIRMED,15.59466045,5.0478,867.7,137.5636
10810838,K00174.01,CONFIRMED,56.35407916,3.4449,1037.0,144.83768
4828341,K01496.01,FALSE POSITIVE,36.12895451,2.2348,3758.6,388.551318
10019763,K01558.01,FALSE POSITIVE,32.50456309,2.4657,7589.6,365.358295
9899280,K01559.01,FALSE POSITIVE,1.332560589,4.2427,566.6,133.38311
8046659,K01560.01,CANDIDATE,31.56904354,2.6364,4229.4,158.29983
4940438,K01561.01,FALSE POSITIVE,9.08590495,2.0718,2121.3,182.08162
5308663,K01562.01,FALSE POSITIVE,0.784512952,2.4623,586.0,355.57263
5474733,K01610.01,FALSE POSITIVE,0.883778461,1.6339,120.1,133.60599
10963065,K01612.01,CONFIRMED,2.465024332,1.262,30.7,132.68122
6268648,K01613.01,CONFIRMED,15.86624787,4.25,77.3,141.08734
10125352,K00021.01,FALSE POSITIVE,4.288515468,2.2959,3456.7,121.97268
5357901,K00188.01,CONFIRMED,3.797018259,2.2608,14431.2,133.508776
4278221,K01615.01,CONFIRMED,1.340596782,1.6484,107.5,132.24549
10214162,K01724.01,CONFIRMED,17.42393582,4.929,770.9,148.82614
10905746,K01725.01,CONFIRMED,9.8786461,1.8915,1472.7,138.41159
8242434,K01726.01,CONFIRMED,44.96407458,4.981,811.6,144.56002
6185331,K01727.01,CONFIRMED,49.7700907,10.065,3529.2,159.98658
11820830,K01728.01,FALSE POSITIVE,12.7319385,4.4157,11449.0,138.73144
11774387,K01497.01,FALSE POSITIVE,0.520222869,1.2216,269.5,178.14846
9636135,K01498.01,CONFIRMED,5.83376197,3.9988,532.9,138.74892
9636135,K01498.02,CONFIRMED,2.42150341,2.965,171.5,133.83517
7841925,K01499.01,CONFIRMED,14.16400071,4.3031,728.1,140.58934
7841925,K01499.02,CANDIDATE,0.840594032,1.404,49.8,131.74104
7841925,K01499.03,CONFIRMED,6.20920207,2.637,101.9,136.87938
5219234,K01563.01,CONFIRMED,5.48711441,2.93,1328.6,356.0773
5219234,K01563.02,CONFIRMED,8.29084167,3.613,1033.9,359.63666
5219234,K01563.03,CONFIRMED,3.20539622,2.143,453.6,354.63069
5219234,K01563.04,CONFIRMED,16.73869035,2.398,996.8,359.41655
12504988,K00181.01,FALSE POSITIVE,5.093938816,3.93144,25026.7,139.7178386
9015738,K01616.01,CONFIRMED,13.93291548,2.6239,131.6,139.41058
7215603,K01618.01,CONFIRMED,2.36436762,3.372,28.4,132.25007
4276716,K01619.01,CANDIDATE,20.6654374,3.172,100.4,132.01229
5561278,K01621.01,CONFIRMED,20.31047472,5.3357,164.6,146.82534
7287683,K01622.01,CANDIDATE,69.8347983,8.262,266.6,168.78436
6387542,K01626.01,CONFIRMED,2.53475568,4.5716,463.0,132.68024
8266276,K01731.01,CANDIDATE,2.59488443,1.684,592.2,132.75658
6869184,K01732.01,CONFIRMED,43.3167427,4.995,987.5,136.57435
8396405,K01733.01,CANDIDATE,19.18109525,2.424,865.4,141.37097
10799735,K00193.01,FALSE POSITIVE,37.590298548,4.3855,19938.9,157.350357
6604328,K01736.01,CONFIRMED,31.0033072,5.253,645.2,143.29085
9719634,K01500.01,FALSE POSITIVE,3.351556891,2.4005,341.9,134.28439
7439316,K01501.01,CONFIRMED,2.617028373,2.046,499.4,134.03294
12061238,K01502.01,FALSE POSITIVE,1.876406096,1.531,433.8,133.12761
8323753,K00175.01,FALSE POSITIVE,6.71425632,3.339,283.5,134.31646
12400538,K01503.01,CONFIRMED,150.2412582,10.849,2378.5,138.29013
5184584,K01564.01,CONFIRMED,53.44944498,5.3091,3437.0,149.20185
5636648,K01565.01,FALSE POSITIVE,0.466743525,1.3956,796.1,133.971123
5564247,K01566.01,FALSE POSITIVE,1.727177258,2.081,347.4,355.37033
5438099,K01567.01,CONFIRMED,7.24022418,2.9153,864.9,355.01243
5438099,K01567.02,CONFIRMED,4.64622383,2.5137,446.5,354.58863
6543893,K01627.01,CONFIRMED,10.29674097,2.7292,1011.8,132.19453
6543893,K01627.02,CONFIRMED,5.93919041,2.285,424.5,353.75537
6975129,K01628.01,CONFIRMED,19.74733983,3.4444,480.7,147.10553
11391018,K00189.01,CONFIRMED,30.360445359,6.0134,21124.7,148.091546
8685497,K01629.01,CONFIRMED,4.4096675,2.1418,132.7,132.45003
4365645,K01738.01,CONFIRMED,4.16787814,2.2136,168.1,135.28334
7199906,K01739.01,CANDIDATE,220.65651253,7.82,,172.4278591
8197343,K01746.01,CONFIRMED,11.79161234,3.036,415.4,134.54064
7032421,K01747.01,FALSE POSITIVE,20.55848388,1.449,677.3,133.00401
6786348,K01749.01,CONFIRMED,26.964501,3.792,601.7,145.34426
6209677,K01750.01,CONFIRMED,7.76845639,3.689,217.8,138.06602
9641018,K01504.01,FALSE POSITIVE,2.178154348,3.4874,428.6,134.203059
9813499,K01505.01,CONFIRMED,5.03257009,4.213,439.1,137.32638
12254792,K01506.01,CONFIRMED,40.4286676,7.102,916.1,139.50631
12020218,K01507.01,CONFIRMED,21.3588236,5.823,640.1,135.07022
7690844,K01508.01,CONFIRMED,22.0459163,5.22,804.8,136.47548
9535080,K01509.01,FALSE POSITIVE,49.6456235,23.568,857.5,153.0806
5438099,K01567.03,CONFIRMED,17.32670445,4.269,800.0,360.5083
5438099,K01567.04,CONFIRMED,44.8411168,5.902,1051.6,359.87359
5210475,K01568.01,FALSE POSITIVE,1.008917105,1.4577,338.5,354.85926
8009350,K01569.01,CONFIRMED,13.75207851,2.8831,1215.6,143.03241
8082001,K01570.01,CONFIRMED,6.33855946,3.4617,721.7,354.85104
9017682,K01630.01,CANDIDATE,11.30507984,3.989,278.4,138.13638
9277896,K01632.01,CONFIRMED,4.59489816,3.1381,109.7,133.83995
9401997,K01633.01,CONFIRMED,32.2964275,4.561,472.2,138.52615
10686864,K01637.01,CONFIRMED,2.97041801,2.2369,530.7,133.39136
10749128,K01639.02,CANDIDATE,9.9824036,1.09,83.9,133.44855
11904734,K01764.01,CANDIDATE,12.681733929,1.6866,5879.1,132.682519
8043714,K01765.01,FALSE POSITIVE,6.814984472,3.05409,23915.3,134.212391
7918217,K01770.01,FALSE POSITIVE,63.9354965,13.321,1250.6,162.84657
10153011,K01773.01,CANDIDATE,83.09708021,9.2639,15860.2,162.935743
9631995,K00022.01,CONFIRMED,7.891448838,4.2854,10344.6,177.2499624
11870545,K01510.01,CANDIDATE,0.839961456,1.3008,492.9,178.354
7901948,K01511.01,CONFIRMED,2.578852119,2.3581,334.3,133.2237
11955499,K01512.01,FALSE POSITIVE,9.04189129,2.789,783.4,137.86611
6442377,K00176.01,CONFIRMED,30.22910274,6.6751,443.4,134.52081
9784222,K01513.01,FALSE POSITIVE,0.798200403,1.8261,396.8,133.962079
5376836,K00182.01,FALSE POSITIVE,3.479425638,3.4479,19550.0,136.797172
5557821,K01571.01,FALSE POSITIVE,2.92878704,4.634,549.4,356.28699
10004519,K01572.01,CONFIRMED,9.80321143,4.4617,813.4,363.98686
5031857,K01573.01,CONFIRMED,24.81097206,3.2245,2090.8,156.506971
5031857,K01573.02,CANDIDATE,7.136922,2.8005,221.6,131.75317
10879038,K01641.01,CONFIRMED,4.8538404,3.198,196.4,135.09902
10990917,K01643.01,CONFIRMED,11.04605365,4.799,308.3,136.44056
11043136,K01644.01,FALSE POSITIVE,2.621706694,1.941,4572.0,131.88227
11046025,K01646.01,CONFIRMED,3.72020708,1.892,156.9,133.41684
5771719,K00190.01,FALSE POSITIVE,12.264867364,4.7366,11310.9,139.304999
9729691,K01751.01,CONFIRMED,8.689301216,2.563,1117.0,133.661284
9729691,K01751.02,CONFIRMED,20.99757968,2.454,1131.8,132.05689
4950232,K01753.01,FALSE POSITIVE,0.979442525,1.0348,469.3,132.42297
10904857,K00194.01,CONFIRMED,3.120828136,2.1878,16456.0,139.466594
8651389,K01754.01,CONFIRMED,15.13590453,2.236,255.7,146.58371
9520668,K01514.01,FALSE POSITIVE,1.399326503,1.8305,206.4,133.61426
7871954,K01515.01,CONFIRMED,1.937029968,1.4727,312.3,134.72107
7871954,K01515.02,CONFIRMED,7.06117322,1.0406,481.7,136.27344
12418724,K01516.01,CONFIRMED,20.55331441,5.3136,678.3,139.5613
7456001,K01517.01,CONFIRMED,40.0686713,5.8875,970.9,151.80901
10028792,K01574.01,CONFIRMED,114.73658,12.0355,4850.0,165.150671
10028792,K01574.02,CONFIRMED,191.239133,16.942,1061.2,286.22034
10028792,K01574.03,CANDIDATE,5.83393857,4.5813,134.4,132.63426
5553652,K01575.01,FALSE POSITIVE,24.3282251,6.158,1120.6,141.05149
5299459,K01576.01,CONFIRMED,10.41572666,2.7719,825.3,143.04774
11153121,K01647.01,CONFIRMED,14.97031664,5.884,290.5,134.50507
11153121,K01647.02,CONFIRMED,32.2753853,8.622,223.9,149.046
11153121,K01647.03,CANDIDATE,6.33027476,3.67,89.2,133.86213
11177543,K01648.01,CONFIRMED,38.3262237,3.073,392.1,142.08401
11337141,K01649.01,CONFIRMED,4.04355245,1.965,416.2,131.62995
6705142,K01758.01,CANDIDATE,5.59728249,1.795,1407.3,131.86708
3967760,K01760.01,CONFIRMED,5.52418625,2.826,491.0,135.62306
3967760,K01760.02,CONFIRMED,8.77514782,3.176,351.9,133.70319
4067336,K01761.01,FALSE POSITIVE,10.12742274,1.2762,933.5,135.26504
5387843,K01762.01,FALSE POSITIVE,0.870693883,1.2137,438.5,132.083949
7549209,K01518.01,CONFIRMED,27.5071114,5.907,580.7,151.84775
7663405,K01519.01,CONFIRMED,5.1443645,2.703,310.7,133.83044
9765975,K01520.01,CONFIRMED,18.45848388,3.3703,535.3,138.1635
9818462,K01521.01,CONFIRMED,25.9421582,4.045,569.7,156.18894
6803202,K00177.01,CONFIRMED,21.06075303,5.2472,301.2,143.59983
5299459,K01576.02,CONFIRMED,13.08424286,3.0401,662.0,132.63129
9651668,K00183.01,CONFIRMED,2.684328541,2.69382,18136.5,133.3548095
5299459,K01576.03,CANDIDATE,23.3397956,1.923,125.1,146.3627
12506770,K01577.01,CONFIRMED,2.806243488,1.6271,599.6,133.7314
5629985,K01578.01,FALSE POSITIVE,2.27190723,5.383,149.0,134.79852
9898364,K01579.01,FALSE POSITIVE,7.132351753,2.9674,744.1,134.473083
11337372,K01650.01,CONFIRMED,6.53194024,3.3351,771.9,136.03223
11337833,K01651.01,CONFIRMED,51.3011844,5.359,498.9,153.52571
11546211,K01654.01,FALSE POSITIVE,1.097211085,1.6738,38946.0,131.517201
11547505,K01655.01,CONFIRMED,0.938466959,1.3015,217.4,135.600698
4471747,K01656.01,CANDIDATE,51.3901452,5.995,494.0,145.3192
11502867,K00195.01,CONFIRMED,3.217518511,2.11481,14319.4,133.6320632
9909735,K01779.01,CONFIRMED,4.66271902,2.757,1630.6,134.08296
9909735,K01779.02,CONFIRMED,11.8150174,2.834,1003.0,133.08929
11551692,K01781.01,CONFIRMED,7.834433676,2.89,2018.1,135.222143
11551692,K01781.02,CONFIRMED,3.005156911,2.0747,691.6,137.103362
12266636,K01522.01,CONFIRMED,33.3856176,5.0361,553.2,148.92764
9850893,K01523.01,FALSE POSITIVE,8.48039789,6.249,259.7,135.85018
4826110,K01524.01,FALSE POSITIVE,1.333395306,1.188,114.5,134.18228
7869917,K01525.01,CONFIRMED,7.71467686,4.5871,233.9,133.55635
9824805,K01526.01,CONFIRMED,4.4444826,3.686,163.0,133.46308
5193400,K01580.01,FALSE POSITIVE,21.3781146,19.359,556.1,147.2124
7939330,K01581.01,CONFIRMED,29.5422566,13.902,879.9,137.57837
7939330,K01581.02,CONFIRMED,144.551628,16.599,1035.2,265.9401
4918309,K01582.01,CANDIDATE,186.4361811,5.774,4347.0,146.91825
12602568,K01583.01,CONFIRMED,8.04727721,5.159,486.0,137.2073
9941066,K01584.01,CONFIRMED,5.87063416,2.5736,505.6,137.24813
5972334,K00191.01,CONFIRMED,15.358767771,4.1223,14638.1,132.385085
4650733,K01659.01,CONFIRMED,29.5390897,4.139,403.3,143.91607
4830605,K01660.01,CANDIDATE,35.6364022,4.888,452.6,164.17496
4832197,K01661.01,FALSE POSITIVE,0.94773253,1.7645,11306.0,137.12993
4844004,K01662.01,FALSE POSITIVE,0.784031658,0.7773,352.2,133.38391
12120943,K01458.01,CANDIDATE,8.98128472,5.0397,4924.0,354.83042
7831264,K00171.02,CONFIRMED,13.07141889,3.0946,251.1,144.44217
9761199,K01459.01,FALSE POSITIVE,0.692015479,1.1315,4518.1,133.114177
7751571,K01460.01,FALSE POSITIVE,17.0421346,7.507,3616.7,363.97428
9579499,K01461.01,FALSE POSITIVE,7.94671044,2.8419,6084.4,140.708207
11913013,K01462.01,FALSE POSITIVE,3.74781242,5.241,5367.0,355.31325
7768451,K01527.01,CANDIDATE,192.667139,5.443,1148.3,162.87962
7691260,K01528.01,CONFIRMED,3.989544192,1.591,190.0,134.0989
9821454,K01529.01,CONFIRMED,17.9776037,4.605,213.9,147.7515
9821454,K01529.02,CONFIRMED,11.8693144,4.653,101.9,137.721
11954842,K01530.01,CONFIRMED,12.98494603,3.4497,257.2,139.78207
7972785,K00184.01,FALSE POSITIVE,7.300735516,5.78725,13051.7,133.5664741
5470739,K01585.01,CONFIRMED,19.17893976,5.144,752.8,139.74552
10022908,K01586.01,CONFIRMED,6.99130452,2.1568,555.4,135.46291
9932970,K01587.01,CANDIDATE,52.971584,3.4632,3882.6,159.06109
5617854,K01588.01,CONFIRMED,3.517494725,1.5639,532.8,135.546724
4932442,K01665.01,CONFIRMED,6.93365167,4.608,119.6,137.07375
4932442,K01665.02,CANDIDATE,5.91393977,0.562,84.0,137.17182
5183357,K01669.01,CONFIRMED,61.0373591,8.378,437.5,175.17671
5269467,K01672.01,CONFIRMED,33.8677783,3.72,894.8,137.51532
5360920,K01675.01,CANDIDATE,14.62399621,2.193,1082.0,144.45527
7672940,K01463.01,FALSE POSITIVE,1064.2680956,11.5521,22771.7,144.086072
7838655,K01464.01,FALSE POSITIVE,2.113202658,3.5234,2104.8,356.32832
11702948,K01465.01,CANDIDATE,9.771462706,1.767,6933.2,135.584899
9512981,K01466.01,CANDIDATE,281.5628889,8.853,21012.0,357.996571
7770450,K01467.01,FALSE POSITIVE,1.157808038,3.6705,866.7,354.74488
11455491,K00178.01,FALSE POSITIVE,6.14281498,4.624,122.0,135.16169
11764462,K01531.01,CONFIRMED,5.69919592,2.3906,159.4,136.58738
11656246,K01532.01,CONFIRMED,18.11473813,5.2706,241.5,147.4904
7808587,K01533.01,CONFIRMED,6.24145791,3.0998,163.7,134.88892
4741126,K01534.01,CONFIRMED,20.4222447,6.22,189.3,146.9837
5301750,K01589.01,CONFIRMED,8.72585478,4.473,446.7,138.76838
5301750,K01589.02,CONFIRMED,12.88291395,5.676,460.5,135.18736
5301750,K01589.03,CONFIRMED,27.4345973,5.038,472.6,145.12322
5301750,K01589.04,CONFIRMED,4.22453631,3.128,159.1,135.42908
5301750,K01589.05,CONFIRMED,44.5520266,6.0,362.1,160.29386
5526717,K01677.01,CONFIRMED,52.069002,3.0089,558.3,178.15525
5972334,K00191.02,CONFIRMED,2.418406841,2.0744,665.4,132.505587
5526717,K01677.02,CANDIDATE,8.51170088,2.9,,131.7557438
5530882,K01680.01,FALSE POSITIVE,5.0825188,3.328,105.0,132.95792
5531953,K01681.01,CANDIDATE,6.93910337,2.977,614.7,138.33927
6034945,K01683.01,CONFIRMED,9.11500269,4.558,268.3,133.97523
9851226,K01468.01,FALSE POSITIVE,8.48031942,7.297,1426.7,135.85217
8692861,K00172.01,CONFIRMED,13.7223682,5.1231,571.1,137.84083
7543649,K01469.01,FALSE POSITIVE,3.582076914,4.4228,1534.4,355.515064
9480310,K01470.01,CONFIRMED,15.43400996,4.2572,1785.9,363.29494
11858748,K01471.01,FALSE POSITIVE,1.780984316,2.173,590.9,177.8249
4741126,K01534.02,CONFIRMED,7.63846084,3.957,71.7,138.24557
11669125,K01535.01,CONFIRMED,70.6981724,6.632,357.7,188.56795
12159249,K01536.01,CONFIRMED,3.74443645,2.9191,73.3,133.55997
9872292,K01537.01,CANDIDATE,10.19154678,6.165,61.3,136.69755
9963461,K01538.01,FALSE POSITIVE,10.581581895,6.66929,112642.0,183.008458
8081482,K01539.01,FALSE POSITIVE,2.819453322,4.4127,71867.0,133.870141
5542466,K01590.01,CANDIDATE,12.89006728,3.555,602.5,201.22989
4178389,K00185.01,CANDIDATE,23.210509958,3.09802,28736.9,134.386378
5542466,K01590.02,CONFIRMED,2.35574505,1.796,266.9,177.88824
5542466,K01590.03,CANDIDATE,4.74666128,2.093,256.8,134.63784
10028140,K01591.01,CONFIRMED,19.65639342,3.226,843.2,140.29937
6048024,K01684.01,FALSE POSITIVE,62.81584402,2.6901,1688.4,151.47691
6049190,K01685.01,CONFIRMED,70.468171,6.653,922.4,189.15822
6149553,K01686.01,FALSE POSITIVE,56.86716792,4.23,,157.2619128
6198999,K01687.01,CONFIRMED,3.93246069,2.1763,455.5,132.55435
6310636,K01688.01,CONFIRMED,0.921030497,2.6077,101.5,132.03171
6616218,K01692.01,CONFIRMED,5.960400011,2.8617,828.3,137.265171
7761545,K01472.01,CONFIRMED,85.3514875,6.7504,4674.7,161.007608
7499398,K01473.01,CANDIDATE,23.02028478,3.544,5077.8,357.786124
12365184,K01474.01,CONFIRMED,69.72646639,3.7177,4491.2,196.093243
4770365,K01475.01,CONFIRMED,1.609321941,1.6067,728.5,178.94178
4770365,K01475.02,CONFIRMED,9.51220046,2.9497,1169.4,185.47893
4770365,K01475.03,CONFIRMED,4.72941177,2.234,434.3,132.93871
10748390,K00003.01,CONFIRMED,4.887803076,2.36255,4315.8,124.8130808
11804465,K00020.01,CONFIRMED,4.437962934,4.69813,16387.6,171.0091259
9663113,K00179.01,CONFIRMED,20.74028645,10.3939,1023.3,142.80003
5649956,K01540.01,FALSE POSITIVE,1.207852845,3.5802,49720.0,178.2142
4840513,K01541.01,FALSE POSITIVE,2.379282197,3.1729,48434.0,133.651365
5217586,K01592.01,FALSE POSITIVE,26.0692512,7.487,831.5,143.12549
5289854,K01593.01,CONFIRMED,9.69501146,2.75,515.2,182.45413
5289854,K01593.02,CONFIRMED,15.3825394,3.815,550.5,139.07648
9895709,K01594.01,FALSE POSITIVE,1.818939148,1.644,331.2,133.12299
10006581,K01595.01,CONFIRMED,40.1097817,5.2096,732.0,142.08227
5972334,K00191.03,CANDIDATE,0.708621057,1.5041,187.5,133.36565
6616218,K01692.02,CONFIRMED,2.46106962,2.184,84.2,133.32138
6696462,K01693.01,FALSE POSITIVE,3.403743926,1.5017,815.9,137.232574
7220429,K01700.01,CONFIRMED,8.03753796,2.9118,286.5,139.3582
7222086,K01701.01,FALSE POSITIVE,2.43902575,1.1598,82.5,133.58474
12406749,K01476.01,CONFIRMED,56.3587987,6.927,2559.6,222.31819
8692861,K00172.02,CONFIRMED,242.467406,12.808,340.3,150.85827
7811397,K01477.01,CANDIDATE,169.4976085,7.77,12192.0,228.99997
12403119,K01478.01,CONFIRMED,76.13622222,7.9393,2949.5,199.476237
9842890,K01479.01,FALSE POSITIVE,4.9883872,9.142,638.2,358.2335
8113154,K01542.01,FALSE POSITIVE,2.586878667,6.1614,25480.0,133.817008
5270698,K01543.01,FALSE POSITIVE,3.964333304,4.7136,25886.2,136.029542
5024450,K01544.01,FALSE POSITIVE,1.525924389,3.15998,24627.2,355.479571
5282049,K01545.01,FALSE POSITIVE,5.910371418,3.88962,17219.2,360.2852478
5475431,K01546.01,CANDIDATE,0.917568975,2.0654,15805.0,133.932419
10027323,K01596.01,CONFIRMED,5.92365747,2.6302,406.5,134.68361
10027323,K01596.02,CONFIRMED,105.3582299,3.81,1210.2,138.68069
12019440,K00186.01,CONFIRMED,3.24325988,3.03318,16450.9,133.6690203
5039228,K01597.01,CANDIDATE,7.79668781,4.6699,361.3,134.42081
10004738,K01598.01,CONFIRMED,56.4758069,5.961,1091.8,143.81128
10004738,K01598.02,CONFIRMED,92.8747294,7.474,658.8,145.93535
7304449,K01702.01,CONFIRMED,1.538180949,1.2635,841.0,131.822823
7386827,K01704.01,CONFIRMED,10.4188915,3.0069,670.0,137.74971
7522911,K01705.01,CONFIRMED,20.4998763,6.501,437.8,131.82068
7626370,K01706.01,CONFIRMED,1.921437488,1.9046,278.7,131.806204
7703955,K01707.01,CONFIRMED,96.109323,9.877,982.3,187.699
7512982,K01480.01,CONFIRMED,20.38174802,3.7922,1597.1,142.31499
7512982,K01480.02,CANDIDATE,7.00447892,2.669,231.4,137.89902
9597806,K01481.01,CONFIRMED,5.101375725,2.595,894.6,357.48217
7812167,K01482.01,FALSE POSITIVE,17.7940049,4.091,879.4,365.34666
11760959,K01484.01,FALSE POSITIVE,3.47021401,2.289,1105.2,356.09943
5283458,K01547.01,CANDIDATE,30.69395532,2.9512,18121.0,365.665214
9940565,K01548.01,FALSE POSITIVE,2.139325409,2.8056,6897.8,135.062261
8053552,K01549.01,CANDIDATE,29.481061268,3.6636,11870.9,134.22446
9663113,K00179.02,CONFIRMED,572.376632,24.42,1743.4,306.51006
8111381,K01550.01,FALSE POSITIVE,2.233799622,3.04,2658.5,134.720709
5444549,K01551.01,FALSE POSITIVE,31.13862664,5.2482,11427.0,415.9492
10004738,K01598.03,CONFIRMED,13.93068791,2.312,186.5,134.42851
5474613,K01599.01,CONFIRMED,20.4074846,8.839,363.4,140.1821
4860932,K01600.01,FALSE POSITIVE,12.36564669,3.644,388.4,140.92029
5438757,K01601.01,CONFIRMED,10.35078415,6.253,273.1,133.71163
5438757,K01601.02,CONFIRMED,62.9224936,11.64,417.8,151.6882
7750419,K01708.01,CANDIDATE,32.7737631,3.416,564.5,151.44352
5972334,K00191.04,CONFIRMED,38.6520796,5.607,566.5,164.04455
7815744,K01710.01,CONFIRMED,14.20442616,3.898,800.6,142.7332
7955580,K01711.01,CONFIRMED,55.673582,3.778,765.1,136.54906
8230616,K01713.01,CONFIRMED,6.82778157,2.3726,545.8,131.78839
9692345,K01485.01,FALSE POSITIVE,0.687895191,2.4233,462.5,133.66492
7898352,K01486.01,CONFIRMED,127.2824442,7.1545,8088.6,163.89
11402995,K00173.01,CONFIRMED,10.06083238,4.5718,460.2,138.96723
7898352,K01486.02,CONFIRMED,30.1837021,5.879,974.9,146.64675
12062667,K01487.01,FALSE POSITIVE,2.92928244,6.794,268.6,133.72275
7984047,K01552.01,CANDIDATE,77.63424586,4.1002,16612.0,417.153212
7951018,K01553.01,CONFIRMED,52.75878505,6.6517,5805.8,156.306351
9899355,K01554.01,FALSE POSITIVE,1.332564478,6.0325,1071.5,354.58908
12644774,K01555.01,FALSE POSITIVE,41.0772969,5.525,1216.8,379.12848
9902856,K01556.01,FALSE POSITIVE,135.9121619,5.628,10188.0,277.33
7747425,K01952.04,CONFIRMED,42.4729078,7.253,334.0,146.28712
9892816,K01955.01,CONFIRMED,15.17026921,4.3311,224.8,132.6655
9892816,K01955.02,CONFIRMED,39.4576228,9.557,244.8,136.47398
9836149,K01958.01,CONFIRMED,17.8159689,3.6765,776.8,134.4832
4813563,K01959.01,CONFIRMED,36.5157639,3.6577,861.3,151.28989
2985767,K02032.01,CONFIRMED,14.07969236,1.375,169.5,139.96053
2304320,K02033.01,CONFIRMED,16.54081386,2.5996,370.0,133.95274
3657758,K02034.01,CONFIRMED,3.609313059,1.7752,1375.1,133.79024
9790806,K02035.01,CONFIRMED,1.93155546,1.614,504.9,131.76708
6382217,K02036.01,CONFIRMED,8.41100305,2.4553,755.6,133.79856
5375194,K01825.01,CONFIRMED,13.52252364,3.987,690.6,142.17932
6468138,K01826.01,CONFIRMED,134.2520474,9.0636,832.1,182.70534
10019708,K00199.01,CONFIRMED,3.268695042,3.45188,10091.4,137.4817205
11875734,K01828.01,CONFIRMED,99.7468804,6.804,1287.0,208.39688
7697568,K01829.01,FALSE POSITIVE,22.84156293,2.5997,2940.7,138.632
7046804,K00205.01,CONFIRMED,11.720123999,3.0039,9763.3,142.173999
7449136,K01890.01,CONFIRMED,4.33643506,4.1445,108.5,133.85442
8680979,K01891.01,CONFIRMED,15.95541913,3.9851,762.6,143.30236
8680979,K01891.02,CONFIRMED,8.25980352,2.928,298.4,137.47021
9030537,K01892.01,CONFIRMED,62.5613879,5.907,1372.6,178.40847
6949061,K01960.01,CONFIRMED,8.96847034,4.4073,234.3,139.39473
7269493,K01961.01,CONFIRMED,1.907810683,1.8707,120.5,131.63784
5513648,K01962.01,CANDIDATE,32.85862571,3.1483,162.8,133.51202
9164836,K00213.01,FALSE POSITIVE,48.118812545,5.27958,69850.7,170.8396102
7887791,K01964.01,CANDIDATE,2.229326354,1.9946,49.1,133.09423
11657891,K01965.01,CONFIRMED,2.514628496,1.6239,228.4,132.90904
6305192,K00219.01,CONFIRMED,8.025118521,5.3694,3120.4,132.469133
6382217,K02036.02,CONFIRMED,5.79529495,2.272,334.3,136.77974
9634821,K02037.01,CONFIRMED,73.7578875,2.69,1836.9,183.72348
9634821,K02037.03,CANDIDATE,8.56267266,1.53,608.1,355.13518
8950568,K02038.01,CONFIRMED,8.30537702,3.751,365.6,139.7437
3326377,K01830.01,CONFIRMED,13.22714056,3.2861,812.0,142.20251
11601584,K01831.01,CONFIRMED,51.8098276,6.343,1025.4,182.97335
11601584,K01831.02,CONFIRMED,4.38536428,2.5126,198.5,139.22548
11601584,K01831.03,CONFIRMED,34.205785079,5.1691,183.2,148.8050925
11601584,K01831.04,CONFIRMED,13.97945055,1.2325,356.1,142.33829
8689793,K01893.01,CONFIRMED,3.554856338,2.1004,232.9,131.80398
11673802,K01894.01,CONFIRMED,5.28790754,8.5274,343.9,135.36119
4263293,K01895.01,CONFIRMED,8.45746636,2.2906,1320.3,133.87132
4263293,K01895.02,CONFIRMED,17.28116957,2.829,1562.8,136.00718
4263293,K01895.03,CONFIRMED,32.1340014,2.691,1262.0,142.27582
5695524,K01897.01,CONFIRMED,59.7711433,4.843,574.5,148.96886
6205897,K01967.01,CONFIRMED,4.417692516,2.323,279.2,133.96139
7948784,K01968.01,CONFIRMED,10.08744556,2.9884,568.1,135.13582
9244756,K01969.01,CONFIRMED,16.34355902,5.474,829.4,145.04116
9650808,K01970.01,CONFIRMED,21.96401646,2.7509,693.4,133.03586
9650808,K01970.02,CONFIRMED,125.602323,7.105,925.7,215.4336
8950568,K02038.02,CONFIRMED,12.51353325,4.301,430.8,139.42461
8950568,K02038.03,CONFIRMED,17.9134215,4.364,197.8,135.52921
8950568,K02038.04,CONFIRMED,25.2149143,5.76,174.1,152.6912
8804845,K02039.01,CONFIRMED,5.42586901,2.5342,259.0,135.86589
10480915,K02040.01,CONFIRMED,19.58561177,1.755,532.9,132.36472
11709244,K01832.01,CONFIRMED,4.544436472,1.8141,879.3,134.90159
11709244,K01832.02,CONFIRMED,12.76220558,2.0688,653.8,143.73026
11709244,K01832.03,CONFIRMED,38.7149617,3.441,694.8,134.0313
10019708,K00199.02,FALSE POSITIVE,8.78458274,6.459,210.8,135.37812
11853878,K01833.01,CONFIRMED,3.69298623,1.7744,763.3,132.73624
5728139,K00206.01,CONFIRMED,5.334082429,6.2226,4676.5,131.981761
7668663,K01898.01,CONFIRMED,6.4980147,2.4384,190.9,136.00108
7047922,K01899.01,CONFIRMED,19.76169247,3.9097,392.5,135.17794
9353314,K01900.01,CONFIRMED,5.18498961,2.1397,430.1,131.8814
3629967,K01901.01,CONFIRMED,85.6542476,6.866,476.0,155.12346
9347009,K01971.01,CONFIRMED,19.32945602,3.794,935.5,133.26717
11253711,K01972.01,CANDIDATE,17.79108667,2.662,414.2,149.25344
4917596,K01973.01,CONFIRMED,3.290114076,1.5151,645.3,133.15709
4743513,K00024.01,FALSE POSITIVE,2.086075752,2.2647,3657.8,170.965627
11046458,K00214.01,CONFIRMED,3.311864148,1.4049,5976.5,131.7427761
9111849,K02042.01,CANDIDATE,63.0732241,5.397,671.3,191.2532
7132798,K00220.01,CONFIRMED,2.422084188,2.5613,1871.8,132.940079
3448130,K02043.01,CONFIRMED,78.5461106,8.689,658.7,144.06871
9656252,K02044.01,CONFIRMED,16.92342126,4.1864,1125.3,145.81407
6026438,K02045.01,CONFIRMED,5.47665801,2.5482,648.0,135.70431
9471268,K01835.01,CONFIRMED,4.580346161,2.097,308.3,134.0754
9471268,K01835.02,CONFIRMED,2.248288213,2.0361,263.2,133.425805
9471268,K01835.03,CONFIRMED,6.76690759,1.7062,249.3,136.61633
10657406,K01837.01,CONFIRMED,34.1732156,4.7679,635.0,137.78862
5526527,K01838.01,CONFIRMED,16.7364755,2.151,1147.0,143.13606
5809954,K01902.01,FALSE POSITIVE,137.8645881,1.922,2363.0,172.8113
8766650,K01904.01,CONFIRMED,12.43929428,3.176,254.3,136.37952
10328393,K01905.01,CONFIRMED,7.62635494,2.4168,296.1,136.01585
11773328,K01906.01,CANDIDATE,8.710442022,0.9425,1196.4,134.614376
7094486,K01907.01,CONFIRMED,11.35010642,2.2792,1221.0,134.04612
7289577,K01974.01,CONFIRMED,109.4450597,3.792,1269.6,197.9832
8543100,K01975.01,CONFIRMED,7.56052209,3.8573,659.8,134.47889
2693736,K01976.01,CONFIRMED,12.12401737,3.3091,788.4,134.955
9412760,K01977.01,CONFIRMED,9.38740646,1.6165,384.6,137.38383
9412760,K01977.02,CONFIRMED,7.41556471,1.973,150.4,137.81512
6026438,K02045.02,CONFIRMED,24.2101973,4.046,458.0,141.4698
10663396,K02046.01,CONFIRMED,23.8990075,15.955,293.4,151.39847
11457726,K02047.01,CONFIRMED,6.22161107,3.4117,165.0,131.99094
8956206,K02048.01,CONFIRMED,6.17998508,2.1094,750.5,132.72278
9649706,K02049.01,CONFIRMED,1.569066598,2.7803,147.2,133.04032
5856571,K01839.01,CONFIRMED,9.59068586,3.452,544.6,132.68264
7765528,K01840.01,CONFIRMED,7.03932913,3.514,836.7,133.85433
11760231,K01841.01,CONFIRMED,49.6075771,2.9575,626.7,138.41517
7779077,K01842.01,CONFIRMED,16.84183355,2.6194,822.1,137.99443
6046540,K00200.01,CONFIRMED,7.340714946,2.9987,8510.5,134.3457036
5706966,K01908.01,CONFIRMED,12.55111099,3.1293,494.1,137.26226
3762468,K00208.01,CONFIRMED,3.003879547,3.2848,8538.0,134.709874
5706966,K01908.02,CONFIRMED,24.0884178,3.952,387.2,134.42178
10130039,K01909.01,CONFIRMED,12.75800092,4.1828,187.9,133.95888
10130039,K01909.02,CONFIRMED,5.47033376,3.1441,112.0,131.49548
9518318,K01978.01,CONFIRMED,6.51112385,1.6919,695.1,131.70646
9518318,K01978.02,CONFIRMED,23.85163321,2.4453,833.7,147.61456
7273277,K01979.01,CONFIRMED,2.714078374,1.3115,143.5,133.71179
11769890,K01980.01,CONFIRMED,122.8799543,7.835,717.7,165.46356
6862721,K01982.01,CONFIRMED,4.88753111,2.034,679.6,132.70783
12301181,K02059.01,CONFIRMED,6.14728341,2.7645,119.7,134.87289
9279354,K02060.01,CONFIRMED,2.800111267,1.0237,706.7,132.04865
6774880,K02062.01,CONFIRMED,34.3511339,4.4408,599.4,134.19046
3937519,K00221.01,CONFIRMED,3.413036353,2.61366,3868.7,132.443054
7449541,K02063.01,CONFIRMED,3.00725068,4.4302,285.8,131.90484
5080636,K01843.01,CONFIRMED,4.194496867,1.7807,660.7,134.13511
5080636,K01843.02,CANDIDATE,6.35585682,1.55,176.6,137.49837
3338885,K01845.01,CONFIRMED,1.970340203,1.7901,403.2,131.948389
3338885,K01845.02,CONFIRMED,5.05821338,1.132,748.3,135.702454
6776401,K01847.01,CONFIRMED,26.85323647,4.4557,965.8,143.31303
10130039,K01909.03,CONFIRMED,25.0985083,2.7727,167.6,145.56829
8226050,K01910.01,CONFIRMED,34.2685741,4.8251,699.3,147.05143
9965957,K01911.01,CONFIRMED,5.75321539,1.7948,733.8,136.75617
9704384,K01913.01,CONFIRMED,5.50860699,3.0788,203.9,132.2983
8426567,K01914.01,CONFIRMED,18.93055119,3.372,684.0,143.25058
12508335,K00215.01,FALSE POSITIVE,42.94386258,3.7591,9207.9,155.206515
10094670,K01984.01,CONFIRMED,22.06402,4.1,388.7,148.9199
8142942,K01985.01,CONFIRMED,5.756245244,1.071,623.6,133.903421
8257205,K01986.01,CONFIRMED,148.4601819,5.499,1532.1,151.38686
9044228,K01988.01,CONFIRMED,0.934885365,1.4083,270.4,131.580676
7265298,K02051.01,CONFIRMED,25.7626846,6.908,619.5,147.6963
7265298,K02051.02,CONFIRMED,11.0317836,4.753,182.3,362.3431
7132798,K00220.02,CONFIRMED,4.12511935,2.877,114.7,133.64014
3248501,K02052.01,CANDIDATE,4.22464216,1.403,987.0,133.09108
2307415,K02053.01,CONFIRMED,13.12162167,3.6138,196.9,133.39526
7430034,K01848.01,CONFIRMED,49.6220669,7.222,505.5,137.10149
9735426,K01849.01,CONFIRMED,8.08801663,1.8334,952.9,138.73516
8826168,K01850.01,CONFIRMED,11.55103848,3.3601,402.8,134.90803
10464050,K01851.01,CONFIRMED,4.469754641,1.813,553.9,131.84402
9763348,K01852.01,CONFIRMED,15.77382794,4.957,313.6,137.53051
9101496,K01915.01,CONFIRMED,6.56226483,4.0144,260.8,132.61123
6037581,K01916.01,CONFIRMED,20.67876365,4.6395,323.9,151.69245
10723750,K00209.01,CONFIRMED,50.79034648,10.8474,5671.1,135.632759
6037581,K01916.02,CONFIRMED,9.59993246,4.3206,271.2,136.58227
6037581,K01916.03,CONFIRMED,2.0248205,2.55,63.3,132.35465
10779233,K01989.01,CONFIRMED,201.118319,10.328,584.8,187.56986
11614617,K01990.01,CONFIRMED,24.7577652,6.998,458.7,142.06826
11450414,K01992.01,CONFIRMED,12.7983174,6.401,336.6,133.64979
4736569,K01996.01,CONFIRMED,10.13200555,3.1683,911.6,132.91155
10384798,K01997.01,CONFIRMED,38.505224,5.941,695.2,158.30491
2307415,K02053.02,CONFIRMED,4.6126736,3.0643,133.2,132.7757
3128552,K02055.01,CONFIRMED,8.67890312,3.5317,540.6,133.03651
10134152,K02056.01,CONFIRMED,39.3135699,5.0137,500.1,154.93767
9573685,K02057.01,CONFIRMED,5.94565516,2.1604,401.2,133.99359
10329835,K02058.01,CONFIRMED,1.52373073,1.4796,364.7,131.61813
6849046,K00201.01,CONFIRMED,4.225384543,2.82038,7563.0,137.5606891
8804397,K01853.01,CONFIRMED,60.0853848,7.007,432.2,153.25707
9662811,K01854.01,CONFIRMED,43.0343364,6.571,541.6,137.69007
11570749,K01856.01,CANDIDATE,46.2991052,5.2481,854.9,155.80223
11297236,K01857.01,CONFIRMED,88.6440015,7.82,625.5,145.47193
10074466,K01917.01,CONFIRMED,35.01190875,2.868,436.7,150.37126
8218379,K01920.01,CONFIRMED,16.57099265,2.9052,644.9,133.90704
7755636,K01921.01,CONFIRMED,16.00496657,6.5047,377.5,135.25305
9411166,K01922.01,CONFIRMED,1.954525966,2.0944,392.8,132.29679
9411166,K01922.02,CANDIDATE,15.09521323,3.41,,139.474359
4989057,K01923.01,CONFIRMED,7.23400381,2.165,453.3,137.67742
9834040,K01998.01,CONFIRMED,6.77408984,2.6215,520.3,135.95524
6152974,K00216.01,CONFIRMED,20.172024672,3.1488,5368.1,141.209182
8802693,K02000.01,CONFIRMED,26.41044199,3.0715,991.1,149.39541
6061773,K02001.01,CONFIRMED,8.27745764,2.713,197.2,138.25667
10024701,K02002.01,CONFIRMED,14.37504582,3.208,251.1,139.05924
2579043,K02064.01,CANDIDATE,6.31219171,4.9377,403.7,136.93315
3239671,K02066.01,CONFIRMED,147.97391,6.854,1267.1,263.08561
9304101,K02067.01,CONFIRMED,13.24503482,4.4078,156.1,142.00573
11360571,K02069.01,CONFIRMED,77.2550726,10.214,589.5,159.32399
6035124,K02071.01,CONFIRMED,3.85690686,2.0808,127.8,134.47405
8160953,K01858.01,CONFIRMED,116.3311739,7.025,1586.3,173.68887
8160953,K01858.02,CANDIDATE,86.049055,29.28,429.9,201.0385
4157325,K01860.01,CONFIRMED,6.31943553,3.3422,581.1,132.22892
4157325,K01860.02,CONFIRMED,12.20951755,4.1808,538.1,360.3204
4157325,K01860.03,CONFIRMED,3.07644709,2.6326,216.7,353.7643
5108214,K01924.01,FALSE POSITIVE,2.11913005,4.141,28.7,132.59
9955598,K01925.01,CONFIRMED,68.958447,3.128,123.3,179.08158
10723750,K00209.02,CONFIRMED,18.79591276,7.5235,2431.4,145.821854
7219761,K01927.01,FALSE POSITIVE,47.76397728,4.08,,165.041066
5770074,K01928.01,CONFIRMED,63.0380366,7.3702,658.7,169.12161
10136549,K01929.01,CONFIRMED,9.69315023,5.6725,141.8,132.81362
9851271,K02003.01,FALSE POSITIVE,8.48031229,7.105,351.1,135.85319
12154526,K02004.01,CONFIRMED,56.1886436,6.5272,346.2,146.37945
6665512,K02005.01,CONFIRMED,6.92101452,4.3591,529.7,135.64343
10525027,K02006.01,CONFIRMED,3.27344784,1.7292,262.5,134.45023
11069176,K02007.01,CONFIRMED,15.3789014,4.662,185.1,143.40629
10005758,K01783.01,CONFIRMED,134.4785189,5.9288,4033.5,169.28141
10158418,K01784.01,CANDIDATE,5.007414194,1.3584,4413.9,135.024066
3128793,K01786.01,FALSE POSITIVE,24.68662378,15.168,8052.3,137.53976
5864975,K01787.01,CONFIRMED,98.7179332,6.593,7320.0,131.58694
2975770,K01788.01,CONFIRMED,71.52543938,5.9189,5904.3,191.69147
3648437,K01861.01,CANDIDATE,17.50441726,4.2585,725.4,135.74731
7877496,K00202.01,CONFIRMED,1.72086129,2.0243,10184.5,133.0209998
7286173,K01862.01,CONFIRMED,56.4349933,4.7381,580.0,151.41082
11126381,K01863.01,CONFIRMED,33.7888028,5.496,649.2,153.65384
4149450,K01864.01,CONFIRMED,3.215109385,4.365,158.0,133.77747
10136549,K01929.02,CONFIRMED,3.29276797,4.8069,80.7,133.00741
5511081,K01930.01,CONFIRMED,13.72710334,7.3419,199.2,138.74473
5511081,K01930.02,CONFIRMED,24.3110031,8.7682,184.4,137.0394
5511081,K01930.03,CONFIRMED,44.4304059,10.306,238.5,143.5462
5511081,K01930.04,CONFIRMED,9.34145925,6.18,81.7,132.38581
10978763,K01931.01,CONFIRMED,4.97760447,2.5719,287.3,134.67304
11069176,K02007.02,CONFIRMED,21.1285655,3.852,176.7,149.27632
8098728,K02008.01,FALSE POSITIVE,24.4851178,4.642,263.8,137.6248
6152974,K00216.02,CONFIRMED,7.51854537,2.845,286.7,132.53078
2449431,K02009.01,CANDIDATE,86.7490807,9.179,547.1,170.29281
5631630,K02010.01,CONFIRMED,25.96190067,6.2732,350.3,138.96908
6504954,K01790.01,CONFIRMED,130.3543929,6.474,5128.7,144.06022
9410930,K00196.01,CONFIRMED,1.855557556,2.35672,10570.1,137.181028
5731623,K01793.01,CANDIDATE,3.261759866,1.7593,3876.1,131.778858
6153672,K01794.01,FALSE POSITIVE,3.364425589,1.3261,4843.0,131.66843
10676014,K01797.01,CONFIRMED,16.78175788,3.7386,908.0,139.79356
9520838,K01866.01,CONFIRMED,105.3035093,6.214,1362.2,207.17015
8167996,K01867.01,CONFIRMED,2.549562652,1.6999,495.1,132.60803
8167996,K01867.02,CONFIRMED,13.96950181,1.5871,1110.0,132.17062
8167996,K01867.03,CONFIRMED,5.21230171,2.098,430.0,132.71052
6773862,K01868.01,CONFIRMED,17.76076524,1.6679,1287.2,137.50778
10978763,K01931.02,CONFIRMED,10.55840479,3.366,194.2,136.34449
10602291,K00210.01,CANDIDATE,20.92735802,3.4256,8091.0,139.325791
10978763,K01931.03,CONFIRMED,6.98800953,3.103,193.2,132.56964
5202905,K01932.01,CONFIRMED,22.8245144,6.617,322.7,144.46843
9072190,K01933.01,CONFIRMED,49.1011093,6.341,845.6,136.47265
5384079,K02011.01,CONFIRMED,7.05675145,2.0261,130.0,132.53512
9839821,K02012.01,CONFIRMED,34.8536903,5.333,767.7,164.04668
4056616,K02013.01,CONFIRMED,2.41434868,1.2701,191.0,132.42878
6707908,K02014.01,FALSE POSITIVE,2.466070972,1.9559,704.5,132.32097
8492026,K02016.01,CONFIRMED,4.30656389,4.1107,257.0,132.44098
6867766,K01798.01,FALSE POSITIVE,12.964717746,1.8303,3732.9,136.143342
6058614,K01799.01,FALSE POSITIVE,1.731079436,1.8419,11974.0,134.77977
11017901,K01800.01,CONFIRMED,7.794302043,1.1081,3387.4,137.260385
5088591,K01801.01,CONFIRMED,14.5324483,3.13,1355.9,140.72407
11298298,K01802.01,CONFIRMED,5.248667607,1.917,601.2,135.516708
10187159,K01870.01,CONFIRMED,7.96431492,1.5342,746.0,136.81646
9758089,K01871.01,CONFIRMED,92.7297248,6.83,1257.5,177.43808
10619192,K00203.01,CONFIRMED,1.485710994,2.2874,20823.9,132.7935653
9883311,K01872.01,CANDIDATE,30.5231459,2.7286,2212.3,146.85072
4939346,K01873.01,CONFIRMED,71.3116598,8.813,2138.0,132.39239
4242147,K01934.01,CANDIDATE,28.78270955,3.451,864.5,132.3189
5396122,K01935.01,FALSE POSITIVE,15.44428875,2.0791,3596.2,138.1678
10190777,K01937.01,CONFIRMED,1.411230023,1.4325,388.2,132.641925
9651234,K01938.01,CONFIRMED,96.9151707,6.065,862.8,187.08955
7045496,K01939.01,CONFIRMED,13.47472742,2.5995,729.6,133.48999
8750043,K02017.01,CONFIRMED,2.29503515,1.654,172.1,132.69329
9973109,K02018.01,CONFIRMED,27.495634,4.858,483.3,133.28538
6226290,K02019.01,CONFIRMED,14.08826442,4.1847,889.4,137.34334
9595827,K00217.01,CONFIRMED,3.905081685,2.8213,21340.5,133.4150433
9349482,K02020.01,CONFIRMED,110.9643706,12.831,1283.2,187.04621
4349442,K01803.01,CANDIDATE,4.539297295,1.9455,798.1,133.9595824
4644952,K01805.01,CONFIRMED,6.94135824,1.8899,825.0,137.5437
2987027,K00197.01,CONFIRMED,17.276296682,3.94738,10458.0,133.839172
4644952,K01805.02,CONFIRMED,31.7821117,3.856,570.2,134.8645
4644952,K01805.03,CONFIRMED,4.36273233,2.2375,341.6,135.23342
8978528,K01874.01,CONFIRMED,18.6848377,3.7965,1251.5,136.14587
8978528,K01874.02,CONFIRMED,7.41634701,2.1362,505.5,135.85372
9967771,K01875.01,CONFIRMED,9.91724268,3.2241,457.9,135.1389
11622600,K01876.01,CONFIRMED,82.5341188,4.8556,1895.4,209.12763
10454632,K01877.01,CONFIRMED,20.16037858,4.13,343.6,144.34281
10005788,K01940.01,CONFIRMED,10.99470891,1.5929,884.7,137.35769
10005788,K01940.02,CANDIDATE,6.73679732,2.36,,136.4043415
10656508,K00211.01,CANDIDATE,124.03589939,4.8472,7690.0,136.015098
5213902,K01941.01,FALSE POSITIVE,1.194812329,1.3777,189.5,132.18329
2832589,K01942.01,CONFIRMED,10.84969477,3.474,1122.1,136.74432
2438513,K01944.01,CONFIRMED,12.18420006,2.5014,499.3,139.05644
6356207,K02021.01,CONFIRMED,3.76417012,2.0111,558.4,132.35462
8564674,K02022.01,CONFIRMED,5.92972237,2.518,412.1,135.49811
8564674,K02022.02,CONFIRMED,12.2476121,3.209,402.7,138.2196
8578780,K02023.01,CONFIRMED,13.59051547,3.784,621.9,133.07217
4544907,K02024.01,CONFIRMED,46.8776724,10.041,539.8,137.66791
7761918,K01808.01,CONFIRMED,89.1935737,4.0104,868.3,217.82184
8240797,K01809.01,CONFIRMED,13.09390911,2.2805,398.7,144.525
8240797,K01809.02,CONFIRMED,4.915385452,2.7757,225.5,132.69448
8164262,K01810.01,FALSE POSITIVE,87.455958,18.257,1604.9,136.23042
6279974,K01812.01,FALSE POSITIVE,0.805259257,1.42246,1384.3,132.100916
9455325,K01813.01,CONFIRMED,9.76785911,2.1649,585.4,139.43968
3098810,K01878.01,CONFIRMED,40.80957343,3.158,436.1,142.69218
8367644,K01879.01,CONFIRMED,22.08551599,2.1727,3157.4,135.23432
10332883,K01880.01,CONFIRMED,1.151166776,1.0907,578.4,133.231766
9071386,K00023.01,FALSE POSITIVE,4.693305543,5.17249,14522.9,136.8627229
9305831,K00204.01,CONFIRMED,3.246732048,3.0535,6998.2,133.379165
2438513,K01944.02,FALSE POSITIVE,8.3606759,6.287,194.8,138.81934
11656918,K01945.01,CONFIRMED,62.1385979,4.2938,886.3,161.14834
11656918,K01945.02,CANDIDATE,17.1181036,1.29,167.7,136.19429
10844890,K01946.01,CANDIDATE,8.29482811,2.7437,559.5,133.50201
9536692,K01948.01,FALSE POSITIVE,26.635216,5.949,1492.8,155.5577
4636578,K02025.01,CONFIRMED,17.84850835,5.8919,391.2,148.39117
4636578,K02025.02,CONFIRMED,26.1363443,6.613,362.2,131.61796
4636578,K02025.03,CONFIRMED,11.1895709,5.3,143.3,140.63504
11923284,K02026.01,CONFIRMED,2.757977384,2.1489,211.0,131.87907
9838975,K00218.01,FALSE POSITIVE,18.692860599,3.88584,51256.5,143.8331829
5621125,K01814.01,CONFIRMED,14.80075082,5.762,501.4,132.82179
9872283,K01815.01,CONFIRMED,3.126861192,1.1926,794.6,133.724959
10666242,K00198.01,FALSE POSITIVE,87.24250316,4.1206,17860.5,153.344695
8624520,K01816.01,CANDIDATE,10.240611361,0.9617,2958.0,131.667897
7870032,K01818.01,CONFIRMED,16.87725775,3.7917,818.4,138.64907
9597058,K01819.01,CONFIRMED,12.05705659,2.3462,523.9,135.41595
4035640,K01881.01,CONFIRMED,28.26727385,4.5839,1160.2,140.92561
6205228,K01882.01,CONFIRMED,3.770590654,2.029,314.4,133.39088
11758544,K01883.01,CONFIRMED,2.7073064,3.4378,69.5,132.43068
4851530,K01884.01,CANDIDATE,23.11707222,3.9948,2407.5,149.56221
4851530,K01884.02,CANDIDATE,4.77502117,1.7087,451.4,355.45644
3118797,K01950.01,CONFIRMED,66.4159789,7.061,2053.2,188.13988
7747425,K01952.01,CONFIRMED,8.0103929,4.2713,294.1,135.31823
6300348,K00212.01,CANDIDATE,5.69590202,3.5661,4921.1,139.231637
7747425,K01952.02,CONFIRMED,27.6666375,6.315,324.0,143.86343
7747425,K01952.03,CONFIRMED,5.19559398,3.748,116.0,132.72178
7102316,K02028.01,CONFIRMED,57.2488518,6.083,1455.6,184.6864
7102316,K02028.02,CONFIRMED,37.0551726,5.439,1028.8,200.20176
9489524,K02029.01,CONFIRMED,16.33269981,2.174,300.4,136.90909
9489524,K02029.02,CONFIRMED,10.05550267,2.951,147.7,173.2234
5940165,K02031.01,CONFIRMED,9.30413878,1.9254,637.3,140.33868
8277797,K01820.01,CONFIRMED,4.33722007,2.4973,358.5,132.85152
8277797,K01820.02,CONFIRMED,1.653889476,1.7242,124.4,132.18845
5124667,K01822.01,CONFIRMED,150.8783198,8.6797,659.9,206.69223
2989404,K01824.01,CONFIRMED,3.553831111,3.1029,191.8,134.64066
2989404,K01824.02,CONFIRMED,1.6783263,2.5123,146.3,136.05259
11413812,K01885.01,CONFIRMED,5.65378163,1.9483,366.8,131.71154
9549648,K01886.01,CONFIRMED,5.99185827,1.7215,186.3,136.88244
10063802,K01888.01,CONFIRMED,120.0183551,11.637,886.0,134.18742
11074178,K01889.01,CONFIRMED,14.30517579,4.535,863.4,135.06301
11074178,K01889.02,CONFIRMED,9.18189122,4.343,363.6,132.40505
11030475,K02248.04,CANDIDATE,2.64622742,1.407,155.5,132.66343
5942808,K02250.01,CONFIRMED,2.935362067,1.5043,1052.6,136.18415
6206214,K02252.01,CONFIRMED,13.53953595,4.389,134.2,143.15629
8959839,K02253.01,CONFIRMED,22.7082375,3.503,298.8,133.72114
7672097,K02255.01,CONFIRMED,7.97033985,2.6675,490.8,136.55775
6142862,K02336.01,FALSE POSITIVE,5.33459393,2.642,226.3,133.43443
5599774,K02337.01,CONFIRMED,8.49640437,2.2128,834.0,138.73595
8099138,K02338.01,CONFIRMED,66.1843646,5.155,560.5,141.62259
7033233,K02339.01,CONFIRMED,2.032318856,1.1596,287.5,132.64394
7033233,K02339.02,CANDIDATE,65.18703725,5.44,,177.6208875
6383785,K00239.02,CONFIRMED,3.62275506,2.7868,180.6,132.99267
9411412,K02101.01,CONFIRMED,2.892216772,1.3596,360.5,132.87726
7008211,K02102.01,CONFIRMED,187.746606,5.885,1583.0,157.35064
7620413,K02103.01,CONFIRMED,2.543063763,2.8473,152.0,132.68159
4545187,K00223.01,CONFIRMED,3.177414601,1.5262,1134.3,134.478892
10854546,K02104.01,CONFIRMED,2.168451063,1.458,466.9,132.14107
11774991,K02173.01,CONFIRMED,37.8154157,4.662,286.4,141.10346
11774991,K02173.02,CONFIRMED,53.5783052,5.194,224.9,171.1857
8261920,K02174.01,CANDIDATE,6.69332825,2.311,781.8,137.70324
8261920,K02174.02,CONFIRMED,33.1362861,4.163,825.2,169.50676
8261920,K02174.03,CONFIRMED,7.72513619,2.042,382.2,176.80202
9112931,K02256.01,CONFIRMED,10.71253475,2.7186,1198.6,137.16499
9071593,K02257.01,CONFIRMED,32.5635249,5.418,578.3,163.46038
8126558,K02259.01,CONFIRMED,12.19140405,1.8832,665.8,136.33677
11811193,K02260.01,CONFIRMED,6.11784972,3.458,60.5,133.61873
3734418,K02261.01,CONFIRMED,3.97599629,2.2029,206.0,133.62238
8681734,K02340.01,CONFIRMED,7.68478504,2.447,274.1,137.64035
10232693,K02341.01,FALSE POSITIVE,0.990516282,2.019,101.6,131.84152
10212441,K02342.01,CONFIRMED,15.0447098,5.823,97.9,133.20895
6119141,K02343.01,CANDIDATE,29.0726293,2.516,439.6,136.97364
8247771,K02344.01,CONFIRMED,1.118547814,1.5534,234.8,132.84826
8165946,K02105.01,CONFIRMED,6.42199919,2.6192,161.6,134.58037
12017109,K02106.01,CONFIRMED,9.75374033,2.348,430.8,134.06014
9225395,K02107.01,CONFIRMED,81.3153052,5.807,715.5,175.9957
10709622,K02108.01,CONFIRMED,51.3283527,9.357,692.3,177.67418
11499228,K02109.01,CONFIRMED,19.7919389,3.787,383.7,149.30719
9022166,K02175.01,CONFIRMED,26.8475962,10.068,254.1,142.17023
10965588,K02177.01,CONFIRMED,62.8917493,6.831,791.0,139.12778
10670119,K02179.01,CONFIRMED,14.87149773,2.4076,944.9,137.69573
10670119,K02179.02,CONFIRMED,2.732767897,1.1102,613.1,354.09581
4043443,K00231.01,FALSE POSITIVE,119.8401019,3.6796,5448.7,161.863461
8491277,K00234.01,CONFIRMED,9.61375316,4.654,797.9,132.185679
3734418,K02261.02,CANDIDATE,6.6254781,2.358,122.0,136.1733
8613535,K02263.01,CONFIRMED,29.9685917,6.678,309.5,147.8598
12256520,K02264.01,CONFIRMED,33.2407985,4.675,341.9,143.46683
3337432,K02265.01,FALSE POSITIVE,2.97600846,4.274,103.2,132.98121
5629538,K02345.01,CONFIRMED,15.18727049,4.509,292.5,134.05495
8561231,K02346.01,CONFIRMED,28.6853212,6.307,689.1,159.87094
8235924,K02347.01,CONFIRMED,0.588001053,1.1451,297.4,132.058754
6941084,K02348.01,CONFIRMED,85.7357202,7.625,747.7,170.98121
6200235,K02350.01,CONFIRMED,1.078389713,1.3394,300.5,133.25041
11460462,K02110.01,CONFIRMED,5.03728033,2.0619,76.3,134.1094
8612275,K02111.01,CONFIRMED,3.289726319,2.3274,234.9,131.75522
8612275,K02111.02,CONFIRMED,7.18644594,1.4972,402.0,136.62345
7207061,K02113.01,CONFIRMED,15.94248453,3.4894,1093.7,146.33157
4545187,K00223.02,CONFIRMED,41.0081117,4.376,1004.5,147.03382
7286911,K02180.01,CONFIRMED,11.55562042,1.6758,441.5,138.19752
8591173,K02181.01,CONFIRMED,12.2885046,2.807,342.1,141.61869
6962109,K02182.01,CONFIRMED,17.13263125,3.0555,850.2,147.1546
5706595,K02183.01,CONFIRMED,19.0231361,3.431,401.6,139.65988
5706595,K02183.02,CONFIRMED,4.57948235,3.106,207.1,135.09685
10489345,K02266.01,CONFIRMED,1.003931703,1.4361,491.1,132.09988
11774303,K02269.01,FALSE POSITIVE,0.614083885,0.9817,389.5,132.46969
10329469,K02271.01,CONFIRMED,55.8224775,5.457,879.6,169.03741
9654875,K02272.01,CANDIDATE,1.34145255,7.502,26.6,132.69106
9717943,K02273.01,CONFIRMED,6.11010439,2.314,59.7,136.91214
8026752,K00240.01,CONFIRMED,4.286866229,4.4726,1321.9,138.614882
1872821,K02351.01,CONFIRMED,10.27380957,3.252,352.8,134.65748
8013439,K02352.01,CONFIRMED,13.39155154,3.391,48.9,133.05499
8013439,K02352.02,CONFIRMED,5.62904396,3.7295,39.5,134.74679
8013439,K02352.03,CONFIRMED,8.2562857,2.0378,37.3,137.9267
7207061,K02113.02,CONFIRMED,12.33087921,3.0664,872.2,361.9744
6921944,K02114.01,CONFIRMED,4.421566535,2.1229,684.0,132.18465
9532052,K02115.01,CONFIRMED,15.72585941,3.8284,1313.1,133.98774
8164012,K02116.01,CONFIRMED,1.252753881,2.1472,200.0,133.17054
4140813,K02117.01,CONFIRMED,13.36019864,2.788,699.9,131.81481
8611781,K02185.01,CONFIRMED,76.957056,9.551,367.1,192.33682
3097926,K02186.01,CANDIDATE,14.97974335,4.126,1211.8,143.46174
10518424,K02188.02,CANDIDATE,6.7445683,3.813,86.6,135.5092
5730445,K02189.01,CANDIDATE,33.35859852,2.286,1825.9,137.57061
5601258,K02191.01,CONFIRMED,8.84784273,2.0572,460.2,140.15085
7960980,K02274.01,CONFIRMED,9.98970266,3.7,988.4,133.76102
8107225,K00235.01,CONFIRMED,5.63252508,2.1448,634.4,133.81818
3458028,K02276.01,CONFIRMED,1.442592305,2.9698,166.0,134.07188
3342794,K02278.01,CONFIRMED,14.17222858,2.6297,246.8,142.60134
3342794,K02278.02,CONFIRMED,4.92031063,4.046,81.0,135.40577
5716932,K02358.01,CONFIRMED,56.4931698,8.704,411.9,143.99262
11288051,K00241.01,CONFIRMED,13.82142084,3.985,765.2,131.79237
7515670,K02360.01,FALSE POSITIVE,2.30367952,3.0898,136.4,133.76909
11566256,K02361.01,CONFIRMED,5.78387049,1.3966,413.3,135.5798
8495415,K02362.02,CONFIRMED,11.08507658,1.751,771.8,355.03627
4055304,K02119.01,CONFIRMED,0.571038347,1.1267,242.1,131.653752
4857213,K02120.01,CONFIRMED,8.77425786,2.2245,239.6,132.33386
9415108,K02121.01,CONFIRMED,4.51005082,2.1533,294.8,134.56954
4262581,K02122.01,CONFIRMED,37.6468519,6.344,427.4,161.46355
8591693,K02123.01,CONFIRMED,29.4557841,3.451,533.8,154.17062
4833421,K00232.01,CONFIRMED,12.466004437,5.0066,2232.1,134.003258
8282651,K02193.01,CONFIRMED,2.361724472,1.2167,587.0,133.23932
3548044,K02194.01,CONFIRMED,34.7630543,4.309,293.7,161.74217
11401767,K02195.01,CONFIRMED,20.0545282,7.173,305.4,136.56587
10909127,K02200.01,CONFIRMED,3.17059731,1.6686,325.4,132.67813
3661886,K02279.01,CONFIRMED,27.0142622,5.385,287.6,132.52245
3661886,K02279.02,CONFIRMED,12.50945798,3.479,155.3,136.99217
2439243,K02280.01,CONFIRMED,26.0203329,4.965,1164.4,154.5286
9221517,K02281.01,CONFIRMED,0.769854899,1.0243,109.6,132.51944
6751874,K02282.01,CONFIRMED,6.89226333,2.4921,214.4,132.4644
10863608,K02368.01,CONFIRMED,8.07127043,2.393,318.2,137.76604
5602588,K02369.01,CONFIRMED,11.01819178,4.635,545.7,139.87858
11288051,K00241.02,CONFIRMED,30.9505927,5.394,301.4,153.84507
5602588,K02369.02,CANDIDATE,6.3143447,2.796,191.4,173.3097
5385304,K02370.01,CANDIDATE,78.7327023,5.041,495.8,168.72926
5547480,K00224.01,FALSE POSITIVE,3.979867514,2.3607,907.6,132.071233
11462341,K02124.01,CANDIDATE,42.3375799,4.924,354.8,158.25187
9405595,K02125.01,CONFIRMED,23.3593589,5.389,570.1,144.01826
3546060,K02126.01,CONFIRMED,9.69310837,2.734,1130.7,134.53003
7019489,K02128.01,FALSE POSITIVE,24.2598301,3.897,1540.3,132.47982
2141783,K02201.01,FALSE POSITIVE,116.5214317,5.577,771.5,144.13378
4144576,K02202.01,CONFIRMED,0.813166357,1.4122,173.5,131.82536
8494542,K02204.01,CONFIRMED,10.86062378,2.2874,189.6,136.65957
9992325,K02205.01,CONFIRMED,24.08632177,2.236,1041.7,148.20086
11073656,K02206.01,CANDIDATE,1.834277283,1.7499,286.5,132.85895
10206675,K02283.01,FALSE POSITIVE,17.40208965,3.745,616.5,141.93057
9945370,K02285.01,CONFIRMED,37.9456138,4.093,1032.9,134.78331
3832716,K00027.01,FALSE POSITIVE,1.141877248,4.33931,309490.0,170.3386848
8453211,K00236.01,FALSE POSITIVE,5.77675928,6.789,3522.5,143.09616
8973129,K02286.01,CONFIRMED,24.1738244,3.056,532.6,135.62471
12505654,K02353.01,CONFIRMED,5.186737262,0.8023,712.7,134.99509
7215678,K02354.01,CANDIDATE,1.151244686,1.272,269.6,132.64551
11670125,K02355.01,CONFIRMED,1.217000383,1.3285,459.8,132.03128
11461844,K02356.01,CONFIRMED,13.6823798,4.153,179.6,139.18611
7449554,K02357.01,CANDIDATE,2.42088277,2.812,223.3,133.57809
9351920,K02129.01,CONFIRMED,8.79618433,3.3781,286.3,135.67645
2161536,K02130.01,CONFIRMED,16.85592593,2.309,871.5,138.26808
10549023,K02131.01,CONFIRMED,14.36270451,4.564,349.4,141.435
9661979,K02132.01,CONFIRMED,69.8956789,5.276,548.4,160.66805
8219268,K02133.01,CONFIRMED,6.24667547,11.261,396.8,136.38688
10531955,K02208.01,CONFIRMED,2.344512589,1.4116,58.9,132.87316
4833421,K00232.02,CONFIRMED,5.766165573,3.8314,364.8,134.01725
8168187,K02209.01,CONFIRMED,18.3027235,8.262,186.7,142.89166
4142847,K02210.01,CONFIRMED,2.888904439,1.6043,402.2,132.15271
10203349,K02212.01,CONFIRMED,17.14648756,4.2354,440.3,140.66122
9718066,K02287.01,CONFIRMED,16.09227518,2.1072,128.5,142.51659
3440978,K02288.01,CANDIDATE,38.103908,3.837,961.1,161.08647
3867615,K02289.01,CONFIRMED,62.7843981,4.81,325.0,157.30698
12121570,K02290.01,CONFIRMED,91.500873,4.842,704.8,165.67309
8410415,K02291.01,CONFIRMED,44.2993483,4.298,797.9,141.28194
7987866,K02363.01,CONFIRMED,3.13877646,1.6663,174.1,133.65614
9532710,K02364.01,CANDIDATE,5.24242029,6.413,334.9,133.23047
11560897,K02365.01,CONFIRMED,35.9682692,2.839,269.7,138.66885
11342416,K02366.01,CONFIRMED,25.3690868,4.746,110.1,143.68699
9086251,K02367.01,CONFIRMED,6.89213244,1.725,82.0,131.63179
4254466,K02134.01,CONFIRMED,42.3006282,4.372,507.9,168.77783
5801571,K00225.01,FALSE POSITIVE,0.838597429,1.68668,2482.1,141.537817
9904006,K02135.01,CONFIRMED,55.1866213,9.133,375.5,180.75953
5288570,K02136.01,FALSE POSITIVE,1.728528176,3.682,197.6,131.80851
9364609,K02137.01,CONFIRMED,14.97436238,2.4461,265.4,141.50057
7457296,K02213.01,CONFIRMED,3.97076603,1.814,349.2,134.63962
10328458,K02214.01,CONFIRMED,2.352273912,1.7389,318.6,131.80267
7050060,K02215.01,FALSE POSITIVE,22.0425953,61.2018,348.0,134.1281
4248120,K02216.01,CONFIRMED,23.34036251,2.054,615.1,136.20727
9580992,K02217.01,CANDIDATE,37.8034121,4.641,678.1,155.37719
8321314,K02293.01,CONFIRMED,15.03366411,3.272,374.9,144.98055
6934986,K02294.01,CANDIDATE,131.485184,5.294,557.8,177.48749
4049901,K02295.01,CANDIDATE,16.2908527,3.176,44.1,132.11774
11498128,K02296.01,CONFIRMED,106.247882,13.78,397.4,135.7435
8041216,K00237.01,CONFIRMED,8.508333104,3.4559,646.5,134.785645
11824786,K02371.01,CONFIRMED,12.94123564,4.636,328.8,139.89901
12254909,K02372.01,CONFIRMED,5.349791,4.279,88.8,133.8836
10798331,K02373.01,CANDIDATE,147.281212,7.375,452.8,148.80124
9364290,K02374.01,CONFIRMED,5.26211833,3.244,194.5,136.37566
9364290,K02374.02,CONFIRMED,12.1628195,2.3161,306.3,137.52402
5022828,K02138.01,CONFIRMED,23.5541012,7.3,95.2,144.21486
8233702,K02140.01,CONFIRMED,41.6977582,5.513,684.8,134.24608
11403339,K02143.01,CONFIRMED,4.79029482,2.7219,142.0,134.95277
8260902,K02144.01,CONFIRMED,38.6715843,5.532,599.3,157.61988
8381204,K02145.01,CONFIRMED,8.32651854,5.483,267.9,135.58655
12058204,K02218.01,CONFIRMED,5.53533152,2.793,260.6,132.76087
12058204,K02218.02,CONFIRMED,16.7261969,2.708,194.9,143.74673
4833421,K00232.03,CONFIRMED,21.58752788,4.4968,336.8,142.96728
5357545,K02219.01,CONFIRMED,3.757294695,0.9269,273.3,133.95965
6871071,K02220.01,CONFIRMED,3.2828024,3.2532,142.5,131.89965
5342473,K02297.01,CONFIRMED,4.64495172,3.366,147.4,136.02095
9334893,K02298.01,CANDIDATE,16.6671415,3.526,175.0,141.76551
9963265,K02299.01,CONFIRMED,16.48686712,1.431,987.9,139.20338
10583761,K02300.01,CONFIRMED,2.685054445,1.0473,252.7,132.60443
7542813,K02302.01,CONFIRMED,16.8600805,5.557,273.4,139.84916
12058147,K02072.01,CONFIRMED,1.54320541,2.5779,91.2,131.5554
8164257,K02073.01,CONFIRMED,49.5004725,5.772,965.2,139.04294
8164257,K02073.02,CONFIRMED,6.47539108,2.7048,530.6,137.5825
8164257,K02073.03,CONFIRMED,16.85825609,2.0728,759.6,142.34289
10593759,K00025.01,FALSE POSITIVE,3.132604547,3.6337,9969.2,136.010454
6774537,K02146.01,CONFIRMED,2.949029106,2.0311,358.3,133.13832
10404582,K02147.01,CONFIRMED,37.8658964,4.782,395.2,134.36237
5959753,K00226.01,CONFIRMED,8.30865307,3.2747,836.1,138.10788
6021193,K02148.01,CONFIRMED,11.93205399,6.205,178.5,142.10648
6021193,K02148.02,CONFIRMED,7.54235832,4.73,132.5,132.96117
6871071,K02220.02,CONFIRMED,5.02818253,3.526,181.3,134.10891
6871071,K02220.03,CONFIRMED,1.897828815,2.7114,132.4,132.6785
6287313,K02221.01,CONFIRMED,10.62788695,4.576,326.7,137.81843
9289704,K02222.01,CANDIDATE,34.135676,9.12,622.0,157.7959
9278725,K02223.01,CONFIRMED,1.104462494,1.0458,469.1,132.32134
4458082,K02303.01,CONFIRMED,4.89336495,3.485,138.3,133.6449
8042453,K02304.01,CONFIRMED,11.17392077,3.307,324.8,134.70626
10874215,K02305.01,CONFIRMED,31.0325991,3.476,737.4,152.27157
6666233,K02306.01,FALSE POSITIVE,0.512407185,1.0579,329.2,132.240449
7661065,K02307.01,FALSE POSITIVE,4.150297119,1.2058,593.4,134.9355
3937519,K00221.02,CONFIRMED,5.89661966,3.154,144.0,134.03046
8866137,K02074.01,CONFIRMED,33.4178173,4.645,1166.8,155.58781
10857519,K02075.01,CONFIRMED,2.053341891,2.596,65.5,134.51606
9517393,K02076.01,CONFIRMED,56.7769831,6.864,884.3,181.09789
9351316,K02078.01,CONFIRMED,18.78429232,3.1136,1009.5,137.88207
6021193,K02148.03,CONFIRMED,3.61460279,3.227,64.8,134.69521
10617017,K02149.01,CONFIRMED,13.15140223,5.439,97.8,144.16237
3229150,K02150.01,CONFIRMED,18.5084526,6.596,758.9,131.54555
7989422,K02151.01,FALSE POSITIVE,7.47763833,2.5693,110.0,133.40976
9641481,K02152.01,CONFIRMED,42.1918331,7.083,488.7,155.31211
8892157,K02224.01,CONFIRMED,3.73090026,2.9095,191.2,132.89428
8892157,K02224.02,CANDIDATE,86.130534,3.321,285.2,200.9117
11569782,K02225.01,CONFIRMED,2.787874175,2.0348,197.4,133.90417
4833421,K00232.04,CONFIRMED,37.9962369,6.7751,403.7,162.97984
11520459,K02226.01,CANDIDATE,8.46354384,1.4078,792.2,134.35341
7219825,K00238.01,CONFIRMED,17.23232894,4.5568,509.8,135.0922
3749978,K02308.01,CONFIRMED,28.5057217,6.324,755.8,132.92075
10010440,K02309.01,CONFIRMED,53.5991459,6.811,523.1,147.43015
11718144,K02310.01,CONFIRMED,16.4581861,1.9637,435.8,134.01969
4247991,K02311.01,CANDIDATE,191.86419296,4.9,,294.47036
4247991,K02311.02,CANDIDATE,13.72549689,7.62,,145.03352
10026544,K02312.01,CANDIDATE,176.331289,13.89,109.8,170.8589
9473078,K02079.01,CONFIRMED,0.693842661,1.6197,49.3,132.18157
10864531,K02080.01,CONFIRMED,83.4887405,6.21,955.4,188.53792
10864531,K02080.02,CONFIRMED,34.0607677,2.471,818.9,141.35928
2853780,K02081.01,CANDIDATE,6.2141496,10.141,183.4,132.25182
9472000,K02082.01,CONFIRMED,31.5888979,3.438,360.6,155.61538
10253547,K02153.01,CONFIRMED,59.9809868,7.588,282.4,176.14903
10253547,K02153.02,CONFIRMED,25.7457957,7.073,140.3,135.94806
12505076,K02154.01,CONFIRMED,11.92979348,6.152,709.3,136.66919
6185476,K00227.01,CANDIDATE,17.65737838,3.509,2155.7,136.585509
12116380,K02155.01,CONFIRMED,4.3394569,2.3652,337.4,132.80309
2556650,K02156.01,CONFIRMED,2.852348262,0.7051,1402.9,132.044534
10600955,K02227.01,CONFIRMED,65.6480892,5.746,588.7,173.30166
10801100,K02228.01,FALSE POSITIVE,102.653705,53.5887,687.3,222.9895
4473226,K02229.01,CONFIRMED,14.83340944,3.927,783.0,135.44213
8914779,K02230.01,FALSE POSITIVE,0.987338654,2.591,26.5,131.88155
2854181,K02232.01,CONFIRMED,101.1323475,4.366,1502.9,210.18316
8963721,K02233.01,FALSE POSITIVE,1.811460943,5.065,428.5,132.93207
10132832,K02313.01,CONFIRMED,16.07673148,2.205,488.0,143.39091
3219995,K02314.01,CONFIRMED,18.87058705,3.4701,588.0,143.95639
6062929,K02315.01,CONFIRMED,22.1334224,2.049,654.6,152.18405
7504778,K02316.01,CONFIRMED,17.1369408,6.416,362.1,141.01497
7219825,K00238.02,CONFIRMED,26.6951944,4.576,132.6,143.9999
7097965,K02083.01,CONFIRMED,7.72085047,1.8264,267.0,136.563
4249725,K00222.01,CONFIRMED,6.312508525,2.7455,1286.0,132.654418
3967326,K02084.01,CONFIRMED,4.19577385,2.1557,874.2,135.17605
6768394,K02086.01,CONFIRMED,7.1329472,4.368,145.0,135.99259
6768394,K02086.02,CONFIRMED,8.91901228,4.141,180.6,140.0777
5211199,K02158.01,CONFIRMED,4.5620407,2.8521,81.6,132.64295
8804455,K02159.01,CANDIDATE,7.5966998,3.667,127.5,131.95296
8804455,K02159.02,FALSE POSITIVE,2.392630668,1.3705,101.5,133.7861
5546761,K02160.01,CONFIRMED,17.6700291,6.693,348.4,131.60103
5546761,K02160.02,CANDIDATE,15.40877383,3.49,,139.4831786
9205938,K02162.01,CONFIRMED,108.593113,7.989,338.2,173.75198
10723367,K02236.01,CONFIRMED,19.9865916,4.391,648.0,135.52265
10723367,K02236.02,CONFIRMED,12.12580644,3.289,327.5,142.10763
5005121,K02237.01,CONFIRMED,76.421501,7.218,578.4,164.4879
4833421,K00232.05,CONFIRMED,56.2590881,8.114,348.8,164.21993
8229458,K02238.01,CONFIRMED,1.646801683,1.1966,284.2,132.0615
10684670,K02317.01,CONFIRMED,3.78861833,2.808,143.4,134.61419
11495458,K02318.01,CONFIRMED,10.45839865,3.154,306.8,137.65416
9003401,K02319.01,CONFIRMED,21.1033014,2.059,192.5,144.66035
5978559,K02321.01,CONFIRMED,95.6114617,7.489,487.4,138.35664
8872048,K02323.01,CANDIDATE,58.35512552,8.45,,179.39795
7746958,K02324.01,CANDIDATE,1.204686597,0.823,233.2,131.90556
6768394,K02086.03,CONFIRMED,11.8984948,3.015,130.9,133.34685
6922710,K02087.01,CONFIRMED,23.1274171,4.901,157.3,145.66194
11348997,K02090.01,CONFIRMED,5.132486123,1.4575,908.4,132.15985
5705819,K02091.01,CONFIRMED,8.77997349,3.2201,755.7,138.48383
6696580,K02092.01,CONFIRMED,57.6896212,5.118,1626.6,139.92753
11358389,K02163.01,CONFIRMED,10.66489514,3.159,292.6,132.00872
7204981,K02164.01,CONFIRMED,5.1233204,2.7466,286.2,132.08472
3847907,K00229.01,CONFIRMED,3.573202801,2.88,2975.0,134.934397
4370527,K02166.01,CONFIRMED,61.6174528,3.816,1350.7,179.08282
6041734,K02167.01,CONFIRMED,24.3398202,3.891,777.3,136.05813
5125347,K02241.01,CONFIRMED,7.16520428,1.705,433.8,132.96921
9336200,K02242.01,CONFIRMED,1.755843555,1.9425,386.0,133.15509
4770617,K02243.01,CONFIRMED,5.18560081,4.054,252.6,132.32455
4454934,K02245.01,CONFIRMED,33.4698571,4.749,370.7,140.14977
9458343,K02246.01,CONFIRMED,11.89520436,3.433,184.3,132.8908
7120108,K02325.01,CONFIRMED,1.025857984,0.8069,270.7,131.655621
10730703,K02327.01,CONFIRMED,5.60013327,2.6508,329.2,135.96495
8007644,K02328.01,CONFIRMED,25.2034128,4.515,697.1,137.56393
11192235,K02329.01,CONFIRMED,1.615357809,1.1435,499.6,132.7846
6383785,K00239.01,CONFIRMED,5.640676975,2.8354,1453.3,138.556259
6696580,K02092.02,CONFIRMED,25.5638626,4.685,1124.9,375.27811
6525946,K02093.01,CANDIDATE,6.78341325,3.5437,501.2,136.10468
4249725,K00222.02,CONFIRMED,12.7945474,3.4197,816.7,130.7668
8505920,K02094.01,CONFIRMED,42.4269647,5.907,632.4,156.17194
7918992,K02095.01,CONFIRMED,1.434745129,1.862,200.7,132.62802
6041734,K02167.02,CANDIDATE,6.95787,4.537,182.3,359.007
11308499,K02168.01,CONFIRMED,3.28192056,2.917,191.0,132.42485
11308499,K02168.02,CONFIRMED,12.51610549,4.853,263.0,135.03333
9006186,K02169.01,CONFIRMED,5.45298742,2.1328,86.0,134.15183
9006186,K02169.02,CONFIRMED,3.26662733,2.056,59.9,136.08452
7802719,K02247.01,CONFIRMED,4.45743267,2.3226,175.7,132.16006
11030475,K02248.01,CONFIRMED,2.81814715,1.763,278.6,132.25336
11030475,K02248.02,CANDIDATE,9.4907638,2.713,197.4,131.50396
11030475,K02248.03,CANDIDATE,0.76196247,1.282,190.2,132.78371
5023956,K00233.01,FALSE POSITIVE,1.824649,4.2285,3218.5,147.482662
12401863,K02331.01,CONFIRMED,2.832647249,2.306,114.7,131.82642
5534941,K02332.01,CONFIRMED,3.70063251,5.408,68.6,133.16065
11121752,K02333.01,CONFIRMED,3.93083997,2.932,101.4,135.19393
11121752,K02333.02,CONFIRMED,7.63008196,2.78,124.0,137.07948
2990873,K02335.01,CONFIRMED,16.22378479,2.5462,262.3,136.02454
9307509,K02096.01,CONFIRMED,9.76293284,3.064,553.2,139.15802
10158729,K02097.01,CONFIRMED,58.601926,5.522,396.4,137.66825
6105462,K02098.01,CONFIRMED,25.0823402,6.423,244.6,134.13568
3120355,K02099.01,CONFIRMED,78.0998908,8.422,656.9,139.49646
6047072,K02100.01,CONFIRMED,4.27103727,2.2759,180.4,133.14028
9006186,K02169.03,CONFIRMED,4.27226421,2.113,48.9,133.21863
9006186,K02169.04,CANDIDATE,2.19251903,1.845,18.1,132.2332
11410904,K02171.01,CONFIRMED,3.53232429,2.765,224.2,134.74727
5021737,K00026.01,FALSE POSITIVE,15.03946326,5.1008,5237.7,144.137461
3862246,K00230.01,FALSE POSITIVE,4.702495974,2.3421,4787.3,136.308468
4173026,K02172.01,CONFIRMED,10.44087398,3.743,821.5,137.97113
10471621,K02554.01,CANDIDATE,39.7557642,1.958,621.8,150.60745
10471621,K02554.02,CANDIDATE,10.27127527,3.029,343.5,135.17631
5350244,K02555.01,CONFIRMED,12.5722897,4.765,86.5,143.0663
5374403,K02556.01,CONFIRMED,40.8366307,4.956,264.8,152.87346
10925113,K02557.01,FALSE POSITIVE,11.7761073,2.829,281.3,142.70558
11769801,K02633.01,FALSE POSITIVE,29.7123181,70.3707,385.4,151.5603
11752906,K00253.02,CONFIRMED,20.6180348,3.267,769.5,145.51232
1995519,K02634.01,CONFIRMED,19.9401211,4.283,758.9,142.34849
4914566,K02635.01,CONFIRMED,22.2420032,7.532,63.5,144.72364
6198182,K02636.01,CONFIRMED,3.88148385,2.679,36.3,135.12314
10024051,K02409.01,CONFIRMED,0.577369336,1.0852,400.4,132.425795
8676038,K02410.01,FALSE POSITIVE,186.65435483,10.51,,187.3800339
4349452,K00244.01,CONFIRMED,12.720370263,2.7306,1180.1,178.528297
8676038,K02410.02,FALSE POSITIVE,86.59322294,7.98,,201.0035479
8073806,K02411.01,CONFIRMED,11.96407399,4.526,784.2,133.15804
10419312,K02412.01,FALSE POSITIVE,2.493237866,2.644,259.2,132.63633
3234598,K02413.01,CONFIRMED,12.90467523,3.28,412.4,144.32009
10453588,K02484.01,CONFIRMED,68.8861017,5.925,143.9,160.29958
11125613,K02485.01,CONFIRMED,9.99115241,2.657,391.7,134.39335
8074328,K02486.01,CANDIDATE,4.267961416,1.3427,127.4,134.07063
7212184,K02487.01,CONFIRMED,36.292017,8.198,374.7,132.17691
6956014,K00031.01,FALSE POSITIVE,0.925589891,1.967,400.8,169.69275
9757613,K00250.02,CONFIRMED,17.25121397,2.0371,2054.8,149.886479
5307858,K02558.01,FALSE POSITIVE,1.867281146,7.495,701.1,132.07744
6605493,K02559.01,CONFIRMED,9.30991834,3.455,114.5,136.39785
4670217,K02560.01,CANDIDATE,18.1209388,3.781,504.2,134.17616
7259298,K02561.01,CONFIRMED,3.23941775,2.569,77.4,133.98383
9574179,K02637.01,CANDIDATE,3.98864999,3.516,94.2,134.8296
6211812,K02638.01,CONFIRMED,2.524017517,1.1968,303.0,133.85946
11391755,K02639.01,CANDIDATE,25.1123362,7.922,398.8,146.3464
11391755,K02639.02,CANDIDATE,2.121023807,0.3673,263.9,170.85004
9088780,K02640.01,CANDIDATE,33.18089453,15.24,,136.482018
8894646,K02641.01,CANDIDATE,3.55557922,3.24,60.4,132.75203
3234598,K02413.02,CONFIRMED,31.2012202,4.077,360.1,140.07042
8611832,K02414.01,CONFIRMED,22.5968256,6.179,142.9,140.42654
8611832,K02414.02,CONFIRMED,45.3486381,4.858,162.9,142.25049
5621586,K02415.01,CONFIRMED,5.25419589,2.9878,461.8,133.72952
9210387,K02416.01,CONFIRMED,5.90608902,2.409,340.7,131.56096
11852982,K00247.01,CONFIRMED,13.81504449,2.3244,1032.6,181.12621
8559152,K02488.01,CONFIRMED,12.4128518,4.298,108.1,140.35679
2718778,K02489.01,CONFIRMED,3.92453009,3.691,463.5,132.40179
3122913,K02490.01,CONFIRMED,11.60653061,2.194,771.7,134.41637
9229657,K02491.01,CONFIRMED,2.66831274,2.4141,266.2,131.68823
10415227,K02562.01,FALSE POSITIVE,2.9322509,2.931,181.2,133.7648
5175024,K02563.01,CONFIRMED,23.4772553,6.735,141.4,145.3641
9026749,K02564.01,CONFIRMED,66.5576728,10.532,214.2,181.3241
12216278,K02565.01,FALSE POSITIVE,2.01948607,5.248,275.4,132.9238
9159242,K02566.01,FALSE POSITIVE,3.04468229,5.951,71.4,132.464
12061096,K02642.01,FALSE POSITIVE,15.05028313,1.848,615.2,141.53522
5794240,K00254.01,CONFIRMED,2.455240626,1.72722,36911.9,170.821762
6933567,K02643.01,CONFIRMED,9.08233411,2.008,296.9,139.65489
9993529,K02644.01,FALSE POSITIVE,0.790539912,1.0567,277.3,131.87702
11303815,K02645.01,FALSE POSITIVE,1.705782214,1.007,278.0,133.15607
6044553,K02646.01,FALSE POSITIVE,0.532086296,4.023,495.8,131.9134
9654468,K02417.01,CONFIRMED,47.7052566,5.959,1161.5,146.3164
4349452,K00244.02,CONFIRMED,6.238535444,3.5255,401.6,171.706325
10027247,K02418.01,CONFIRMED,86.829519,7.464,751.0,189.26162
6343170,K02419.01,CONFIRMED,9.95667035,3.534,586.8,136.5827
7107802,K02420.01,CONFIRMED,10.41728722,4.125,210.4,137.45784
11752632,K02492.01,CONFIRMED,0.984941669,1.9724,81.4,133.31801
10028535,K02493.01,CONFIRMED,0.663085361,1.1522,322.7,131.97961
7047207,K02494.01,CONFIRMED,19.1187425,6.805,217.5,138.42824
5212220,K02495.01,FALSE POSITIVE,1.08749101,1.6192,126.4,131.77034
9964748,K02496.01,FALSE POSITIVE,1.183818383,1.393,84.3,131.88403
9842937,K02567.01,FALSE POSITIVE,4.98845099,7.453,193.9,133.74684
9757613,K00250.03,CONFIRMED,3.543919702,1.8717,507.0,136.26075
8247770,K02569.01,CANDIDATE,8.28157072,3.1,139.2,136.25775
6867588,K02571.01,CANDIDATE,0.82628442,0.9603,134.9,132.26993
7501646,K02572.01,CANDIDATE,6.37705295,1.949,502.8,136.91384
11962284,K02647.01,CONFIRMED,8.83929462,1.719,316.2,135.54125
2573056,K02648.01,FALSE POSITIVE,0.631795416,1.0703,145.2,132.53963
6842682,K02649.01,CONFIRMED,7.56126152,2.851,180.6,135.6368
8890150,K02650.01,CONFIRMED,34.9897847,4.208,498.5,144.20912
8890150,K02650.02,CONFIRMED,7.05429483,1.716,359.3,136.18961
8838950,K02421.01,CANDIDATE,2.27050106,1.903,106.7,133.54216
11360805,K02422.01,CONFIRMED,26.7838935,4.584,365.3,140.75396
9845898,K02423.01,CONFIRMED,45.126216,6.656,373.1,165.42066
12453581,K02424.01,CONFIRMED,11.94019101,2.866,631.7,136.55603
11922678,K02425.01,FALSE POSITIVE,3.51295674,3.06,83.1,133.78198
11179076,K02497.01,CONFIRMED,48.4313003,4.03,886.4,141.45612
5364071,K00248.01,CONFIRMED,7.203855862,2.5418,1765.9,170.285731
5959719,K02498.01,CONFIRMED,6.73808701,2.591,92.9,133.32953
5544903,K02499.01,FALSE POSITIVE,7.57571414,2.357,418.5,138.2166
5542983,K02501.01,FALSE POSITIVE,4.76887671,1.672,115.8,132.09888
8256453,K02573.01,FALSE POSITIVE,1.347512632,1.9817,2651.8,132.127858
9474493,K02574.01,FALSE POSITIVE,0.512581697,1.5789,259.1,132.80609
4551663,K02576.01,FALSE POSITIVE,12.07760884,2.233,151.0,140.46287
12257999,K02577.01,CANDIDATE,18.55581565,5.372,565.9,132.07105
6922203,K02578.01,CANDIDATE,13.33094869,1.426,725.6,133.78632
11752908,K02651.01,FALSE POSITIVE,6.38315744,1.7075,1112.6,132.30539
7021681,K00255.01,CONFIRMED,27.52194772,4.047,2312.8,189.824523
4346178,K02652.01,CONFIRMED,16.1289679,6.271,389.0,143.75518
9664142,K02654.01,CONFIRMED,13.5631157,5.438,336.4,140.65364
10018233,K02655.01,CONFIRMED,16.2959916,2.116,369.6,133.90784
8081899,K02426.01,CONFIRMED,4.16056658,2.61,75.8,132.27418
10189557,K02427.01,FALSE POSITIVE,2.93101771,2.231,199.1,131.92959
8478994,K00245.01,CONFIRMED,39.79220077,4.466,610.4,175.250558
9965184,K02428.01,FALSE POSITIVE,16.2276756,3.699,525.8,136.62586
9911882,K02429.01,FALSE POSITIVE,1.595630597,1.793,259.6,136.13782
8631504,K02503.01,CONFIRMED,14.8200596,3.902,184.9,133.39933
8110767,K02504.01,CONFIRMED,20.49041,4.369,661.8,144.41979
5471574,K02505.01,FALSE POSITIVE,0.962827066,4.48,86.3,132.20517
6767840,K02506.01,CONFIRMED,8.679037,2.864,301.6,140.90423
8379705,K02507.01,CONFIRMED,11.1296971,2.942,371.0,138.57573
9896018,K02579.01,CONFIRMED,2.7296036,2.721,145.6,133.28661
11037511,K02580.01,CONFIRMED,3.11604194,1.7763,345.2,133.84988
9757613,K00250.04,CONFIRMED,46.82767725,1.9033,1537.7,136.74468
11818872,K02581.01,CONFIRMED,12.7372371,3.358,100.8,136.0162
11771430,K02582.01,CONFIRMED,40.0306267,4.815,214.5,148.85882
5513012,K02668.01,CONFIRMED,0.679336747,1.2188,240.7,132.856178
11761199,K02669.01,FALSE POSITIVE,213.6103207,10.7643,110990.0,141.655562
8074805,K02670.01,FALSE POSITIVE,170.8658492,16.9895,29840.8,299.660385
2437505,K02671.01,CANDIDATE,21.47642727,5.5498,348130.0,149.26156
2437505,K02671.02,FALSE POSITIVE,17.5509742,4.064,3859.0,133.9459
11253827,K02672.01,CONFIRMED,88.5122014,6.8214,2518.7,182.67266
3533469,K02430.01,FALSE POSITIVE,10.21507506,3.395,258.6,133.64546
8956706,K02431.01,FALSE POSITIVE,8.3806973,3.028,650.8,134.7287
7047363,K02432.01,CONFIRMED,31.0572947,3.401,636.6,147.56275
11968463,K02433.01,CONFIRMED,15.1622287,7.332,479.8,144.474
11968463,K02433.02,CONFIRMED,10.04378351,5.548,437.9,353.61859
8836888,K02508.01,CANDIDATE,7.10397925,1.5398,370.5,136.33096
9880190,K02509.01,CONFIRMED,4.5513988,2.457,188.7,133.05954
5364071,K00248.02,CONFIRMED,10.91274065,2.1801,1387.2,169.85247
5392702,K02510.01,FALSE POSITIVE,12.2141545,10.262,535.8,141.3677
8429566,K02511.01,FALSE POSITIVE,3.732261,2.054,153.6,131.93795
10387742,K02583.01,CONFIRMED,3.03267135,1.774,42.4,134.0668
7673841,K02585.01,CONFIRMED,5.34182466,3.577,70.5,136.3186
9827149,K02586.01,CONFIRMED,2.131945045,1.8061,269.4,133.65547
5546691,K02587.01,CONFIRMED,12.9462567,9.568,168.7,139.4165
12156347,K02588.01,CONFIRMED,5.77957133,2.5213,396.6,136.53014
8636539,K02656.01,CANDIDATE,6.77367892,3.579,150.7,138.07568
9283156,K02657.01,CANDIDATE,5.22402436,2.608,48.1,132.85379
8547429,K02658.01,CONFIRMED,11.6601667,5.882,181.0,140.62189
8803882,K02659.01,FALSE POSITIVE,89.465468,9.88,67.9,170.8426
9893318,K02660.01,CONFIRMED,18.0161227,4.016,499.5,145.24169
6864885,K02434.01,FALSE POSITIVE,40.8777605,9.745,719.1,163.43477
5097868,K02435.01,FALSE POSITIVE,6.80243431,3.817,249.1,132.40355
8570333,K02436.01,CONFIRMED,84.5733346,5.762,891.6,150.152
8478994,K00245.02,CONFIRMED,21.30181863,3.8763,87.3,191.84136
5036705,K02437.01,CONFIRMED,4.14789051,3.829,137.6,135.53291
9574158,K02512.01,CANDIDATE,15.92108138,1.5443,716.8,147.0537
9653622,K02513.01,CONFIRMED,19.0054098,1.843,542.4,144.15574
4391348,K02514.01,FALSE POSITIVE,1.96433113,2.381,139.1,131.65195
7294743,K02516.01,CANDIDATE,2.81043228,3.874,47.4,133.40821
8947520,K02517.01,CONFIRMED,0.968527683,1.3672,114.6,131.50954
10468885,K02589.01,CONFIRMED,0.664074145,1.0925,212.6,133.40285
12016267,K02590.01,FALSE POSITIVE,11.7489907,4.043,36.7,135.68045
6765135,K02592.01,CANDIDATE,175.603366,9.543,506.8,202.3721
3861595,K00004.01,CONFIRMED,3.849371737,2.632,1298.6,157.526686
5725087,K00033.01,FALSE POSITIVE,0.366197145,1.2335,275.3,133.55969
10489206,K00251.01,CONFIRMED,4.164384505,1.8464,2338.0,171.087935
3426367,K02662.01,CONFIRMED,2.10433534,1.1168,242.1,133.31612
5562090,K02664.01,CONFIRMED,28.8431751,3.171,756.7,143.82307
11548140,K00256.01,FALSE POSITIVE,1.378649746,1.2232,22462.0,169.780113
12110786,K02665.01,FALSE POSITIVE,1.112207126,1.35,54.7,131.8505
5342061,K02666.01,CANDIDATE,64.034363,9.174,758.8,159.0432
3654095,K02667.01,FALSE POSITIVE,1.303576682,1.021,245.5,133.0758
5078939,K02438.01,FALSE POSITIVE,1.958577398,2.388,453.0,132.26115
6867555,K02439.01,CONFIRMED,5.19103699,4.222,290.1,135.21628
5339567,K02440.01,CONFIRMED,4.86638504,2.296,143.8,134.01501
4459924,K02441.01,FALSE POSITIVE,4.79176993,4.52,116.6,134.03502
11080405,K02442.01,CONFIRMED,25.1933989,4.62,481.2,146.4301
5529738,K02518.01,FALSE POSITIVE,0.759762021,4.912,227.0,131.79506
4047631,K02519.01,CANDIDATE,4.790912471,0.5134,360.7,132.01539
10059645,K02520.01,CONFIRMED,6.49441464,2.344,357.3,132.25189
5364071,K00248.03,CONFIRMED,2.576571021,1.5997,852.8,172.126911
7183745,K02521.01,CONFIRMED,28.4750006,4.718,763.8,154.5706
8212002,K02593.01,CONFIRMED,14.7966306,5.613,56.1,142.74484
8004903,K02594.01,CONFIRMED,11.25401871,4.759,433.4,136.8901
8883329,K02595.01,CONFIRMED,9.18244299,4.318,87.6,134.04601
8883329,K02595.02,CONFIRMED,14.6134781,5.266,72.8,140.41368
3644653,K02596.01,FALSE POSITIVE,119.682075,31.28,1704.1,176.0877
11253827,K02672.02,CONFIRMED,42.9923284,4.726,1120.1,162.50532
5514383,K00257.01,CONFIRMED,6.88341278,2.0674,487.4,172.66227
10747445,K02673.01,FALSE POSITIVE,4.593595496,2.7468,45034.0,134.88971
8022489,K02674.01,CONFIRMED,197.5111484,11.106,2575.6,272.3864
8022489,K02674.02,CONFIRMED,11.1726723,6.106,76.8,140.00764
8022489,K02674.03,CONFIRMED,2.53573284,3.989,68.0,133.01581
9209624,K02443.01,CONFIRMED,6.79164656,3.343,102.6,136.48519
9209624,K02443.02,CONFIRMED,11.8376933,3.381,92.9,142.21212
3354846,K02444.01,CONFIRMED,18.5525162,4.385,771.5,135.51322
6516185,K02445.01,CANDIDATE,47.3659328,7.929,757.0,175.0355
8478994,K00245.03,CONFIRMED,13.3669309,3.733,12.2,184.0734
3946023,K02447.01,FALSE POSITIVE,1.045492348,2.933,28.7,132.27517
7183745,K02521.02,CONFIRMED,4.86634094,1.885,366.7,353.34131
9177629,K02522.01,CONFIRMED,5.60402307,1.0273,224.9,133.82508
7778767,K02523.01,CONFIRMED,13.0313583,4.521,573.3,144.11544
7515762,K02524.01,CONFIRMED,40.9905002,7.336,297.3,132.4136
5942949,K02525.01,CONFIRMED,57.2932309,4.878,773.6,146.23112
12120307,K02597.01,CONFIRMED,8.00504749,3.32,187.5,138.71228
12120307,K02597.02,CONFIRMED,12.13070414,3.843,211.2,139.89855
12120307,K02597.03,CONFIRMED,5.61357653,2.905,162.3,131.81669
7446631,K02598.01,CANDIDATE,29.2254372,5.293,174.1,143.98764
9777251,K02600.01,FALSE POSITIVE,1.33255087,3.565,123.3,132.059
6864893,K02375.01,FALSE POSITIVE,40.8792243,7.005,413.6,163.41583
11701407,K02376.01,CONFIRMED,18.8262877,2.344,795.8,134.70322
5906426,K02377.01,CANDIDATE,13.9034057,3.408,261.4,143.52317
11288051,K00241.03,CONFIRMED,3.41045981,2.866,136.2,131.58062
10813132,K02378.01,CONFIRMED,4.76702759,2.013,163.4,132.69368
5857540,K02448.01,CONFIRMED,13.62801048,3.5374,912.8,135.45073
12208631,K02449.01,CANDIDATE,53.3580444,6.812,736.1,138.38498
7289317,K02450.01,CONFIRMED,16.83203175,4.031,326.0,140.53041
6500206,K02451.01,FALSE POSITIVE,13.37499553,1.639,458.1,142.38153
5545815,K02452.01,FALSE POSITIVE,4.35370136,1.913,168.9,134.09426
3116302,K02526.01,FALSE POSITIVE,134.96694,18.43,68.4,205.9674
7879433,K02527.01,CONFIRMED,1.385787741,1.6449,85.4,135.49119
9205907,K02528.01,CONFIRMED,12.02295362,1.2667,778.6,136.20687
8463346,K02529.01,CONFIRMED,16.79716262,3.83,1023.8,134.0417
5364071,K00248.04,CONFIRMED,18.59611518,2.3052,813.8,141.26331
10489206,K00251.02,CONFIRMED,5.77440326,1.768,245.3,132.96695
7531677,K02601.01,FALSE POSITIVE,2.622134451,4.735,128.2,131.87323
10068659,K02602.01,CONFIRMED,11.47685263,2.756,240.6,139.63194
2443393,K02603.01,CANDIDATE,73.711039,10.062,136.7,202.7848
9019191,K02604.01,CANDIDATE,14.43348326,2.663,526.8,143.60783
9718379,K02379.01,FALSE POSITIVE,40.0088894,3.616,582.3,141.74475
3002478,K02380.01,CANDIDATE,6.35705314,1.324,272.2,135.47756
4055774,K02381.01,FALSE POSITIVE,6.58738839,4.758,258.5,133.35768
6670075,K02382.01,FALSE POSITIVE,0.759706632,1.0896,39.7,131.7692
9395024,K02383.01,CONFIRMED,4.37033233,2.845,177.8,131.92696
8631751,K02453.01,CANDIDATE,1.530515205,0.5945,659.7,131.867506
11401822,K02454.01,FALSE POSITIVE,1.08070294,3.363,145.6,131.86686
6507427,K02455.01,FALSE POSITIVE,4.74254518,1.023,305.7,133.13916
5521300,K02456.01,FALSE POSITIVE,18.13559979,2.019,452.7,138.31557
8478994,K00245.04,CONFIRMED,51.20690303,8.99,,195.7303
9753154,K02457.01,CONFIRMED,3.70429015,3.37,55.7,132.21478
9011825,K02530.01,CONFIRMED,37.3331165,7.643,187.8,162.90453
4172746,K02531.01,CANDIDATE,17.6997392,2.76,752.7,140.94958
5174858,K02532.01,CONFIRMED,7.9709719,1.2893,488.4,134.0507
11074835,K02533.01,CONFIRMED,6.03355539,10.049,89.5,137.121
1996180,K02534.01,CONFIRMED,3.02558494,3.0008,128.3,134.36744
10407221,K02605.01,FALSE POSITIVE,0.933746783,4.255,417.5,131.51962
5991936,K02606.01,FALSE POSITIVE,6.09740316,4.635,568.5,133.32402
5095635,K02607.01,CANDIDATE,0.754457729,0.5891,248.2,134.983522
6269070,K02608.01,CONFIRMED,2.7612237,3.681,66.8,131.6081
6705137,K02609.01,FALSE POSITIVE,5.59727625,1.659,200.8,131.86798
12254688,K02384.01,CANDIDATE,62.6825769,2.327,398.9,182.22959
8345172,K02385.01,FALSE POSITIVE,50.5715805,3.726,1282.6,161.11366
4172013,K02386.01,CANDIDATE,16.2707207,5.707,468.0,145.097
12254378,K02387.01,CONFIRMED,2.032319072,1.6762,315.5,132.32157
4247791,K00028.01,FALSE POSITIVE,4.100870416,8.15361,123521.0,168.1460533
7604328,K02458.01,CONFIRMED,4.35407371,2.427,277.1,132.85695
11236244,K02460.01,CONFIRMED,11.32269749,3.517,311.0,136.05511
9837685,K02461.01,CONFIRMED,13.71218522,2.437,786.7,135.51875
5042210,K02462.01,CONFIRMED,12.14684625,6.197,70.7,131.55623
12454461,K02463.01,CONFIRMED,7.46718958,3.633,75.7,136.39348
1996180,K02534.02,CANDIDATE,5.42204257,2.952,79.1,133.46021
9635606,K02535.01,CONFIRMED,48.8882668,6.468,462.8,153.8341
3728701,K02536.01,CONFIRMED,51.1319346,6.019,382.3,137.1568
10861715,K02537.01,FALSE POSITIVE,133.516435,2.196,510.0,134.8898
1849702,K02538.01,CONFIRMED,39.8312536,2.442,388.8,155.6409
9390653,K00249.01,CONFIRMED,9.549277089,1.5832,1826.9,175.757183
2305866,K02610.01,CANDIDATE,24.1073172,10.465,104.2,145.9415
11187837,K00252.01,CONFIRMED,17.60461401,3.716,2292.1,170.4984
8885673,K02611.01,FALSE POSITIVE,1.228721184,1.041,465.6,133.49967
9712350,K02613.01,CANDIDATE,51.5738653,2.784,900.7,158.06744
8025596,K02615.01,CONFIRMED,4.69505576,3.058,240.0,133.93643
5956787,K02616.01,FALSE POSITIVE,0.569115976,2.028,796.9,132.01945
3642741,K00242.01,FALSE POSITIVE,7.258450123,5.7297,3714.7,138.344691
12071037,K02388.01,FALSE POSITIVE,6.0959841,10.39,112.7,135.0254
8494617,K02389.01,CONFIRMED,22.9221181,8.2,140.3,133.66805
10289119,K02390.01,CONFIRMED,16.10474503,5.712,124.1,135.01186
7382313,K02392.01,CONFIRMED,7.42697378,3.206,205.2,133.099
9887224,K02464.01,FALSE POSITIVE,0.874629873,1.782,68.1,132.25706
7542369,K02465.01,FALSE POSITIVE,5.46091846,1.781,172.0,131.66849
8544992,K02466.01,CONFIRMED,3.17323012,1.9094,204.5,133.69979
8544992,K02466.02,CONFIRMED,13.2970695,3.283,219.7,140.94606
11295426,K00246.01,CONFIRMED,5.398752862,3.4303,346.5,173.858666
7289162,K02539.01,FALSE POSITIVE,5.26648126,1.964,97.8,131.6902
3001885,K02540.01,FALSE POSITIVE,2.67596808,2.021,420.6,133.70492
12306058,K02541.01,CONFIRMED,7.41683033,7.274,72.6,137.96389
6183511,K02542.01,CONFIRMED,0.727331746,0.8323,357.4,132.37007
12469800,K02543.01,CONFIRMED,1.302017467,1.3692,290.5,131.93696
4915638,K02617.01,CONFIRMED,8.63050092,3.144,325.8,139.57438
6351097,K02618.01,FALSE POSITIVE,12.49117388,2.848,189.9,136.31491
8081905,K02619.01,CONFIRMED,3.27645723,2.219,323.0,131.97924
11465950,K02620.01,CONFIRMED,16.0573291,3.546,575.0,132.39054
9996632,K02621.01,FALSE POSITIVE,8.44326557,3.353,359.5,136.26748
4665571,K02393.01,CONFIRMED,4.60300256,2.6848,302.5,133.22313
4829935,K02395.01,FALSE POSITIVE,16.9329284,1.218,488.3,132.15407
9269042,K02397.01,CONFIRMED,12.00089667,3.266,420.7,142.04182
6199056,K02398.01,FALSE POSITIVE,1.169010526,1.1717,165.9,131.738567
11461433,K02399.01,CONFIRMED,1.916940872,1.4243,105.1,132.46734
11818607,K02467.01,CONFIRMED,5.05661302,3.926,137.9,134.39648
8380709,K02468.01,CONFIRMED,24.3344939,6.557,323.1,147.41892
6149910,K02469.01,CONFIRMED,131.187921,6.905,915.9,172.3923
9108085,K02470.01,FALSE POSITIVE,2.17489806,4.599,74.8,134.11887
5436013,K02471.01,CONFIRMED,25.8859397,4.548,217.1,157.04329
8676148,K02544.01,CONFIRMED,28.6253502,4.551,652.7,158.11827
9696358,K02545.01,CONFIRMED,6.98141327,6.527,38.0,132.7883
5039129,K02546.01,FALSE POSITIVE,1.319677953,1.978,100.7,132.06143
4484336,K02547.01,CONFIRMED,8.94337724,2.469,215.1,137.30234
9580167,K02548.01,CANDIDATE,0.827151296,1.385,272.4,132.07927
9757613,K00250.01,CONFIRMED,12.282998287,2.7096,2794.7,170.39809
10527135,K02622.01,FALSE POSITIVE,0.328686504,0.8592,171.9,132.77146
11752906,K00253.01,CONFIRMED,6.383159135,1.7504,2313.2,170.604622
10916600,K02623.01,CONFIRMED,5.57654782,3.673,53.6,136.42668
8429314,K02624.01,CONFIRMED,115.6863392,4.65,945.9,246.98666
9153570,K02625.01,CONFIRMED,3.81371423,1.973,281.0,132.57465
11768142,K02626.01,CONFIRMED,38.0970717,4.307,913.3,140.00353
7984574,K02400.01,CANDIDATE,11.6191707,1.819,700.4,142.12335
9592579,K00243.01,FALSE POSITIVE,2.637574744,5.4573,5423.5,134.212775
10336951,K02401.01,CANDIDATE,38.2292037,3.893,605.8,166.01191
8481129,K02402.01,CONFIRMED,16.3012727,3.974,259.5,133.79446
2142522,K02403.01,CONFIRMED,13.32354078,3.873,116.6,134.03671
9395719,K02472.01,CONFIRMED,2.607545159,1.3916,351.5,131.83453
8753896,K02473.01,CONFIRMED,3.24417541,1.992,371.9,132.94014
8240617,K02474.01,CANDIDATE,176.845697,3.812,431.6,197.27794
8746295,K02475.01,FALSE POSITIVE,6.85567248,2.268,197.7,136.01953
10090257,K02476.01,FALSE POSITIVE,2.28607282,7.82,261.8,133.557
11295426,K00246.02,CONFIRMED,9.60505976,3.0063,55.0,136.37863
10679583,K02549.01,FALSE POSITIVE,3.54789928,2.861,185.3,133.78212
11622985,K02550.01,CANDIDATE,18.0243482,3.575,441.2,144.27756
11361283,K02551.01,CANDIDATE,16.4793229,3.312,479.1,142.94163
8757824,K02552.01,CONFIRMED,3.65690909,2.064,107.4,134.95269
9832208,K02553.01,CONFIRMED,88.0712769,6.758,885.4,214.51304
6124512,K02627.01,CONFIRMED,8.38395796,5.2,108.5,134.41408
10070468,K02628.01,CONFIRMED,1.68189051,2.992,83.2,133.07951
10031656,K02629.01,FALSE POSITIVE,8.59000355,6.68,298.1,131.97492
7584650,K02631.01,CONFIRMED,44.9977604,9.686,170.2,160.2298
11337566,K02632.01,CONFIRMED,7.12815163,5.522,45.9,136.88006
6364215,K02404.01,CANDIDATE,2.10081629,2.8182,169.1,132.26789
10202759,K02405.01,FALSE POSITIVE,0.872952088,1.4499,137.3,131.49734
5007345,K02406.01,CONFIRMED,7.01074295,2.1787,222.8,138.4027
12120484,K02407.01,CONFIRMED,17.2922631,7.042,203.1,135.75448
6429812,K02408.01,CONFIRMED,94.289223,4.102,505.4,166.50826
6846911,K02477.01,CONFIRMED,14.02634692,1.2808,403.6,135.17539
5385439,K02478.01,FALSE POSITIVE,12.425866431,29.1428,257.9,141.5137911
5963582,K02479.01,CONFIRMED,25.5433704,8.567,138.6,140.58705
4476423,K02481.01,FALSE POSITIVE,33.8542586,12.689,253.3,132.1329
11403389,K02482.01,CONFIRMED,45.0909201,4.605,436.3,133.55146
9851662,K02483.01,CONFIRMED,15.0539886,4.422,221.5,135.53329
6467363,K02840.01,CANDIDATE,3.67936863,3.47,85.9,134.99021
6467363,K02840.02,CANDIDATE,7.4464635,4.084,78.0,137.3391
8758204,K02841.01,CONFIRMED,159.388788,8.432,1033.0,226.9313
8733898,K02842.01,CONFIRMED,1.565412613,0.7572,2754.6,132.91281
8733898,K02842.02,CONFIRMED,5.14892346,0.9613,2355.0,133.31971
3228945,K02917.01,FALSE POSITIVE,0.730943372,3.004,134.7,131.49862
7008149,K02918.01,FALSE POSITIVE,0.515552803,1.7869,1224.1,131.651719
10332213,K02919.01,CONFIRMED,2.522590567,1.406,210.2,131.64534
7090524,K02920.01,CONFIRMED,6.73968289,4.183,142.0,132.29296
11133306,K00276.01,CONFIRMED,41.74598855,4.6125,421.8,210.399151
6307063,K02702.01,FALSE POSITIVE,75.378004,6.744,447.8,167.11715
5871985,K02703.01,CONFIRMED,213.258526,7.768,1992.3,268.13424
8292840,K00260.02,CONFIRMED,100.2830675,10.8636,351.2,245.04318
9730163,K02704.01,CONFIRMED,4.871223664,1.5916,6462.0,133.64255
9730163,K02704.02,CONFIRMED,2.984157711,1.2637,2598.0,133.11908
11453592,K02705.01,CONFIRMED,2.8867624,0.9879,631.8,131.66592
3834322,K02763.01,FALSE POSITIVE,0.498434645,0.955,239.2,131.57053
10073672,K02764.01,CANDIDATE,2.252976718,1.7131,467.9,132.23957
11188249,K02765.01,FALSE POSITIVE,2.75505467,3.426,85.5,133.42201
4677282,K02766.01,FALSE POSITIVE,1.572181216,7.219,219.5,131.77456
5097470,K02767.01,FALSE POSITIVE,1.28805834,3.419,92.6,131.9914
4858610,K02844.01,FALSE POSITIVE,2.72288246,2.408,152.6,131.90948
10591855,K02845.01,CONFIRMED,1.574090323,1.5796,224.9,131.86116
4832175,K02846.01,FALSE POSITIVE,0.947738312,1.206,202.2,132.38567
7749773,K02848.01,CONFIRMED,13.7872627,5.747,75.1,144.77403
9451706,K00271.03,CONFIRMED,14.4359459,3.414,107.3,141.51253
10064256,K02849.01,CONFIRMED,5.95958637,2.899,133.1,135.00822
6842807,K02921.01,CANDIDATE,16.6146221,2.706,361.2,137.33276
4381282,K02922.01,FALSE POSITIVE,0.497581917,1.46,140.6,131.6572
9815053,K02923.01,CANDIDATE,5.83892993,1.1066,237.4,136.90293
7609553,K02924.01,CONFIRMED,2.279523364,1.6202,126.8,133.3576
10122538,K02926.01,CONFIRMED,12.2854718,2.996,1617.1,131.90073
10122538,K02926.02,CONFIRMED,5.53609368,2.2942,1223.3,131.88286
9697131,K02706.01,CANDIDATE,3.09756897,4.588,83.3,131.55889
5480640,K02707.01,CONFIRMED,58.0337426,5.584,807.1,138.7412
5480640,K02707.02,CONFIRMED,14.4252635,3.754,221.2,136.75608
5480640,K02707.03,CONFIRMED,26.6757818,2.696,474.8,149.99527
5175986,K02708.01,CONFIRMED,0.868386354,1.066,488.5,132.06741
9008737,K02768.01,CONFIRMED,11.8288843,3.337,191.0,137.6991
9008737,K02768.02,CONFIRMED,14.7512034,1.25,261.1,137.1559
9692128,K02769.01,FALSE POSITIVE,1.480323978,1.833,166.2,131.7553
10917043,K02770.01,CANDIDATE,205.385912,8.681,1248.7,284.18824
6521045,K00041.02,CONFIRMED,6.88707073,4.4679,68.7,133.17797
8167959,K00267.01,FALSE POSITIVE,165.75597,8.45,57.3,207.3074
4075015,K02850.01,FALSE POSITIVE,1.11431205,2.112,160.4,131.75649
6697605,K02851.01,CONFIRMED,3.42064689,1.767,356.8,132.30629
6697605,K02851.02,CANDIDATE,1.23935745,1.683,150.9,131.85254
6294819,K02852.01,CONFIRMED,0.675650404,1.8261,200.7,131.68114
12602314,K02853.01,CANDIDATE,1.407020118,1.3766,181.9,131.60897
5787131,K02927.01,CANDIDATE,24.4359956,6.254,496.6,134.8181
3230753,K02928.01,FALSE POSITIVE,17.7337356,5.558,217.3,143.9223
8358012,K02929.01,FALSE POSITIVE,10.06478627,2.86,285.7,135.24121
4664046,K02930.01,FALSE POSITIVE,1.12976597,3.096,133.7,132.526
11401755,K00277.01,CONFIRMED,16.23191704,7.461,501.6,171.67758
4180401,K02709.01,FALSE POSITIVE,15.4126766,3.402,599.8,144.9757
6350476,K02710.01,FALSE POSITIVE,1.110599919,1.3493,157.6,131.57274
8292840,K00260.03,CONFIRMED,21.86965714,5.5177,125.5,140.29513
5272233,K02711.01,CONFIRMED,9.02436414,3.011,214.6,133.54199
5272233,K02711.02,CONFIRMED,17.3408735,3.398,159.0,138.96694
11456382,K02771.01,FALSE POSITIVE,0.814280672,2.326,134.9,131.64736
3130548,K02773.01,FALSE POSITIVE,0.878855771,1.1014,269.7,131.49524
9593757,K02774.01,FALSE POSITIVE,2.49432176,2.3269,8043.0,133.61066
6346809,K02775.01,CANDIDATE,17.57704569,2.022,670.0,137.73116
4275117,K02776.01,FALSE POSITIVE,1.00652785,1.3175,125.9,131.71627
6545051,K02777.01,FALSE POSITIVE,1.99566293,4.514,197.0,132.8585
5513866,K02854.01,FALSE POSITIVE,0.755111225,3.164,168.0,131.80687
4547603,K02855.01,CANDIDATE,1.400755743,1.0562,144.4,132.02177
5688910,K02856.01,CONFIRMED,25.8730914,5.085,694.4,143.28644
6345732,K02857.01,CONFIRMED,20.2642023,4.664,185.3,135.27919
5716763,K00272.01,CANDIDATE,1.28132831,0.9157,525.5,169.665953
6345732,K02857.02,CONFIRMED,7.44136102,4.554,79.7,137.74695
8611257,K02931.01,CONFIRMED,99.2532336,7.208,538.0,148.53067
3861611,K02932.01,FALSE POSITIVE,3.84933401,2.299,503.9,134.43526
12416987,K02933.01,CANDIDATE,119.0833042,2.558,2951.0,163.56212
8259713,K02935.01,CANDIDATE,27.8813154,6.346,209.2,134.51369
10880507,K02936.01,CONFIRMED,6.4802138,3.27,142.0,132.8598
11098013,K02712.01,CANDIDATE,7.50790041,5.646,145.0,138.7047
5443604,K02713.01,FALSE POSITIVE,21.3910125,3.512,645.8,141.29764
12206313,K02714.01,CONFIRMED,14.3832267,8.378,178.5,140.57648
12206313,K02714.02,CONFIRMED,47.3186631,10.465,263.4,170.06035
9837661,K02715.01,CONFIRMED,11.12827427,2.6118,6057.0,139.54417
7769819,K02778.01,CONFIRMED,2.21571296,1.8211,285.1,131.82107
11874577,K02779.01,CONFIRMED,34.4585495,7.434,431.0,147.82493
12164564,K02780.01,CONFIRMED,3.35184041,1.9855,345.3,131.64441
8190354,K02781.01,FALSE POSITIVE,1.615758517,1.734,41.7,131.68535
3425851,K00268.01,CANDIDATE,110.3783828,12.211,489.8,175.9317
10397751,K02859.01,CONFIRMED,3.4462125,2.101,83.5,132.22894
10397751,K02859.02,CONFIRMED,2.005414293,1.934,59.5,133.24526
10397751,K02859.03,CANDIDATE,4.28886792,2.599,59.3,132.37761
7815931,K02861.01,FALSE POSITIVE,1.868564038,1.192,176.7,132.51442
6679295,K02862.01,CANDIDATE,24.5752524,2.258,1003.4,144.18324
9642292,K02946.01,CONFIRMED,15.1408916,4.359,476.8,143.74584
6356692,K02948.01,CONFIRMED,11.39169531,5.0,51.0,141.55983
6026737,K02949.01,CANDIDATE,10.1747037,5.179,52.4,132.3605
4991208,K02951.01,CONFIRMED,2.44358543,1.852,59.1,132.80194
8243283,K02952.01,FALSE POSITIVE,1.7592691,2.381,140.4,132.07552
9837661,K02715.02,CONFIRMED,2.226496196,1.7073,1839.1,133.37195
9837661,K02715.03,CONFIRMED,5.72084599,2.744,1316.0,134.66576
9092504,K02716.01,CONFIRMED,0.962864171,1.6802,303.5,132.12548
5383248,K00261.01,CONFIRMED,16.23847733,3.9699,646.7,171.019564
9092504,K02716.02,CONFIRMED,6.46004728,1.979,394.2,135.96779
10001368,K02785.01,CONFIRMED,4.76831033,3.2363,251.8,134.86116
9466429,K02786.01,CONFIRMED,44.616751,7.831,239.7,164.45238
4365442,K02787.01,FALSE POSITIVE,1.714410345,3.336,50.4,131.86549
8885643,K02789.01,CONFIRMED,3.40165617,1.9617,155.9,132.06195
5652893,K02790.01,CONFIRMED,14.00948631,3.399,169.9,132.96947
3241557,K02863.01,FALSE POSITIVE,1.703359172,1.914,57.6,132.46185
3957082,K02864.01,FALSE POSITIVE,3.77881664,5.819,47.1,134.208
8681833,K02865.01,CONFIRMED,1.311558909,1.919,141.3,131.53283
4138951,K02866.01,CONFIRMED,1.291233083,1.855,66.0,131.99105
3102384,K00273.01,CONFIRMED,10.573751447,1.7259,298.9,175.067739
10471515,K02961.01,CONFIRMED,3.7847507,2.924,33.5,133.50785
4935172,K02962.01,CANDIDATE,2.17291055,2.139,76.4,131.73552
8760040,K02963.01,CONFIRMED,18.2206024,5.109,201.8,141.37607
8760040,K02963.02,CANDIDATE,7.35101287,2.757,115.9,133.63951
10098844,K02964.01,CONFIRMED,47.4497134,10.675,206.4,173.4565
9467404,K02717.01,CONFIRMED,0.929906166,1.743,108.7,132.25126
5308666,K02718.01,FALSE POSITIVE,0.784513087,1.9206,316.6,131.98751
5184911,K02719.01,CONFIRMED,4.11585514,1.4858,425.8,134.11726
8176564,K02720.01,CANDIDATE,6.57159435,3.1044,65.7,132.74598
6587105,K02721.01,CONFIRMED,33.878639,6.194,700.1,160.21869
11662184,K02791.01,CONFIRMED,27.5722144,5.256,296.3,145.39543
11127479,K02792.01,CONFIRMED,2.12821621,3.146,25.9,132.48055
5428668,K02794.01,FALSE POSITIVE,0.703399912,0.823,531.4,131.65929
5041569,K02795.01,FALSE POSITIVE,2.5355023,7.189,354.6,132.20054
10604521,K02797.01,CANDIDATE,0.868122253,1.5471,231.3,131.83212
9899181,K02867.01,FALSE POSITIVE,1.332560553,3.315,31.7,132.05303
9899181,K02867.02,FALSE POSITIVE,18.936061,22.27,24.3,139.0725
8884274,K02868.01,CONFIRMED,10.65275054,2.684,740.7,136.08994
7767162,K02869.01,CONFIRMED,3.30040818,4.462,98.8,133.56723
4861791,K02870.01,FALSE POSITIVE,5.62950902,6.542,297.5,136.8607
4385148,K02942.01,CANDIDATE,13.84301228,4.077,567.8,139.95334
4385148,K02942.02,CONFIRMED,24.2758992,4.59,702.2,152.43133
9838468,K02943.01,CONFIRMED,54.4099612,9.314,193.0,175.40307
6781548,K02944.01,FALSE POSITIVE,9.12209336,4.347,906.8,138.83306
8617363,K02945.01,CONFIRMED,19.94752741,1.756,861.3,144.2469
11401755,K00277.02,CONFIRMED,13.84984567,7.2783,84.6,141.64914
7673192,K02722.01,CONFIRMED,6.12479773,3.466,129.3,134.93803
7673192,K02722.02,CONFIRMED,11.24284815,4.241,136.0,136.32084
7673192,K02722.03,CONFIRMED,4.02877097,3.173,100.4,133.76774
7673192,K02722.04,CONFIRMED,8.92114318,3.933,110.8,137.49071
11807274,K00262.01,CONFIRMED,7.81285862,4.098,117.3,172.6138
7670943,K00269.01,CONFIRMED,18.01164974,6.7367,107.8,185.09162
6697756,K02798.01,CONFIRMED,0.916142298,1.1555,98.5,132.02221
5649833,K02799.01,FALSE POSITIVE,0.597933473,1.918,106.0,131.95386
10518399,K02800.01,FALSE POSITIVE,2.69636494,3.892,109.0,132.99372
5905822,K02801.01,CONFIRMED,6.99205021,5.037,33.4,138.05147
10793172,K02871.01,CONFIRMED,12.0999065,3.558,165.5,143.04424
10793172,K02871.02,CONFIRMED,5.36375016,2.94,114.3,134.65014
7136729,K02872.01,FALSE POSITIVE,3.17319407,2.512,135.8,133.38365
6364276,K02873.01,FALSE POSITIVE,5.24368302,10.873,225.4,132.7109
4367854,K02876.01,CANDIDATE,5.1952021,2.1552,320.8,133.34401
5108946,K02955.01,FALSE POSITIVE,0.591280187,1.1656,135.0,131.74406
8801316,K02956.01,CONFIRMED,3.93766786,4.655,24.3,135.27724
10597693,K02958.01,CANDIDATE,31.6084371,3.675,331.6,134.68285
7466270,K02959.01,CANDIDATE,16.1558656,3.798,731.3,140.23012
10876237,K02960.01,FALSE POSITIVE,1.465943491,1.513,52.3,132.32801
12314973,K00279.01,CONFIRMED,28.45489091,8.1593,1418.6,176.706265
3346154,K02723.01,CONFIRMED,1.952711161,0.872,403.0,133.160986
5308387,K02724.01,FALSE POSITIVE,0.620739667,2.477,108.2,132.10051
6233573,K02725.01,FALSE POSITIVE,0.587470828,2.4382,193.8,131.49788
10363281,K02726.01,FALSE POSITIVE,0.934924739,2.052,73.8,132.17846
4861527,K02727.01,FALSE POSITIVE,25.7054557,6.059,266.3,156.66709
5775129,K02802.01,CONFIRMED,3.84822189,2.013,203.9,131.9185
9898447,K02803.01,CONFIRMED,2.37752442,2.307,32.1,133.39854
5307568,K02804.01,FALSE POSITIVE,2.62838097,3.193,89.9,131.62343
11135308,K02805.01,CONFIRMED,1.877878538,2.39,47.5,132.26131
2985587,K02807.01,CANDIDATE,3.375716723,1.5436,175.7,134.21319
6521045,K00041.03,CONFIRMED,35.3331932,5.966,99.7,153.98249
8077137,K00274.01,CONFIRMED,15.0896415,4.3349,77.8,175.95371
7019524,K02877.01,CONFIRMED,5.30873978,3.018,127.5,134.25061
5106313,K02878.01,CONFIRMED,3.89524296,1.689,189.0,131.85929
9825174,K02880.01,CONFIRMED,0.740926358,1.0163,195.5,131.91163
5642620,K02882.01,CANDIDATE,75.8580035,5.382,1148.4,165.5543
8429415,K02965.01,FALSE POSITIVE,1.352564873,3.469,56.7,132.04752
5014903,K02966.01,FALSE POSITIVE,7.72768833,2.06,404.8,136.19387
5980783,K02967.01,CONFIRMED,37.3033197,7.793,551.7,133.3072
8873090,K02968.01,CANDIDATE,10.16435076,6.017,37.7,136.43034
8560804,K02969.01,FALSE POSITIVE,31.9729501,9.41,156.3,133.88218
12008872,K02729.01,CONFIRMED,14.8877665,4.981,252.5,141.95432
8415200,K02730.01,CONFIRMED,4.52158614,3.4702,106.2,133.21804
4072333,K02731.01,FALSE POSITIVE,2.007750531,2.0715,352.0,132.57843
9886361,K02732.01,CONFIRMED,7.03146295,5.922,85.4,134.4525
9886361,K02732.03,CONFIRMED,54.2811949,5.517,147.8,140.71639
3730335,K02808.01,FALSE POSITIVE,0.596087893,0.7159,105.1,131.82296
6528464,K00270.01,CONFIRMED,12.58229808,6.375,118.7,175.02129
7428316,K02809.01,FALSE POSITIVE,7.12684695,3.179,206.3,137.42807
10275766,K02810.01,FALSE POSITIVE,0.661749944,4.112,215.6,131.86076
10275766,K02810.02,FALSE POSITIVE,354.95118,13.02,421.9,156.9947
6370120,K02811.01,FALSE POSITIVE,1.35477049,1.618,145.3,131.64321
5642620,K02882.02,FALSE POSITIVE,0.493393859,1.1319,264.7,131.57378
5209845,K02883.01,CONFIRMED,11.95401876,2.656,855.9,140.26226
9652649,K02884.01,FALSE POSITIVE,2.48883033,4.268,51.4,132.11766
11100670,K02885.01,FALSE POSITIVE,20.2340219,3.674,193.6,141.38622
6129524,K02886.01,CONFIRMED,0.88184263,1.3117,249.9,131.68869
5794570,K02675.01,CONFIRMED,5.448321078,2.2213,529.4,132.49088
5794570,K02675.02,CONFIRMED,1.116127169,1.3235,109.2,131.84982
5649325,K02676.01,FALSE POSITIVE,195.613824,23.777,1651.9,167.73974
9958387,K02677.01,CANDIDATE,237.787237,10.509,1627.7,196.97103
6779260,K02678.01,CONFIRMED,3.833087643,1.51,461.4,131.63482
11807274,K00262.02,CONFIRMED,9.37663713,2.1033,118.4,136.95319
5953297,K02733.01,CONFIRMED,5.62006198,2.751,190.1,132.95381
7659389,K02734.01,CONFIRMED,3.8259005,1.8057,857.2,132.20163
9472074,K02735.01,CONFIRMED,0.558841234,0.7918,280.9,131.57991
10842192,K02736.01,CONFIRMED,9.33648141,2.5449,885.4,140.67893
2442448,K02812.01,CONFIRMED,76.6139446,10.22,498.7,153.79301
11197853,K02813.01,CANDIDATE,0.698461304,0.7887,134.4,131.85138
9665922,K02815.01,FALSE POSITIVE,1.545388842,3.037,52.8,132.63059
11283615,K02816.01,CONFIRMED,1.289590179,1.3541,286.0,131.89057
7605093,K02817.01,CONFIRMED,0.634003002,0.9207,316.9,131.89476
3859363,K02887.01,FALSE POSITIVE,1.56859048,11.591,280.6,131.64081
8077137,K00274.02,CONFIRMED,22.8030252,4.768,62.9,153.37541
12023078,K02888.01,FALSE POSITIVE,0.623441939,1.4053,128.1,131.990423
6364162,K02889.01,FALSE POSITIVE,5.24364571,16.984,270.4,132.7242
7463685,K02890.01,CONFIRMED,8.98826122,4.96,160.8,138.83733
6716021,K02679.01,CANDIDATE,110.7556272,6.819,8067.0,144.80528
11231334,K00258.01,FALSE POSITIVE,4.15743922,9.572,1472.0,172.50464
8326342,K02680.01,CANDIDATE,14.4079035,2.524,3058.0,142.02803
6878240,K02681.01,CONFIRMED,135.4978256,6.769,5038.1,233.6923
6878240,K02681.02,CONFIRMED,22.2508509,1.745,618.7,149.43326
2436378,K02682.01,FALSE POSITIVE,8.53161917,2.9596,65744.0,136.27763
6614629,K02737.01,FALSE POSITIVE,0.526615152,1.0582,64.0,131.49908
6630943,K02738.01,FALSE POSITIVE,0.690405794,1.7407,178.4,131.7301
4831728,K02739.01,CONFIRMED,10.10773789,3.828,294.9,135.1032
4831728,K02739.02,CANDIDATE,7.0956395,3.465,108.1,135.0007
3336765,K02740.01,FALSE POSITIVE,1.844857057,1.6557,85.6,132.16167
4270565,K02819.01,FALSE POSITIVE,18.0116764,6.006,417.2,139.19459
6528464,K00270.02,CONFIRMED,33.67280658,8.2267,170.9,162.03676
11963206,K02820.01,CONFIRMED,3.00912491,2.228,191.4,131.62696
4249611,K02821.01,CANDIDATE,79.2450351,5.382,1347.3,161.5717
8263545,K02822.01,CONFIRMED,4.44589508,2.3816,441.4,131.74309
10068024,K02891.01,FALSE POSITIVE,2.023126394,1.2771,72.2,132.07328
9636563,K02892.01,FALSE POSITIVE,10.63609504,3.48,290.6,139.7996
6937402,K02894.01,CONFIRMED,10.3108232,5.617,204.0,141.5114
5475641,K02895.01,FALSE POSITIVE,1.069842837,5.275,540.3,132.4449
2853828,K02896.01,FALSE POSITIVE,1.077467951,2.1125,75.7,131.58234
7899070,K02683.01,CANDIDATE,126.4451275,16.7151,3252.5,166.49998
4035667,K02684.01,FALSE POSITIVE,2.8736467,1.682,215.7,132.58652
9612825,K02685.01,FALSE POSITIVE,2.846517614,4.228,2154.4,133.24348
7826659,K02686.01,CONFIRMED,211.032819,7.119,1953.4,279.12891
7202957,K02687.01,CONFIRMED,1.716828304,2.068,59.5,132.03204
5513893,K02741.01,FALSE POSITIVE,0.755103143,2.885,43.8,131.81388
10514430,K00263.01,FALSE POSITIVE,20.71927223,4.0388,224.6,184.73851
8095441,K02743.01,CONFIRMED,11.87457664,1.9797,220.7,140.21259
5881813,K02744.01,CONFIRMED,109.6469948,6.568,899.7,190.67271
12456601,K02745.01,CONFIRMED,15.64588656,3.959,572.1,146.04926
10341917,K02823.01,FALSE POSITIVE,0.93375241,6.352,518.0,131.5113
3241604,K02824.01,FALSE POSITIVE,1.70336496,1.7045,316.7,132.45889
9591070,K02825.01,FALSE POSITIVE,0.764174368,2.346,100.2,131.68497
8227661,K02826.01,FALSE POSITIVE,1.85373924,1.816,348.6,132.66885
7428736,K02827.01,CONFIRMED,7.06321927,2.411,207.2,132.52395
5817986,K02897.01,FALSE POSITIVE,0.584310213,2.1801,809.4,132.013258
11129258,K02898.01,CONFIRMED,25.384175,3.576,594.0,137.77326
10586004,K00275.01,CONFIRMED,15.79196594,7.2772,203.1,176.81888
4939533,K02899.01,CANDIDATE,5.77207177,2.605,328.5,134.93042
4846856,K02900.01,CANDIDATE,46.151253,5.346,649.0,147.81245
7202957,K02687.02,CONFIRMED,8.16733851,3.337,104.9,136.20356
6521045,K00041.01,CONFIRMED,12.81590421,6.3856,220.5,122.94682
5790807,K00259.01,FALSE POSITIVE,79.99623328,6.3339,24383.5,207.126264
8892303,K02688.01,CONFIRMED,5.424749327,1.139,7680.0,133.728952
10265602,K02689.01,CANDIDATE,165.3447044,3.09,4899.0,174.29621
5369827,K02690.01,CONFIRMED,3.606940379,1.0418,432.3,134.77442
5302643,K02746.01,FALSE POSITIVE,69.2002312,5.679,2271.5,145.95159
6586746,K02747.01,CONFIRMED,6.26404774,2.39,378.7,132.82928
9962455,K02748.01,CONFIRMED,23.1985852,9.821,224.7,142.62801
9962455,K02748.02,CONFIRMED,5.77721259,2.462,134.3,137.16696
8687088,K02749.01,FALSE POSITIVE,0.905037231,1.4351,37.5,132.21703
6436029,K02828.01,CONFIRMED,59.4969009,5.404,1262.1,146.95193
6197215,K02829.01,CONFIRMED,10.61345333,0.9829,150.2,135.6898
9451706,K00271.01,CONFIRMED,48.6303805,7.0805,339.8,172.54736
9244508,K02830.01,CONFIRMED,40.5289885,10.604,360.7,168.01669
9692557,K02831.01,FALSE POSITIVE,0.571940563,0.9031,54.3,131.71371
9366886,K02901.01,FALSE POSITIVE,0.633514386,1.2792,179.1,131.56236
3657176,K02903.01,FALSE POSITIVE,17.4166143,2.445,314.2,141.10369
3969687,K02904.01,CONFIRMED,16.3583482,9.858,116.4,141.25354
9369366,K02905.01,FALSE POSITIVE,36.0054414,3.262,117.5,144.34331
6716545,K02906.01,CONFIRMED,13.9093544,6.765,86.8,142.8769
4552729,K02691.01,CANDIDATE,97.4463194,6.765,2141.1,204.83009
2989706,K02692.01,FALSE POSITIVE,1.257689465,0.8399,945.6,132.503649
5185897,K02693.01,CONFIRMED,4.081411554,2.3239,171.9,133.85992
5185897,K02693.02,CONFIRMED,11.41941928,3.3075,150.5,142.11859
5185897,K02693.03,CONFIRMED,6.83440674,2.2726,177.1,136.86023
3663173,K02750.01,CANDIDATE,174.636181,15.679,2500.9,184.5253
9881077,K02751.01,CONFIRMED,24.4004378,2.987,860.5,135.62326
3097346,K00264.01,FALSE POSITIVE,4.029810359,3.3316,111.1,170.69131
5717567,K02752.01,FALSE POSITIVE,1.287622419,0.821,36.5,132.43069
6265792,K02753.01,CONFIRMED,0.935115863,1.6172,64.8,132.20193
9995402,K02832.01,CONFIRMED,3.57551429,2.364,92.8,132.86125
9109857,K02833.01,CANDIDATE,1.791877025,1.166,46.1,132.8762
5609593,K02834.01,CONFIRMED,136.205112,5.568,1209.3,234.72601
5436338,K02835.01,CONFIRMED,6.30922043,1.3251,691.2,133.99677
11414465,K02836.01,CONFIRMED,2.94194296,2.056,278.0,133.1044
6716545,K02906.02,CANDIDATE,145.881936,11.342,156.9,194.6951
2708885,K02907.01,FALSE POSITIVE,1.146934644,1.7247,256.2,132.2666
6612284,K02908.01,FALSE POSITIVE,1.245353252,2.152,224.2,132.21522
10586004,K00275.02,CONFIRMED,82.2001239,10.627,233.9,208.79417
4483138,K02910.01,CONFIRMED,15.3626052,3.736,468.3,145.5732
9475552,K02694.01,CONFIRMED,0.843379985,1.4474,343.3,131.966174
9475552,K02694.02,CONFIRMED,6.56606941,1.8455,402.4,134.49512
8292840,K00260.01,CONFIRMED,10.49566303,4.7356,106.1,172.79335
5196864,K02695.01,CANDIDATE,2.50343279,1.534,1156.0,131.94522
11071200,K02696.01,CANDIDATE,96.4562198,11.195,950.5,214.74931
11071200,K02696.02,CANDIDATE,44.5643831,7.874,360.5,143.43526
10905911,K02754.01,CONFIRMED,1.34155642,1.6462,58.2,132.73743
3545135,K02755.01,CONFIRMED,8.48299282,2.505,69.1,132.96583
6964929,K02756.01,CONFIRMED,0.665025941,1.7542,104.7,131.65962
6432345,K02757.01,CONFIRMED,234.635652,6.965,868.5,172.64615
8703129,K02758.01,CANDIDATE,253.374581,22.889,1104.0,235.74025
11565924,K02837.01,CONFIRMED,13.32191461,6.213,133.5,142.7235
6607357,K02838.01,CONFIRMED,7.69994466,4.432,70.9,134.39282
6607357,K02838.02,CONFIRMED,4.77466043,3.804,54.3,135.16338
9451706,K00271.02,CONFIRMED,29.39337161,7.0445,327.0,209.06737
6186964,K02839.01,CONFIRMED,2.164570593,1.2862,525.1,131.83142
5471202,K02911.01,FALSE POSITIVE,12.4258343,28.1171,449.4,141.5311
9640439,K02912.01,FALSE POSITIVE,0.873227249,0.7948,221.8,132.23359
9693006,K02913.01,CONFIRMED,2.88878583,2.977,40.9,132.33651
6837283,K02914.01,CANDIDATE,21.1181653,9.734,112.7,133.59196
5613821,K02915.01,CANDIDATE,5.06092282,2.586,71.6,134.47316
6627507,K02697.01,FALSE POSITIVE,7.37453336,3.745,304.4,131.55947
5128673,K02698.01,CONFIRMED,87.9724227,14.638,866.7,168.29785
6690836,K02699.01,CONFIRMED,0.568874717,1.2177,378.4,132.048771
8639908,K02700.01,CANDIDATE,0.910020582,1.7956,358.1,131.99239
5481148,K02701.01,FALSE POSITIVE,22.023514,1.932,1670.0,135.18349
11076400,K02759.01,CANDIDATE,1.07808492,0.8551,155.6,132.03683
7877978,K02760.01,CONFIRMED,56.5732318,4.188,688.5,146.57984
7903086,K02761.01,FALSE POSITIVE,1.846861455,1.6605,648.6,131.90493
12024120,K00265.01,CONFIRMED,3.568099612,3.2131,98.4,169.74278
8210018,K02762.01,CONFIRMED,132.9955503,7.436,1275.4,258.3961
3642289,K00301.01,CONFIRMED,6.002548291,4.1628,202.0,171.71419
3642289,K00301.02,CONFIRMED,11.44865823,4.953,75.2,141.38705
3662838,K00302.01,CONFIRMED,24.85466504,9.182,776.2,173.99971
5966322,K00303.01,CONFIRMED,60.92818866,6.3336,755.6,173.37212
6029239,K00304.01,CONFIRMED,8.512037736,2.1861,597.8,174.909816
12106929,K00359.01,FALSE POSITIVE,5.93720557,4.882,371.4,171.57597
12107021,K00360.01,FALSE POSITIVE,5.93719982,3.95,175.6,135.95338
8248939,K00061.01,FALSE POSITIVE,1.63345402,3.817,359.0,181.8556
12404954,K00361.01,CONFIRMED,3.247548814,2.5146,209.7,171.27807
1571511,K00362.01,FALSE POSITIVE,14.022451457,8.08619,20082.9,177.5952096
2438070,K00363.01,FALSE POSITIVE,2.442945167,4.0145,677.9,171.09721
3747262,K03005.01,FALSE POSITIVE,1.312459403,1.459,36.9,132.22569
10190075,K03007.01,CANDIDATE,11.1916199,2.1,166.4,138.04258
9070666,K03008.01,CONFIRMED,2.99792926,4.398,45.4,131.76579
3642335,K03010.01,CONFIRMED,60.8660974,4.397,714.3,179.28674
3328052,K03011.01,FALSE POSITIVE,2.11547854,3.665,222.9,132.0118
10749059,K03086.01,CANDIDATE,174.731515,8.257,1179.9,252.5348
9119568,K03087.01,FALSE POSITIVE,5.54867998,4.665,68.9,133.9285
9119568,K03087.02,FALSE POSITIVE,1.22174063,7.443,32.2,132.0174
9020114,K03088.01,CONFIRMED,3.48412874,1.422,161.6,134.5504
6196457,K00285.01,CONFIRMED,13.74883059,6.0968,425.9,179.279158
7668416,K03089.01,CANDIDATE,0.858546796,1.1,106.1,132.14429
6029239,K00304.02,CANDIDATE,5.518195,1.81,27.1,136.584
6063220,K00305.01,CONFIRMED,4.603575293,2.3499,440.4,171.840124
6071903,K00306.01,CONFIRMED,24.30784323,2.6054,677.1,178.36629
6289257,K00307.01,CONFIRMED,19.67409703,3.7535,204.9,176.27119
10905239,K00046.01,CONFIRMED,3.487688776,3.83661,1298.8,170.932217
11623629,K00365.01,CONFIRMED,81.737872,6.6923,628.8,211.678818
3545478,K00366.01,CANDIDATE,75.1122132,4.9458,3751.5,207.713987
4815520,K00367.01,CONFIRMED,31.578651216,2.12791,2125.4,177.206237
6603043,K00368.01,FALSE POSITIVE,110.32167272,13.3624,7296.6,197.365128
7175184,K00369.01,CONFIRMED,5.88527364,1.9531,112.7,174.42554
7109851,K03012.01,FALSE POSITIVE,1.086486129,0.8383,66.0,131.96598
11565544,K03013.01,CANDIDATE,3.76562031,1.288,232.6,131.75562
7347246,K03014.01,CONFIRMED,86.1160885,6.058,875.2,134.8808
11403530,K03015.01,CONFIRMED,3.61460332,3.227,43.9,133.09123
5088536,K00282.02,CONFIRMED,8.45744892,3.2893,77.4,139.06689
12072872,K03017.01,CANDIDATE,2.46288834,1.724,47.4,132.80114
6609270,K03090.01,CONFIRMED,3.82223397,1.924,362.7,132.14965
12406807,K03091.01,CONFIRMED,17.067644,6.026,262.4,145.56929
8046689,K03092.01,FALSE POSITIVE,5.78542702,2.271,256.2,137.09181
5096590,K03093.01,CONFIRMED,29.6099055,7.433,120.1,137.3316
9650989,K03095.01,CONFIRMED,3.42390809,1.773,153.1,132.88326
6289257,K00307.02,CONFIRMED,5.21104597,3.3447,102.7,131.53797
6291837,K00308.01,CONFIRMED,35.5969684,6.691,684.5,187.52765
7024222,K00309.01,FALSE POSITIVE,1.633107509,1.491,60.8,170.19649
7024511,K00311.01,FALSE POSITIVE,66.1544958,6.945,1972.0,175.64641
7050989,K00312.01,CONFIRMED,11.57890926,2.7207,243.4,175.58603
7175184,K00369.02,CONFIRMED,10.10463142,2.369,114.6,135.55718
8494142,K00370.01,CONFIRMED,42.88247951,9.7471,408.9,203.6483
11554435,K00063.01,CONFIRMED,9.43414171,2.8112,3977.0,177.84346
8494142,K00370.02,CONFIRMED,22.95062278,4.4814,129.8,151.53259
5652983,K00371.01,FALSE POSITIVE,498.391282,6.135,1590.0,244.08166
6471021,K00372.01,CONFIRMED,125.6291479,9.108,7841.6,253.35079
7906671,K03018.01,FALSE POSITIVE,45.1178526,3.737,389.2,156.99133
8709688,K03019.01,CONFIRMED,4.17939037,2.647,172.8,133.84818
8241079,K03020.01,CANDIDATE,10.9192653,4.572,91.1,134.26789
3348285,K03021.01,FALSE POSITIVE,0.803835923,1.397,52.6,131.80207
11618601,K03022.01,CONFIRMED,2.76263737,1.821,185.0,132.99574
7582689,K03097.01,CONFIRMED,11.9216035,5.009,43.2,137.47581
7582689,K03097.02,CONFIRMED,6.80257947,4.608,32.7,138.0478
7582689,K03097.03,CONFIRMED,8.70312154,4.807,32.0,140.15531
9959589,K03098.01,FALSE POSITIVE,1.332557603,6.043,225.3,132.05691
9025922,K00043.01,FALSE POSITIVE,11.32029599,4.5866,4303.5,177.08388
6196457,K00285.02,CONFIRMED,26.723169,8.501,195.0,147.93696
7050989,K00312.02,CONFIRMED,16.39926461,3.4108,220.8,131.96806
7419318,K00313.01,CONFIRMED,18.73577127,3.0356,567.2,177.634372
7419318,K00313.02,CONFIRMED,8.43639829,3.2451,345.5,179.88704
7603200,K00314.01,CONFIRMED,13.78109471,2.3188,756.0,177.852785
7603200,K00314.02,CONFIRMED,23.08902241,1.7012,598.3,171.007634
10905239,K00046.02,CONFIRMED,6.02977241,3.961,54.6,132.48162
7364176,K00373.01,CONFIRMED,135.1879934,8.8191,663.4,190.93292
8686097,K00374.01,CONFIRMED,172.7046083,11.347,659.1,236.92574
12356617,K00375.01,CONFIRMED,988.8811177,5.9504,5060.0,239.224189
12643589,K00376.01,FALSE POSITIVE,44.14599042,3.4015,4467.8,211.531127
12643589,K00376.02,FALSE POSITIVE,1.411627439,1.0814,515.2,178.263426
3323887,K00377.01,CONFIRMED,19.270825843,4.1281,6660.5,182.5436
11618601,K03022.02,CONFIRMED,5.05368985,2.514,171.5,135.11296
7732285,K03023.01,FALSE POSITIVE,4.39049637,3.0112,113.5,134.12735
9716391,K03025.01,CONFIRMED,13.1829329,3.594,518.0,141.82648
6929841,K03026.01,CONFIRMED,3.51575492,1.381,237.4,134.29974
5088536,K00282.03,CONFIRMED,87.5177787,2.55,136.5,201.15451
5124254,K03099.01,FALSE POSITIVE,14.0498182,2.907,472.0,140.50396
11508644,K03101.01,CONFIRMED,14.2563272,4.796,206.1,133.40971
12168993,K03105.01,CANDIDATE,4.21223579,7.898,116.4,132.9291
8895758,K03106.01,CONFIRMED,0.968980781,1.517,118.5,132.41921
10031500,K03107.01,FALSE POSITIVE,8.589562,9.885,245.4,132.0335
7603200,K00314.03,CONFIRMED,10.31282204,2.0138,137.6,133.53528
7700622,K00315.01,CONFIRMED,35.58349688,3.9885,937.6,189.03562
8008067,K00316.01,CONFIRMED,15.77111067,5.0574,547.1,184.90347
8008067,K00316.02,CONFIRMED,157.0659976,8.1289,551.4,481.26942
8008067,K00316.03,CONFIRMED,7.305706326,1.4228,264.9,131.77905
3323887,K00377.02,CONFIRMED,38.90787517,4.5271,6159.1,175.425847
7051180,K00064.01,CANDIDATE,1.951082219,1.6975,1151.8,157.54316
3323887,K00377.03,CONFIRMED,1.59295975,1.9313,248.3,182.08924
2449074,K00378.01,FALSE POSITIVE,4.94402197,4.062,363.3,173.75192
2446113,K00379.01,FALSE POSITIVE,6.71725648,2.5207,272.7,170.99733
2446113,K00379.02,CANDIDATE,23.1375919,3.35,114.0,152.17335
11137180,K03027.01,CONFIRMED,6.07032548,1.341,311.6,135.30933
9838804,K03028.01,FALSE POSITIVE,1.33256952,2.915,163.5,132.03835
5903749,K03029.01,CANDIDATE,18.9763286,2.379,329.8,134.83396
5903749,K03029.02,CANDIDATE,6.34724702,3.097,159.8,133.00398
5524881,K03030.01,FALSE POSITIVE,7.19552624,4.095,214.6,136.03008
3756264,K03108.01,CONFIRMED,7.36272124,1.3287,429.3,136.86143
11572193,K03109.01,CONFIRMED,10.6761592,4.594,151.0,140.59136
11285870,K03110.01,CONFIRMED,4.48494315,2.752,134.9,135.01836
8581240,K03111.01,CANDIDATE,10.76800074,3.494,65.1,138.50669
8581240,K03111.02,CANDIDATE,4.32848303,2.955,35.5,132.5128
6196457,K00285.03,CONFIRMED,49.3567907,10.954,130.2,134.29533
8121310,K00317.01,CONFIRMED,22.20809549,7.3327,463.2,206.35965
8156120,K00318.01,CONFIRMED,38.5833679,12.391,1388.2,174.84868
8684730,K00319.01,CANDIDATE,46.15119482,6.3427,1817.3,176.626026
8700558,K00320.01,FALSE POSITIVE,4.79179893,2.9283,123.9,173.51679
8753657,K00321.01,CONFIRMED,2.426304127,2.6624,185.4,170.455517
8554498,K00005.01,CANDIDATE,4.780327581,2.0253,960.8,132.974086
3847708,K00389.01,FALSE POSITIVE,3.741231778,2.469,419.0,171.70626
3849155,K00390.01,FALSE POSITIVE,1.168310132,1.31,283.3,170.604205
3858804,K00391.01,FALSE POSITIVE,25.9525478,21.328,478.4,174.84275
3942670,K00392.01,CONFIRMED,33.4160553,8.605,275.8,171.33696
3942670,K00392.02,CONFIRMED,12.6119685,6.372,76.5,138.1189
6949898,K03031.01,CANDIDATE,7.64809462,2.216,195.9,137.21737
10585738,K03032.01,CONFIRMED,0.636424848,0.947,217.9,131.68872
7186665,K03033.01,FALSE POSITIVE,8.55935323,4.303,148.8,137.22854
2973386,K03034.01,CANDIDATE,31.0209175,2.012,859.5,138.01479
6388770,K03035.01,FALSE POSITIVE,21.3419702,10.73,,134.094
7022573,K03112.01,CANDIDATE,2.118893997,0.822,311.4,132.8042
7676423,K03113.01,CONFIRMED,2.46050095,1.861,276.8,133.61605
9288237,K03114.01,CANDIDATE,7.49133777,6.315,34.5,135.31257
11714231,K03115.01,CONFIRMED,5.8660127,3.985,183.0,136.35647
11720424,K03116.01,CONFIRMED,23.9107056,4.996,294.0,150.5394
7837302,K00048.01,FALSE POSITIVE,23.836808884,6.02854,29684.7,173.7759431
8753657,K00321.02,CONFIRMED,4.62334491,3.0189,62.0,132.37083
8948424,K00322.01,FALSE POSITIVE,5.888835386,3.7988,19466.0,173.582863
9139084,K00323.01,CONFIRMED,5.83599485,2.062,553.3,169.87446
9641041,K00324.01,FALSE POSITIVE,1.089077863,2.4676,133.6,171.230501
9724984,K00325.01,FALSE POSITIVE,7.86335883,3.4303,467.3,171.00299
2452450,K00380.01,FALSE POSITIVE,8.0970583,5.699,680.7,170.81044
3230578,K00381.01,FALSE POSITIVE,6.337614357,1.742,1807.4,170.189414
3231137,K00382.01,FALSE POSITIVE,3.900140077,3.77,543.1,172.37193
3353050,K00384.01,CONFIRMED,5.0800579,5.207,222.8,174.42853
3446746,K00385.01,CONFIRMED,13.14496741,3.6399,300.8,174.8467
5695396,K00283.01,CONFIRMED,16.09196369,2.8943,415.8,170.598832
5217891,K03036.01,FALSE POSITIVE,161.239891,24.472,1075.4,189.1791
6593150,K03037.01,CANDIDATE,5.4654174,3.209,219.5,133.58893
8051946,K03038.01,CONFIRMED,1.4951513,3.43,52.0,132.66025
5445681,K03039.01,CONFIRMED,20.3504704,7.225,101.8,142.7588
6523351,K03117.01,CANDIDATE,6.06664931,1.962,65.3,136.14365
5551672,K03119.01,CANDIDATE,2.184437698,1.0422,1546.8,133.67492
11499192,K03120.01,CONFIRMED,4.13592927,2.377,156.2,133.53763
12416661,K03122.01,CONFIRMED,8.05337912,5.382,38.3,134.9588
8197793,K03123.01,CANDIDATE,15.2311195,3.91,269.1,143.73591
8258171,K00286.01,FALSE POSITIVE,23.6272223,7.9,154.6,173.65096
9880467,K00326.01,FALSE POSITIVE,8.97349999,3.1408,935.1,171.03075
9880467,K00326.02,FALSE POSITIVE,108.546946,7.567,711.3,151.1275
9881662,K00327.01,CONFIRMED,3.254277742,2.9903,159.9,172.66256
9881662,K00327.02,CONFIRMED,91.3514816,8.707,210.0,189.60082
9895004,K00328.01,FALSE POSITIVE,2.250826647,1.536,534.4,170.321819
3656121,K00386.01,CONFIRMED,31.1588249,5.1803,959.0,173.90355
10620329,K00066.01,FALSE POSITIVE,0.436282594,1.3988,536.4,170.702041
3656121,K00386.02,CONFIRMED,76.7324556,6.243,685.7,200.6722
3733628,K00387.01,CONFIRMED,13.89963233,3.5791,1121.7,182.864454
3831053,K00388.01,CONFIRMED,6.14955931,5.5694,333.7,169.55182
6357290,K03040.01,CANDIDATE,4.8099878,1.97,288.2,133.00671
4072955,K03041.01,CANDIDATE,5.08288076,2.515,108.0,134.00557
8695311,K03042.01,CANDIDATE,31.0259489,5.692,385.4,158.5632
9834731,K03043.01,CANDIDATE,3.08942807,3.214,85.3,134.1999
5092266,K03045.01,CONFIRMED,44.8702042,4.199,636.1,141.11446
4076976,K03124.01,FALSE POSITIVE,4.8807805,9.4,79.0,133.705
8751796,K03125.01,CONFIRMED,4.45342418,3.654,46.6,133.09066
7097534,K03126.01,FALSE POSITIVE,2.21396685,4.374,81.6,132.56407
9907129,K03127.01,CONFIRMED,9.705693,7.702,140.8,140.3709
7609674,K03128.01,CANDIDATE,21.2360024,4.019,104.4,149.88083
9527334,K00049.01,CONFIRMED,8.31377304,2.964,837.4,175.99137
10031885,K00329.01,FALSE POSITIVE,8.58969597,8.471,245.1,174.9625
11361646,K00330.01,CONFIRMED,7.97420583,5.3503,293.1,174.52718
11361646,K00330.02,CONFIRMED,1.88899036,3.486,59.0,132.09517
10285631,K00331.01,CONFIRMED,18.68405716,6.9329,381.5,170.83245
3964109,K00393.01,CONFIRMED,21.41624083,7.081,314.5,176.24991
4159347,K00394.01,FALSE POSITIVE,12.28351275,3.634,597.8,174.36652
3544595,K00069.01,CONFIRMED,4.72674037,2.9267,273.1,134.926396
4165960,K00395.01,FALSE POSITIVE,6.77449545,2.5416,481.9,171.0118
4252322,K00396.01,CANDIDATE,14.591504451,1.1295,1490.5,180.851546
4376644,K00397.01,FALSE POSITIVE,27.677680103,2.1704,11545.0,173.796579
9301506,K03047.01,FALSE POSITIVE,0.605223042,0.8986,232.3,131.75593
5695396,K00283.02,CONFIRMED,25.5172744,4.735,66.8,154.4165
9714550,K03048.01,CONFIRMED,4.73292061,1.746,151.6,131.579
6263593,K03049.01,CONFIRMED,22.4765952,3.437,481.4,136.82336
5475042,K03050.01,CANDIDATE,1.242639742,1.763,159.3,131.88125
6964159,K03129.01,FALSE POSITIVE,25.503628,3.913,204.4,139.3578
10252275,K03130.01,CONFIRMED,14.8638496,2.705,220.6,142.95729
10252275,K03130.02,CONFIRMED,5.65245733,2.062,121.0,136.97891
11455181,K03131.01,CONFIRMED,10.9294815,5.893,196.9,141.5034
9541295,K03132.01,CANDIDATE,0.536650319,2.383,41.9,131.71106
10290666,K00332.01,CONFIRMED,5.45849914,4.0448,255.9,172.08857
10337258,K00333.01,CONFIRMED,13.28536452,6.283,377.6,169.86052
10383687,K00334.01,FALSE POSITIVE,8.4879444,3.224,119.3,176.92505
10470206,K00335.01,FALSE POSITIVE,46.56675437,7.831,801.1,196.31173
10518725,K00336.01,FALSE POSITIVE,19.5148412,3.096,102.7,132.60757
12314973,K00279.02,CONFIRMED,15.4130812,6.6358,264.3,136.94324
5450893,K02970.01,CONFIRMED,4.82051088,3.588,40.9,135.78541
4770174,K02971.01,CANDIDATE,6.09595681,5.502,65.7,134.59214
8949925,K02972.01,CANDIDATE,13.2511214,4.996,266.5,141.178
5091016,K02973.01,FALSE POSITIVE,5.76556718,3.138,213.3,134.96501
9959492,K03051.01,CANDIDATE,11.682369,2.71,234.5,134.8311
8827575,K03052.01,CANDIDATE,10.12956201,3.044,81.3,135.99804
8827575,K03052.02,CONFIRMED,15.6112238,3.873,113.5,144.8735
2716801,K03053.01,CONFIRMED,42.5217006,5.723,685.6,136.1274
7281454,K03055.01,FALSE POSITIVE,0.566805887,5.2317,1.7,131.8203886
7216284,K03056.01,CONFIRMED,6.69958851,2.831,253.7,134.1468
8703887,K00287.01,FALSE POSITIVE,14.170972781,3.7316,13496.5,175.60775
9899352,K03135.01,FALSE POSITIVE,1.332562831,6.24,297.9,132.05088
6945786,K03136.01,CONFIRMED,2.39161966,1.906,189.2,133.07956
5978170,K03140.01,CONFIRMED,5.68879083,2.55,241.5,131.6672
5440317,K03141.01,CONFIRMED,2.31941571,1.591,96.4,131.93925
10545066,K00337.01,CONFIRMED,19.7830259,5.4898,373.2,177.72013
6056992,K00051.01,FALSE POSITIVE,10.431146765,3.8853,29375.6,133.936337
10552611,K00338.01,CONFIRMED,7.0106324,3.0688,327.3,174.57542
10552611,K00338.02,CONFIRMED,3.10762684,2.361,77.2,132.63359
10587105,K00339.01,CONFIRMED,1.980356674,2.4743,271.9,170.139601
10587105,K00339.02,CONFIRMED,12.8344771,3.846,281.0,138.32626
6948480,K02975.01,FALSE POSITIVE,175.329014,6.269,1059.1,230.9292
6438099,K02976.01,CANDIDATE,21.61313362,1.52,818.1,137.02689
11090556,K02977.01,CONFIRMED,2.7881793,3.397,55.8,131.84558
11090556,K02977.02,CONFIRMED,4.13827684,3.449,63.8,133.2285
10686814,K02978.01,FALSE POSITIVE,2.61846258,3.505,275.3,134.02945
3234843,K03057.01,CONFIRMED,29.72722,3.45,1010.2,134.6581
6021275,K00284.01,CONFIRMED,18.01019956,3.516,177.7,179.42137
3234843,K03057.02,CONFIRMED,10.61368712,3.498,559.8,140.85316
8192911,K03058.01,FALSE POSITIVE,7.53887442,3.147,342.1,135.3319
10554967,K03059.01,FALSE POSITIVE,0.53633519,1.0547,444.1,131.71447
3752110,K03142.01,CANDIDATE,27.9430245,6.125,308.6,136.8697
5688790,K03144.01,CONFIRMED,8.07394097,2.455,1056.0,540.04161
1717722,K03145.01,CONFIRMED,4.53702121,1.813,504.4,132.1846
1717722,K03145.02,CANDIDATE,0.977311489,1.403,250.7,131.70299
10908248,K03146.01,CONFIRMED,39.859505,7.987,155.5,154.7616
10616571,K00340.01,FALSE POSITIVE,23.6731242,14.3948,23112.9,160.628756
10878263,K00341.01,CONFIRMED,7.170710381,2.9225,863.3,176.666844
10878263,K00341.02,CONFIRMED,4.699652821,2.553,351.4,177.61519
10982872,K00343.01,CONFIRMED,4.761705895,3.3061,497.1,170.335759
10982872,K00343.02,CONFIRMED,2.024143568,2.5273,239.4,170.496204
2720514,K02979.01,FALSE POSITIVE,1.371288853,1.4528,66.2,131.93796
4141376,K00280.01,CONFIRMED,11.87290814,2.5342,332.7,180.895933
9468551,K02980.01,CONFIRMED,1.638652525,1.952,166.9,132.29025
9076971,K02981.01,CONFIRMED,9.06687613,3.381,367.2,134.75185
8360640,K02982.01,CONFIRMED,4.0223109,0.853,227.8,135.17298
11019987,K03060.01,CONFIRMED,6.9131732,4.73,39.1,138.4219
4857058,K03061.01,CONFIRMED,7.32851947,1.211,277.8,132.12857
10924562,K03063.01,CONFIRMED,18.6052046,6.829,242.5,149.0376
9899505,K03064.01,FALSE POSITIVE,1.332562787,6.28,1111.9,132.05138
5040077,K03065.01,CANDIDATE,0.896382269,1.113,136.4,132.29651
7534267,K03147.01,CONFIRMED,39.4420781,7.029,172.4,169.1411
9592705,K00288.01,CONFIRMED,10.27532513,6.3093,209.7,177.27227
10611420,K03148.01,FALSE POSITIVE,11.50528603,2.098,260.2,135.1016
10386922,K00289.01,CONFIRMED,26.62941953,7.8709,492.8,191.99627
10386922,K00289.02,CONFIRMED,296.6375817,16.425,2763.1,403.672042
10982872,K00343.03,CONFIRMED,41.8085031,7.797,190.4,148.70814
3558981,K00052.01,FALSE POSITIVE,2.98786272,2.5814,42789.0,168.011233
11015108,K00344.01,CONFIRMED,39.30944096,5.77,1132.1,171.334861
11074541,K00345.01,CONFIRMED,29.88487723,4.5612,1275.7,173.194404
11100383,K00346.01,CONFIRMED,12.92489803,2.6811,959.0,170.78679
7918652,K02984.01,CANDIDATE,11.45541896,4.95,68.6,136.32524
8847111,K02985.01,FALSE POSITIVE,0.575884418,2.0734,272.2,132.00778
4568298,K02986.01,FALSE POSITIVE,0.562555067,1.7402,198.3,131.74958
9230021,K03429.04,CANDIDATE,44.433726,6.118,239.6,162.9825
4374339,K02987.01,FALSE POSITIVE,0.993703494,0.7645,67.4,132.142
6636320,K02989.01,CONFIRMED,6.33125228,2.688,306.6,137.14149
4067925,K03066.01,CONFIRMED,24.2204192,3.271,806.3,146.42459
4847782,K03067.01,FALSE POSITIVE,30.9597053,5.42,410.7,139.43903
6021275,K00284.02,CONFIRMED,6.41491277,3.3629,121.0,169.64044
10350571,K01175.03,FALSE POSITIVE,93.881556,20.644,188.7,131.5771
3230805,K03068.01,CANDIDATE,3.91679553,2.072,161.3,133.60274
4676964,K03069.01,CANDIDATE,43.1024434,7.124,299.8,140.1394
10488450,K00290.01,FALSE POSITIVE,2.683395376,1.8592,234.7,171.42605
10933561,K00291.01,CONFIRMED,31.51779463,7.634,357.6,185.1533
10933561,K00291.02,CONFIRMED,8.12999858,2.1492,148.0,134.10067
4770617,K02243.03,CANDIDATE,31.4452709,1.758,531.1,154.58136
8845026,K00044.01,FALSE POSITIVE,66.46746217,19.6638,12643.7,160.47651
11075737,K00292.01,CONFIRMED,2.586639524,2.253,217.7,171.842572
11189127,K00347.01,FALSE POSITIVE,2.671942657,1.9119,15942.0,169.853908
11194032,K00348.01,CONFIRMED,28.51117639,4.5941,1844.6,187.363955
11394027,K00349.01,CONFIRMED,14.38682567,2.1417,569.6,170.455049
7609553,K02924.02,CANDIDATE,8.85686712,0.606,319.2,134.13633
11395587,K00350.01,CANDIDATE,12.99065074,2.3748,392.3,177.23865
11442793,K00351.01,CONFIRMED,331.5972732,14.404,8322.1,140.498929
5520547,K02990.01,CONFIRMED,11.20058855,4.562,219.9,137.51003
4848424,K02991.01,FALSE POSITIVE,1.50179931,3.275,100.1,131.55611
8866102,K00042.01,CONFIRMED,17.83367834,4.5112,326.9,181.233943
4143755,K00281.01,CONFIRMED,19.55662003,8.087,298.9,189.04354
8509442,K02992.01,CANDIDATE,82.6595174,3.48,1270.7,152.6726
11244137,K02994.01,CONFIRMED,2.03387483,3.097,73.6,131.91927
6072593,K03070.01,FALSE POSITIVE,5.07538255,1.7,163.1,133.92978
5865654,K03071.01,CONFIRMED,23.9553986,3.204,228.7,146.66221
3219643,K03072.01,CANDIDATE,24.3367026,2.539,551.1,154.3759
8546542,K03073.01,CANDIDATE,7.40985182,1.131,201.1,138.18222
8197560,K03074.01,FALSE POSITIVE,1.02425556,2.6439,1631.7,131.49437
11200415,K00293.01,FALSE POSITIVE,4.63958598,2.768,83.4,172.21917
8613535,K02263.03,CANDIDATE,15.5943758,7.367,95.4,140.3138
11259686,K00294.01,CONFIRMED,34.4359387,5.82,424.5,193.038
11547513,K00295.01,CONFIRMED,5.317440164,2.9331,292.5,171.875619
11547513,K00295.02,CONFIRMED,10.10575764,2.0138,116.8,135.50958
11802615,K00296.01,CONFIRMED,28.86236571,5.4033,449.2,178.48498
11442793,K00351.02,CONFIRMED,210.6013843,11.9922,4159.3,147.056867
10122538,K02926.05,CANDIDATE,75.731195,4.859,2496.0,201.9685
11442793,K00351.03,CONFIRMED,59.7371443,8.0006,566.4,158.95974
2445975,K00053.01,FALSE POSITIVE,3.388887193,2.4475,11267.8,172.259054
11521793,K00352.01,CONFIRMED,27.08239734,5.0119,423.2,191.80728
11566064,K00353.01,CANDIDATE,152.1060435,7.4517,3688.3,176.52741
11566064,K00353.02,CONFIRMED,30.6528935,4.99,269.7,135.04211
6531496,K03646.02,FALSE POSITIVE,0.512869432,4.015,2313.0,132.01554
3848275,K02995.01,CONFIRMED,5.19492747,3.167,272.9,131.62458
12021625,K02996.01,CONFIRMED,15.9314412,2.435,556.7,141.81212
9777256,K02997.01,FALSE POSITIVE,1.33251589,4.216,140.5,132.0842
4175630,K02998.01,CONFIRMED,28.227413,5.782,1113.4,141.49504
7433585,K02999.01,FALSE POSITIVE,0.545544979,1.954,92.6,131.72408
6665223,K01232.02,FALSE POSITIVE,419.97507836,12.1687,275.1,524.8465031
3328080,K03075.01,CONFIRMED,4.76559056,2.2,67.5,133.50531
8430964,K03078.01,CONFIRMED,2.98618134,2.969,122.9,133.46926
3654719,K03081.01,FALSE POSITIVE,25.9200092,5.609,331.4,138.1757
6021275,K00284.03,CONFIRMED,6.17817366,3.2601,101.9,168.8626
10619142,K03082.01,FALSE POSITIVE,2.04516705,3.625,154.8,132.36168
12256520,K02264.02,CANDIDATE,7.25101997,2.799,122.8,138.1878
11905011,K00297.01,CONFIRMED,5.65178922,3.0933,134.1,172.27915
12785320,K00298.01,CONFIRMED,19.96367208,2.6403,270.9,178.30806
12785320,K00298.02,CANDIDATE,57.3840375,4.336,241.7,170.72723
2692377,K00299.01,CONFIRMED,1.541676547,1.9118,296.5,170.543719
3742855,K00045.01,FALSE POSITIVE,6.397185875,5.8638,18887.0,174.365353
3438975,K00300.01,FALSE POSITIVE,2.976020742,3.73,114.9,171.65845
11568987,K00354.01,CONFIRMED,15.95995611,4.3149,523.2,171.52098
11568987,K00354.02,CONFIRMED,7.37867551,3.349,125.1,135.82271
11621223,K00355.01,CONFIRMED,4.903321801,2.8887,334.5,172.900587
11624249,K00356.01,CONFIRMED,1.82708193,1.96401,1164.7,170.52583
12017140,K00358.01,FALSE POSITIVE,22.845241036,5.3007,45676.5,172.8026986
10000941,K04146.02,CANDIDATE,2.5738437,1.92,46.6,132.17126
5702939,K03000.01,FALSE POSITIVE,18.3980827,4.438,145.0,144.9175
3852655,K03002.01,CONFIRMED,11.62904159,2.97,88.0,132.82099
11255231,K03003.01,FALSE POSITIVE,13.6550963,4.117,196.3,137.52651
5088536,K00282.01,CONFIRMED,27.50871575,5.9291,639.2,182.103494
6103377,K03004.01,CONFIRMED,20.0708757,6.354,405.7,136.9462
6677841,K01236.04,CONFIRMED,98.353149,24.708,423.0,217.883
7106173,K03083.01,CANDIDATE,10.18318233,3.137,51.5,133.21404
7106173,K03083.02,CANDIDATE,6.2321233,2.85,31.7,135.2369
7106173,K03083.03,CANDIDATE,8.2942929,3.976,36.8,134.8478
3324986,K03084.01,FALSE POSITIVE,1.540411479,1.703,107.1,131.99239
11912932,K03085.01,FALSE POSITIVE,3.74785358,3.713,98.2,134.18012
8037145,K00520.03,CONFIRMED,25.75274977,2.7678,738.9,136.43851
8162789,K00521.01,CONFIRMED,10.161023528,3.1627,1653.9,172.000736
8265218,K00522.01,CANDIDATE,12.82993461,2.942,1417.4,169.944919
8806123,K00523.01,CONFIRMED,49.41121127,5.278,3184.0,198.238709
8806123,K00523.02,CONFIRMED,36.8567758,7.495,714.1,138.90683
10098844,K02964.02,FALSE POSITIVE,35.080928,6.92,100.7,164.4576
8355239,K00574.02,CONFIRMED,10.39986173,3.377,275.3,141.51366
9210823,K00090.01,FALSE POSITIVE,0.828206212,1.737,132.3,135.722038
8367113,K00575.01,CONFIRMED,24.31574009,4.1344,643.3,183.40875
8474898,K00576.01,FALSE POSITIVE,199.443024,7.409,4036.0,240.85148
8558011,K00577.01,CONFIRMED,39.6766071,5.04,611.2,178.55555
7429287,K04260.03,FALSE POSITIVE,358.66044,16.732,133.8,296.9516
9115800,K00421.01,CONFIRMED,4.454194254,2.3061,16041.5,172.8202233
9214713,K00422.01,CANDIDATE,809.0141881,8.3017,16311.3,250.634242
9478990,K00423.01,CONFIRMED,21.0871953,5.92691,8894.7,202.858405
9597411,K00424.01,FALSE POSITIVE,1.575631524,2.59202,25626.6,170.393276
6850504,K00070.04,CONFIRMED,6.09855603,2.9815,84.4,135.92906
8609450,K01278.05,FALSE POSITIVE,203.250506,9.81,238.9,208.4914
10934674,K00477.01,CONFIRMED,16.54295261,3.8516,726.0,169.65031
10990886,K00478.01,CONFIRMED,11.023474798,1.4814,1795.5,171.114662
11015323,K00479.01,CONFIRMED,34.18884323,5.3278,1063.2,193.38946
11134879,K00480.01,CONFIRMED,4.30165843,2.1055,739.4,172.311001
11192998,K00481.01,CONFIRMED,7.650243513,2.752,981.4,171.972352
9334893,K02298.03,CANDIDATE,2.47240869,1.87,47.5,132.44084
8934495,K00524.01,CONFIRMED,4.592393816,2.2748,1027.7,172.004723
9119458,K00525.01,CANDIDATE,11.53029332,1.8385,1209.3,173.726435
5866724,K00085.01,CONFIRMED,5.859935955,4.0185,322.8,132.040528
9157634,K00526.01,CONFIRMED,2.104721971,1.7547,905.5,171.044219
9636569,K00527.01,FALSE POSITIVE,10.63624422,5.055,231.7,171.69616
12406807,K03091.02,CANDIDATE,7.9069765,4.634,126.1,138.427
8565266,K00578.01,CONFIRMED,6.412512953,5.2677,1156.4,169.879804
8616637,K00579.01,CONFIRMED,2.019997006,1.8073,332.8,170.07102
8616637,K00579.02,CONFIRMED,3.763041531,1.6011,354.5,132.59298
8625925,K00580.01,CONFIRMED,6.521209629,2.7975,760.4,175.7111
8822216,K00581.01,CONFIRMED,6.996926239,2.7374,1317.4,175.914281
4548011,K04288.04,CANDIDATE,13.9509565,5.231,35.7,144.287
9967884,K00425.01,FALSE POSITIVE,5.428344915,1.8931,13756.0,169.753676
10016874,K00426.01,CANDIDATE,16.30141333,3.5764,942.3,172.14753
10189546,K00427.01,CONFIRMED,24.61480613,2.6602,1798.0,191.741225
10189546,K00427.02,CONFIRMED,42.949522,5.4154,959.1,153.73786
10189546,K00427.03,CONFIRMED,117.033521,6.822,770.4,245.65151
10748393,K01289.02,FALSE POSITIVE,386.39833,8.519,748.0,365.94877
11192998,K00481.02,CONFIRMED,1.55400389,1.7664,465.8,169.830304
11192998,K00481.03,CONFIRMED,34.25951418,4.7743,1072.5,183.23718
8823868,K00081.01,FALSE POSITIVE,23.8761144,9.3113,1611.7,143.07006
11255761,K00482.01,FALSE POSITIVE,4.99270186,3.1008,557.4,169.55323
11497977,K00483.01,CONFIRMED,4.79860021,3.0384,817.4,173.257466
7021681,K00255.03,FALSE POSITIVE,7.7333361,2.807,126.9,133.58981
9941859,K00528.01,CONFIRMED,9.57665962,3.3603,746.8,176.683759
9941859,K00528.02,CONFIRMED,96.6781852,5.6957,951.3,140.18339
9941859,K00528.03,CONFIRMED,20.55280311,2.2013,727.3,145.02837
10068030,K00529.01,FALSE POSITIVE,2.023123903,1.1829,1288.9,170.513161
10266615,K00530.01,CONFIRMED,10.94026745,2.3494,538.6,170.30551
6444896,K03138.02,CONFIRMED,19.5352551,1.013,1732.0,148.20374
10395543,K00531.01,CANDIDATE,3.687469832,1.0668,5057.6,170.8803594
8822216,K00581.02,CONFIRMED,151.863949,8.577,747.0,143.31451
9020160,K00582.01,CONFIRMED,5.945043548,2.7004,800.2,170.472237
7941200,K00092.01,CONFIRMED,65.7045275,3.3104,636.1,137.44275
9020160,K00582.02,CONFIRMED,17.73842886,3.0049,605.5,148.99011
7429287,K04260.04,CANDIDATE,84.799829,15.21,56.1,180.4426
9020160,K00582.03,CONFIRMED,9.93962361,3.432,300.1,131.58267
10418224,K00428.01,CONFIRMED,6.8731664,6.8569,3753.8,172.518826
10616679,K00429.01,CONFIRMED,8.600099313,4.0077,2791.6,172.529281
10717241,K00430.01,CONFIRMED,12.37646897,2.7075,1709.0,179.404945
10717241,K00430.02,CANDIDATE,9.340538,2.57,200.8,135.12248
7303287,K01353.03,CONFIRMED,330.071558,4.295,616.7,340.9871
10843590,K00431.01,CONFIRMED,18.87022157,3.1404,1096.6,178.71167
6850504,K00070.05,CONFIRMED,19.5776073,3.382,98.1,135.2032
12061222,K00484.01,CONFIRMED,17.20522898,3.6688,1080.6,175.05878
12316431,K00485.01,FALSE POSITIVE,17.90766147,5.396,1089.3,175.55977
12404305,K00486.01,CONFIRMED,22.18332255,5.1364,748.1,169.49619
10212441,K02342.02,FALSE POSITIVE,354.78194,6.46,193.0,175.7246
12834874,K00487.01,CONFIRMED,7.65880048,3.0427,668.2,173.03964
2557816,K00488.01,CONFIRMED,9.3789167,3.3427,563.5,176.45197
10454313,K00532.01,CONFIRMED,4.221626193,3.0619,658.0,173.699895
10513530,K00533.01,CONFIRMED,16.54967098,4.3808,744.5,171.69398
5866724,K00085.02,CONFIRMED,2.154911236,3.1341,99.7,133.498613
8121310,K00317.02,CANDIDATE,11.505879,5.583,49.8,136.2363
10513530,K00533.02,CONFIRMED,3.52467888,2.484,129.7,131.63994
10554999,K00534.01,CONFIRMED,6.400157105,2.0004,743.2,174.02214
9076513,K00583.01,CONFIRMED,2.437029217,3.2005,244.0,170.73808
9146018,K00584.01,CONFIRMED,9.9267215,3.8428,725.5,175.68671
9146018,K00584.02,CONFIRMED,21.22349325,4.9416,582.9,170.37387
9146018,K00584.03,CONFIRMED,6.47027706,3.343,116.9,136.50567
9279669,K00585.01,CONFIRMED,3.722158895,1.9941,757.4,171.560055
10843590,K00431.02,CONFIRMED,46.9026431,3.9264,821.3,154.30327
10858832,K00432.01,CONFIRMED,5.263415218,2.1446,1030.7,174.351207
10937029,K00433.01,CONFIRMED,4.030466786,2.7734,2908.3,171.092308
11599038,K01437.02,FALSE POSITIVE,9.27989,3.33,164.3,133.7457
10937029,K00433.02,CONFIRMED,328.240201,12.2726,13888.6,199.203375
11656302,K00434.01,FALSE POSITIVE,22.264806569,8.7941,19372.6,173.103028
2576197,K00489.01,FALSE POSITIVE,2.217038096,1.8575,543.7,171.69587
2576197,K00489.02,FALSE POSITIVE,8.874603,2.88,93.3,140.2954
3239945,K00490.01,CONFIRMED,4.393157678,2.4455,447.2,172.867528
10387742,K02583.02,FALSE POSITIVE,251.7512,4.314,114.3,271.06864
10187017,K00082.01,CONFIRMED,16.145671932,3.7236,941.1,134.754877
3239945,K00490.02,CONFIRMED,1071.232624,16.1784,19045.6,420.286557
10554999,K00534.02,CONFIRMED,2.735900074,1.9359,428.9,171.0964
10873260,K00535.01,CONFIRMED,5.852968845,4.5973,1146.5,171.181624
10965008,K00536.01,CONFIRMED,81.1701587,8.358,1183.2,178.58702
10467815,K03191.02,FALSE POSITIVE,371.17573,8.2,133.7,458.7146
11073351,K00537.01,CONFIRMED,2.820190603,2.554,467.5,170.787705
11090765,K00538.01,CONFIRMED,21.21712312,5.89,636.0,171.64936
11246364,K00539.01,FALSE POSITIVE,200.0,7.27,,171.27413
9570741,K00586.01,CONFIRMED,15.77980122,4.0369,541.4,175.96934
9607164,K00587.01,CONFIRMED,14.03490255,3.638,851.8,171.60491
9631762,K00588.01,CONFIRMED,10.35586478,2.8431,660.9,175.68106
6462863,K00094.01,CONFIRMED,22.342964828,6.66405,5612.8,132.741641
9782691,K00590.01,CONFIRMED,11.38840217,3.6949,438.0,174.55377
11709124,K00435.01,CONFIRMED,20.5498184,5.5484,1564.3,178.946396
11709124,K00435.02,CANDIDATE,934.09418462,17.489,8709.6,657.26877
11805075,K00436.01,CANDIDATE,199.83920527,4.378,44490.0,225.35896
11599038,K01437.03,FALSE POSITIVE,17.4217322,4.718,208.4,145.9011
11824222,K00437.01,CANDIDATE,15.84132627,1.8215,31083.0,177.142109
12302530,K00438.01,CONFIRMED,5.931196562,2.4999,1007.4,174.796908
11904151,K00072.01,CONFIRMED,0.837491225,1.796,190.4,131.574858
3239945,K00490.03,CONFIRMED,7.40611676,2.8826,417.9,134.07481
3239945,K00490.04,CONFIRMED,21.803708,3.369,246.4,139.07199
3541800,K00491.01,FALSE POSITIVE,4.66229074,3.73,345.4,169.65558
3559935,K00492.01,CONFIRMED,29.9111886,6.6436,942.0,194.71129
3834360,K00493.01,FALSE POSITIVE,2.908453928,2.5363,427.5,170.12474
3966801,K00494.01,CONFIRMED,25.69581456,4.0251,1130.8,188.78889
11521048,K00540.01,FALSE POSITIVE,25.70280003,3.1644,5623.8,194.82512
11656721,K00541.01,CONFIRMED,13.64617478,3.4098,633.0,180.34991
11853905,K00007.01,CONFIRMED,3.213668926,3.98235,727.8,123.611878
5866724,K00085.03,CONFIRMED,8.13121389,4.2386,111.8,137.99254
11669239,K00542.01,CONFIRMED,41.8854433,6.763,687.4,178.6919
11669239,K00542.02,CONFIRMED,13.81733587,4.261,223.2,135.03413
10600261,K00597.03,CONFIRMED,52.8148051,7.309,553.7,164.90456
10656823,K00598.01,CONFIRMED,8.30783912,3.1516,777.5,171.17201
10656823,K00598.02,CONFIRMED,34.0963441,3.896,472.7,153.82654
10676824,K00599.01,CONFIRMED,6.45442931,2.6772,586.1,173.21478
10718726,K00600.01,CONFIRMED,3.595769013,3.1569,383.7,170.36915
12302530,K00438.02,CONFIRMED,52.6615266,3.1592,1078.1,183.52054
12470954,K00439.01,CONFIRMED,1.902208647,2.19877,2343.5,170.449657
6268648,K01613.03,CANDIDATE,20.605501,3.793,37.1,146.5069
2438264,K00440.01,CONFIRMED,15.90688891,3.9879,924.7,177.9305
2438264,K00440.02,CONFIRMED,4.973455252,1.6519,741.6,170.885791
3340312,K00441.01,FALSE POSITIVE,30.5528972,5.269,865.2,173.90269
4049108,K00495.01,FALSE POSITIVE,4.804469031,3.4587,744.4,169.63529
4454752,K00496.01,CONFIRMED,1.616883373,1.6325,437.3,169.80396
8212002,K02593.02,CANDIDATE,9.5539134,5.261,26.8,135.5281
4757437,K00497.01,CONFIRMED,13.19322809,5.0036,585.7,175.6096
10187017,K00082.02,CONFIRMED,10.31174786,3.1818,275.9,134.07991
4757437,K00497.02,CONFIRMED,4.42535097,3.504,179.0,134.56312
11823054,K00543.01,CONFIRMED,4.302139338,2.0289,747.2,173.438922
11823054,K00543.02,CONFIRMED,3.137845914,1.91,305.7,133.55689
7017274,K03209.02,CANDIDATE,6.77067637,5.982,65.8,133.34914
11913012,K00544.01,FALSE POSITIVE,3.74782314,5.133,423.4,171.66634
11972666,K00545.01,FALSE POSITIVE,1.09173174,1.9719,186.9,170.37724
12058931,K00546.01,CONFIRMED,20.68420772,6.4415,858.5,170.19034
9782691,K00590.02,CONFIRMED,50.6985408,5.972,610.9,141.31813
9886221,K00591.01,FALSE POSITIVE,2.9926465,1.81,105.9,170.80128
12366084,K00787.03,CANDIDATE,0.589376952,1.71,80.7,131.8694
9957627,K00592.01,CONFIRMED,39.7529915,4.9641,549.3,175.46244
9958962,K00593.01,CONFIRMED,9.99760285,3.4423,638.7,171.78828
9958962,K00593.02,CONFIRMED,90.4117992,7.106,1265.0,208.5028
3745690,K00442.01,CONFIRMED,13.54057461,4.4673,461.0,171.67762
3745690,K00442.02,CONFIRMED,1.732346403,2.2139,182.4,134.53123
9872283,K01815.02,CANDIDATE,1.74610057,1.299,54.2,131.7921
3745690,K00442.03,CONFIRMED,7.0257409,2.245,190.7,133.62713
3833007,K00443.01,CONFIRMED,16.21774917,4.9274,758.3,180.0425
3847138,K00444.01,CONFIRMED,11.72291212,4.2064,492.2,177.3196
4833135,K00498.01,FALSE POSITIVE,8.661374,2.972,160.1,177.5427
4847534,K00499.01,CONFIRMED,9.66857386,2.4656,411.7,174.53483
4852528,K00500.01,CONFIRMED,7.053527145,2.3982,1480.1,176.474146
4852528,K00500.02,CONFIRMED,9.521644639,2.3569,1491.3,177.484839
4852528,K00500.03,CONFIRMED,3.072146607,1.8732,539.0,134.030017
4852528,K00500.04,CONFIRMED,4.645382149,2.0271,565.5,134.58939
12058931,K00546.02,CONFIRMED,9.82578495,5.2498,433.3,131.42495
12116489,K00547.01,CONFIRMED,25.30291816,4.4903,2105.7,188.060148
12600735,K00548.01,CONFIRMED,21.30020491,4.0852,659.8,189.70595
10593626,K00087.01,CONFIRMED,289.864067,7.565,529.1,133.69719
3437776,K00549.01,FALSE POSITIVE,10.29767658,6.649,655.5,131.73374
9958962,K00593.03,CONFIRMED,51.0674355,4.374,597.5,147.60941
10294465,K00595.01,FALSE POSITIVE,199.99763493,3.43,,250.97231
10388286,K00596.01,CONFIRMED,1.682695938,1.3867,703.8,170.453117
10600261,K00597.01,CONFIRMED,17.30795548,5.1126,633.0,176.94326
6462863,K00094.02,CONFIRMED,10.423677439,5.2257,777.3,138.009041
10600261,K00597.02,CONFIRMED,2.09227115,2.4062,207.6,133.06258
11904151,K00072.02,CONFIRMED,45.29422297,6.83,477.1,138.678725
4384675,K00445.01,FALSE POSITIVE,260.20717331,6.59,,258.34887
4633570,K00446.01,CONFIRMED,16.70920628,2.7052,839.8,174.75417
4633570,K00446.02,CONFIRMED,28.55158187,4.1502,807.8,185.47672
5021176,K00447.01,FALSE POSITIVE,4.045057186,2.9954,752.7,172.68365
5640085,K00448.01,CONFIRMED,10.13958818,2.6446,1155.9,178.45074
5640085,K00448.02,CONFIRMED,43.5859419,4.6814,1708.7,194.6107
4852528,K00500.05,CONFIRMED,0.986785834,1.1879,450.0,133.171292
4951877,K00501.01,CANDIDATE,24.7962801,8.33,574.4,170.32595
5282051,K00502.01,FALSE POSITIVE,5.91037674,3.421,256.9,171.15166
10187017,K00082.03,CONFIRMED,27.4536146,3.747,136.4,145.02866
5340644,K00503.01,CONFIRMED,8.22241355,2.71,1468.6,172.95657
3437776,K00549.02,FALSE POSITIVE,0.635587392,4.7,147.7,133.41665
4165473,K00550.01,CONFIRMED,13.02363236,3.9734,607.0,178.52482
4270253,K00551.01,CONFIRMED,11.6370303,3.3372,604.3,178.84448
5544450,K03226.02,CANDIDATE,6.93650854,3.674,88.7,133.98309
4270253,K00551.02,CONFIRMED,5.68798675,2.2682,476.4,133.95607
5122112,K00552.01,FALSE POSITIVE,3.055171082,1.6798,8665.3,171.099046
10973664,K00601.01,CONFIRMED,5.40426917,2.5315,860.6,172.18553
10973664,K00601.02,CONFIRMED,11.67894236,1.2641,1185.1,131.5119
10973664,K00601.03,CONFIRMED,1.208462378,1.544,227.3,133.67712
9141746,K00929.02,CONFIRMED,2.85188338,2.666,114.9,132.1455
12459913,K00602.01,CONFIRMED,12.91385906,5.3685,487.9,177.27535
6462863,K00094.03,CONFIRMED,54.31996151,8.5858,1975.0,161.239869
5779852,K00449.01,FALSE POSITIVE,252.0792347,3.9808,5582.6,240.234923
6042214,K00450.01,FALSE POSITIVE,27.04627886,2.666,900.8,171.95525
6200715,K00451.01,FALSE POSITIVE,3.723560726,3.435,540.0,172.17977
8226050,K01910.02,CANDIDATE,18.3848331,3.545,151.8,135.4745
6291033,K00452.01,CONFIRMED,3.705991661,5.1658,501.4,169.94286
6889235,K00074.01,FALSE POSITIVE,5.188671659,5.0534,548.9,125.879388
6758917,K00453.01,FALSE POSITIVE,2.236100588,1.8643,27241.0,169.64852
5461440,K00504.01,CONFIRMED,40.606895,5.756,657.5,199.25748
5689351,K00505.01,CONFIRMED,13.76710058,2.9105,684.8,174.81089
6779260,K02678.02,CANDIDATE,2.2165905,1.0,28.7,131.5607
5689351,K00505.02,CONFIRMED,6.1954595,2.952,296.4,134.71507
5689351,K00505.03,CONFIRMED,3.25058201,2.2537,218.4,133.69472
5689351,K00505.04,CONFIRMED,8.34819209,2.835,288.9,136.84111
5303551,K00553.01,FALSE POSITIVE,2.399069173,3.2576,286.6,171.45413
5443837,K00554.01,CANDIDATE,3.65849707,2.573,4398.0,170.54381
7692093,K03337.02,FALSE POSITIVE,91.172033,6.676,368.5,154.9657
5709725,K00555.01,CONFIRMED,3.701765401,2.6061,288.3,172.44778
5709725,K00555.02,CONFIRMED,86.4943704,7.471,995.2,181.88967
7700871,K00088.01,FALSE POSITIVE,5.17968868,3.7256,121.8,136.46144
9946525,K00398.01,CONFIRMED,51.84688984,4.7769,9636.3,170.08076
9946525,K00398.02,CONFIRMED,4.180048081,2.4479,1765.6,173.719249
2716853,K01022.02,FALSE POSITIVE,68.832195,3.31,678.1,172.12379
9946525,K00398.03,CONFIRMED,1.729367077,1.7442,484.4,133.81929
7289157,K00399.01,FALSE POSITIVE,5.26640614,3.6163,59294.0,173.833637
2695110,K00400.01,FALSE POSITIVE,44.18938922,6.8151,4293.5,209.98968
7098355,K00454.01,CONFIRMED,29.00789166,5.0274,906.3,170.55349
7101828,K00455.01,FALSE POSITIVE,47.878243,4.066,910.0,193.20518
2832589,K01942.02,CANDIDATE,2.433703498,0.975,258.3,133.83759
7269974,K00456.01,CONFIRMED,13.69942266,4.3409,1292.9,171.48036
7269974,K00456.02,CONFIRMED,4.309381978,2.8977,310.7,134.03552
7440748,K00457.01,CONFIRMED,4.9213639,1.8806,761.3,174.299322
5689351,K00505.05,CONFIRMED,87.0912594,7.0,1129.1,187.31231
5780715,K00506.01,FALSE POSITIVE,1.583160478,1.1935,732.6,169.965242
10793172,K02871.04,CANDIDATE,7.9788198,2.874,83.8,132.2596
5812960,K00507.01,CONFIRMED,18.49234792,3.4744,1655.5,173.49816
6266741,K00508.01,CONFIRMED,7.930583519,3.6083,826.1,169.516944
10187017,K00082.04,CONFIRMED,7.07136119,2.757,65.7,139.98763
5738496,K00556.01,FALSE POSITIVE,9.50150926,6.852,509.5,175.67002
5774349,K00557.01,CONFIRMED,15.65563866,3.9305,955.9,170.78358
10285631,K00331.02,CANDIDATE,10.52286678,1.911,130.2,137.78844
5978361,K00558.01,CONFIRMED,9.17858526,2.1945,796.5,173.08746
6422367,K00559.01,FALSE POSITIVE,4.33144839,2.58,216.4,173.69466
6501635,K00560.01,CONFIRMED,23.67513153,4.647,980.4,179.27676
3217264,K00401.01,CONFIRMED,29.19899219,5.1227,2047.2,185.440631
3217264,K00401.02,CONFIRMED,160.0191598,5.472,1552.8,251.28261
8554498,K00005.02,FALSE POSITIVE,7.05185637,3.69,,133.3669015
6850504,K00070.01,CONFIRMED,10.854095934,3.7768,1034.4,138.608031
3217264,K00401.03,CONFIRMED,55.3291399,6.918,325.7,186.31545
3342592,K00402.01,FALSE POSITIVE,17.177328207,7.6702,24419.2,170.54643
7440748,K00457.02,CONFIRMED,7.064252021,1.3867,728.9,135.379512
7504328,K00458.01,CANDIDATE,53.71798494,4.104,3153.5,208.08042
8219268,K02133.02,FALSE POSITIVE,43.501748,10.755,167.1,164.2859
7977197,K00459.01,CONFIRMED,19.44639139,3.6227,926.0,170.10238
7977197,K00459.02,CONFIRMED,6.91986988,3.4253,170.1,134.11594
7199397,K00075.01,CANDIDATE,105.8817667,18.044,1556.3,156.97935
6266741,K00508.02,CONFIRMED,16.6658994,4.1934,754.2,180.20215
6381846,K00509.01,CONFIRMED,4.16696628,2.7535,877.7,169.715517
4367854,K02876.02,FALSE POSITIVE,0.535224793,3.3402,228.7,131.73629
6381846,K00509.02,CONFIRMED,11.46347165,2.599,1048.6,137.38521
6381846,K00509.03,CONFIRMED,39.6034,6.487,572.7,168.07114
6422155,K00510.01,CONFIRMED,2.940304817,2.7226,472.4,169.90496
6665695,K00561.01,CONFIRMED,5.378868001,2.7222,483.4,169.61512
6707833,K00563.01,CONFIRMED,15.28467725,6.0768,321.3,175.62345
9785921,K03372.02,FALSE POSITIVE,73.506021,5.734,485.6,163.5692
6786037,K00564.01,CONFIRMED,21.05349939,7.1605,496.6,171.92457
6786037,K00564.02,CONFIRMED,127.905412,14.475,4020.6,246.46401
6786037,K00564.03,CONFIRMED,6.21716039,4.4289,211.2,131.71857
4247092,K00403.01,FALSE POSITIVE,21.05647572,1.238,1293.6,171.133613
4949751,K00404.01,FALSE POSITIVE,31.80514278,7.6213,4675.3,186.38905
10157458,K01083.02,CANDIDATE,4.57797412,2.862,125.4,135.63058
5003117,K00405.01,FALSE POSITIVE,37.60936976,6.8615,27590.8,190.724991
5035972,K00406.01,FALSE POSITIVE,49.26678528,5.5692,8494.0,191.187887
5218441,K00407.01,FALSE POSITIVE,3.613757526,5.9128,4872.2,171.422542
5351250,K00408.01,CONFIRMED,7.381980206,3.1152,1433.8,173.072659
8043638,K00460.01,CONFIRMED,17.58751692,4.3773,1377.8,176.077382
8261920,K02174.04,CANDIDATE,3.01609637,1.57,196.3,131.55327
8621348,K00461.01,FALSE POSITIVE,11.34436822,5.558,586.3,172.84392
8773869,K00462.01,FALSE POSITIVE,1.576341127,3.1232,335.1,170.88145
8845205,K00463.01,CONFIRMED,18.47762694,1.94,2604.6,185.269061
8890783,K00464.01,CONFIRMED,58.36205791,6.3363,5374.7,196.555405
8890783,K00464.02,CONFIRMED,5.350156114,2.2647,764.8,195.761347
6716545,K02906.03,CANDIDATE,21.9424316,7.447,72.7,143.8807
6422155,K00510.02,CONFIRMED,6.38899658,3.5032,543.3,175.4761
6422155,K00510.03,CONFIRMED,14.62709685,4.097,396.4,136.23467
6422155,K00510.04,CONFIRMED,35.1184432,4.59,542.4,152.12282
6451936,K00511.01,CONFIRMED,8.00579096,3.0549,629.7,170.50325
6451936,K00511.02,CONFIRMED,4.26374378,2.2725,182.0,133.72073
1723078,K07624.01,CANDIDATE,330.025002,6.659,259.2,364.8075
8056665,K00089.01,CONFIRMED,84.6877524,10.0248,347.7,150.57084
7025846,K00565.01,FALSE POSITIVE,2.340523247,3.156,175.4,170.19754
7119481,K00566.01,CONFIRMED,25.85499978,3.8737,610.5,192.57484
7445445,K00567.01,CONFIRMED,10.68758211,3.3812,777.7,169.93115
7445445,K00567.02,CONFIRMED,20.30303506,4.5038,533.4,176.8028
8397947,K04772.03,FALSE POSITIVE,39.0930875,5.687,476.3,147.6774
5351250,K00408.02,CONFIRMED,12.56096618,3.7647,923.1,166.79483
5351250,K00408.03,CONFIRMED,30.8261043,5.914,742.2,153.01503
6850504,K00070.02,CONFIRMED,3.696121272,2.463,383.4,134.5014
5351250,K00408.04,CONFIRMED,3.42806306,2.417,178.4,132.36268
5444548,K00409.01,CONFIRMED,13.24931848,4.4859,647.6,179.52171
10187017,K00082.06,FALSE POSITIVE,22.4098677,2.271,69.8,147.38366
8891318,K00465.01,FALSE POSITIVE,363.706662,8.553,1624.6,204.02069
9008220,K00466.01,CANDIDATE,9.391039263,2.8386,2895.6,170.539799
9583881,K00467.01,CONFIRMED,18.00932214,4.9611,3004.4,182.441015
9589524,K00468.01,CONFIRMED,22.18431824,3.0397,1593.0,174.597325
9955262,K00076.01,CANDIDATE,77.4794704,10.1151,1237.0,154.70734
8019043,K06048.02,FALSE POSITIVE,0.80489537,0.92,,132.0521644
11775507,K06245.03,FALSE POSITIVE,276.32360146,9.8964,81.3,162.1955353
10187017,K00082.05,CONFIRMED,5.28691996,2.579,41.5,135.85427
6838050,K00512.01,CONFIRMED,6.51003001,3.3095,602.8,172.91588
6937692,K00513.01,CONFIRMED,35.18105723,7.545,987.7,170.09969
7602070,K00514.01,FALSE POSITIVE,11.75560012,4.7,648.8,176.07519
7812179,K00515.01,FALSE POSITIVE,17.79421914,4.1918,1549.4,169.605214
1868404,K07625.01,FALSE POSITIVE,6.12601169,1.733,40.2,134.83637
7445445,K00567.03,CONFIRMED,29.02235217,4.0263,637.6,198.37025
7595157,K00568.01,CONFIRMED,3.383540239,1.403,255.7,169.63859
7595157,K00568.02,CONFIRMED,2.358952404,1.593,94.1,132.68957
8008206,K00569.01,CONFIRMED,20.72904234,2.8066,561.7,185.43113
8008206,K00569.02,CONFIRMED,1.632916419,1.5599,209.2,134.54956
7906892,K04773.02,CANDIDATE,11.1438086,7.905,41.7,131.725
5449777,K00410.01,FALSE POSITIVE,7.216951388,1.89082,4284.5,176.283024
5478055,K00411.01,FALSE POSITIVE,15.85238672,5.179,928.5,174.22654
5683743,K00412.01,CONFIRMED,4.147021189,2.8997,3680.7,170.325835
5791986,K00413.01,CONFIRMED,15.22895514,2.5967,1124.8,176.56001
5791986,K00413.02,CONFIRMED,24.67458244,3.2648,650.6,146.77261
8320630,K04846.02,CANDIDATE,32.526674,6.842,204.9,137.3054
9703198,K00469.01,CANDIDATE,10.32906563,1.44,2309.8,174.608213
9844088,K00470.01,CONFIRMED,3.750832927,1.9457,2397.9,171.151696
10019643,K00471.01,CONFIRMED,21.34736612,4.184,630.5,171.73531
10019643,K00471.02,CONFIRMED,7.81100952,3.231,126.7,132.30566
10123064,K00472.01,CONFIRMED,4.243748097,3.3603,1409.7,173.563074
5653126,K06612.02,FALSE POSITIVE,2.404483552,0.2961,0.8,133.170974
7840044,K00516.01,FALSE POSITIVE,13.54204116,3.334,338.7,171.09767
8015907,K00517.01,CONFIRMED,2.752359689,2.0722,791.9,171.259808
8017703,K00518.01,CONFIRMED,13.98177862,2.958,1018.4,181.975114
8017703,K00518.02,CONFIRMED,44.0003975,5.1115,599.6,210.76222
8017703,K00518.03,CONFIRMED,247.354914,8.677,1291.8,364.15832
1995712,K07626.01,FALSE POSITIVE,462.12069,10.42,633.7,307.6255
8106610,K00570.01,FALSE POSITIVE,12.39894005,4.262,702.9,172.78184
8056665,K00089.02,CONFIRMED,207.5829306,7.0686,505.1,289.88311
8120608,K00571.01,CONFIRMED,7.26731094,2.2691,659.1,174.31292
8120608,K00571.02,CONFIRMED,13.3430025,2.7399,799.7,176.90387
8120608,K00571.03,CONFIRMED,3.886795001,1.7574,471.3,133.32959
8120608,K00571.04,CONFIRMED,22.40777833,3.2881,661.3,153.79858
5872150,K00414.01,FALSE POSITIVE,20.35509657,5.33265,25079.5,175.3437299
5872150,K00414.02,FALSE POSITIVE,5.92240377,3.691,413.4,173.81802
6289650,K00415.01,CANDIDATE,166.7876551,5.8676,4764.2,245.143036
6850504,K00070.03,CONFIRMED,77.6114427,7.1786,814.5,164.7292
6508221,K00416.01,CONFIRMED,18.20795835,3.7965,1596.9,185.84306
11135694,K04896.02,CANDIDATE,49.537365,9.862,201.7,172.1948
10155434,K00473.01,CONFIRMED,12.70636123,2.395,871.7,180.63164
10460984,K00474.01,CONFIRMED,10.94577783,3.0937,532.8,176.71834
10460984,K00474.02,CONFIRMED,28.9869016,3.6233,471.6,134.7812
10460984,K00474.03,CONFIRMED,94.886902,6.923,641.7,214.82879
10460984,K00474.04,CONFIRMED,5.03505665,1.804,151.5,132.65597
6436505,K06707.02,FALSE POSITIVE,24.7222403,4.53,290.1,146.4611
8022244,K00519.01,CONFIRMED,11.90352088,4.297,633.0,178.34161
2571238,K00084.01,CONFIRMED,9.286964466,3.3649,691.7,135.9945
8022244,K00519.02,CONFIRMED,34.0350605,6.695,727.8,134.42752
8037145,K00520.01,CONFIRMED,12.75934489,3.5889,882.1,170.32152
8037145,K00520.02,CONFIRMED,5.433132902,2.4012,328.2,138.36644
2140389,K07627.01,FALSE POSITIVE,0.967427812,5.8883,9127.8,132.258305
8193178,K00572.01,CONFIRMED,10.64021008,5.4381,455.3,179.77776
8193178,K00572.02,CONFIRMED,4.93883135,4.388,123.5,135.95465
8344004,K00573.01,CONFIRMED,5.996533443,3.3129,711.4,172.50558
8344004,K00573.02,CONFIRMED,2.06190864,1.9743,214.0,133.19888
8355239,K00574.01,CONFIRMED,20.13490007,3.7962,1035.2,171.36734
8216763,K04838.03,CANDIDATE,24.0721647,3.171,177.3,148.9637
6508221,K00416.02,CONFIRMED,88.2553729,4.539,1132.2,153.77974
6879865,K00417.01,CANDIDATE,19.193103549,2.5425,6807.3,176.966757
7975727,K00418.01,FALSE POSITIVE,22.418319842,5.349,11929.1,172.797099
8219673,K00419.01,FALSE POSITIVE,20.131477716,3.2806,8243.2,189.390784
8352537,K00420.01,CONFIRMED,6.010383339,2.1939,2652.1,174.084883
3758499,K05007.02,CANDIDATE,80.881757,12.568,142.7,136.6708
3248033,K00006.01,FALSE POSITIVE,1.334101467,2.1033,120.8,133.703081
9552608,K00080.01,CANDIDATE,9.250572762,3.6373,1039.5,135.407531
10577994,K00475.01,CONFIRMED,8.1808949,2.7546,723.5,176.69885
10577994,K00475.02,CONFIRMED,15.31296388,3.0935,864.9,171.79412
10599206,K00476.01,CONFIRMED,18.42794957,2.9264,706.6,178.43963
6768616,K06765.02,FALSE POSITIVE,8.8249556,2.976,121.1,131.7064
10068383,K00725.01,FALSE POSITIVE,7.30497811,4.5414,10930.0,169.64592
10157573,K00726.01,FALSE POSITIVE,5.115750935,2.5378,1055.8,173.26599
10191070,K00727.01,FALSE POSITIVE,1.213745575,5.5835,2012.2,170.582782
10221013,K00728.01,CANDIDATE,7.189379172,2.0351,8126.4,170.117783
10225800,K00729.01,FALSE POSITIVE,1.423799421,1.4866,2008.4,169.67436
2299738,K07628.01,CANDIDATE,1.8134378,7.776,97.4,132.6703
10227020,K00730.01,CONFIRMED,14.78767172,6.1191,781.8,176.79399
4563268,K00627.02,CONFIRMED,4.16536757,3.2935,120.0,132.04068
4644604,K00628.01,CONFIRMED,14.48584765,3.1365,457.1,175.00624
4656049,K00629.01,CONFIRMED,40.6992062,7.074,429.9,172.57123
4659405,K00630.01,FALSE POSITIVE,4.532402495,3.12,339.1,171.92667
7941635,K05449.02,FALSE POSITIVE,25.273355,34.48,496.1,134.5501
4742414,K00631.01,CONFIRMED,15.458056682,8.79536,4253.2,173.782454
7619236,K00682.01,CANDIDATE,562.1725914,9.8841,5877.8,185.968547
7630229,K00683.01,CANDIDATE,278.1243979,3.978,2297.8,177.51831
7730747,K00684.01,CANDIDATE,4.034914368,1.7874,800.1,172.257813
7764367,K00685.01,CONFIRMED,3.173914037,3.6069,303.0,170.92525
9024857,K07124.02,FALSE POSITIVE,379.11996,7.22,1107.7,267.6893
7906882,K00686.01,CANDIDATE,52.513548727,3.2743,14252.3,171.6745959
7976520,K00687.01,CANDIDATE,4.17838675,2.123,316.0,171.98866
10227020,K00730.02,CONFIRMED,9.84824649,5.7471,436.7,138.38845
10227020,K00730.03,CONFIRMED,19.7243672,7.202,577.9,135.05923
6678383,K00111.03,CONFIRMED,51.75530504,7.4355,609.2,271.08808
2302997,K07630.01,CANDIDATE,16.2982201,2.558,199.0,134.7404
10227020,K00730.04,CONFIRMED,7.38443269,5.7351,349.8,137.47412
10259031,K00731.01,FALSE POSITIVE,7.06115081,3.547,1526.9,169.86425
8505215,K00099.01,CANDIDATE,2190.7010353,19.891,1874.2,140.04806
4827723,K00632.01,CONFIRMED,7.23858162,3.1199,268.2,171.21912
4841374,K00633.01,CONFIRMED,161.4746786,10.572,828.2,170.60338
4861736,K00634.01,FALSE POSITIVE,6.277827312,8.6841,1856.8,172.5786
5020319,K00635.01,CONFIRMED,16.71987303,3.317,523.1,171.40143
5090690,K00636.01,FALSE POSITIVE,12.011661094,3.77516,14293.6,176.6358115
8161561,K00688.01,CONFIRMED,3.275821982,3.0427,274.9,170.25357
8361905,K00689.01,CONFIRMED,15.87360981,3.5246,415.6,182.40408
12116489,K00547.03,CONFIRMED,12.3860474,2.604,151.3,132.8175
8409588,K00690.01,FALSE POSITIVE,1.360834768,1.4886,1570.5,169.709729
11250587,K00107.01,CONFIRMED,7.256962446,4.9402,463.2,134.023923
8480285,K00691.01,CONFIRMED,29.66631669,8.412,668.0,189.36948
8480285,K00691.02,CONFIRMED,16.2254975,6.471,120.4,144.02673
10265898,K00732.01,CONFIRMED,1.260258822,1.8594,1130.7,170.408984
10265898,K00732.02,CANDIDATE,3.29534567,1.902,141.9,132.48799
2302758,K07629.01,FALSE POSITIVE,0.542122617,1.283,88.3,131.98408
10265898,K00732.03,CONFIRMED,5.25449393,3.078,169.0,132.55624
10271806,K00733.01,CONFIRMED,5.924993927,2.8874,1608.1,169.71629
10271806,K00733.02,CONFIRMED,11.34934848,3.1101,1249.8,134.31805
5098444,K00637.01,FALSE POSITIVE,26.94927489,10.6977,19963.9,177.968689
5113822,K00638.01,CONFIRMED,23.6421965,5.018,1102.2,172.58844
5113822,K00638.02,CONFIRMED,67.0930642,7.334,1254.2,146.57047
5120087,K00639.01,CONFIRMED,17.97979816,5.5828,459.1,182.24179
5121511,K00640.01,CONFIRMED,30.99664113,2.9182,655.3,191.78502
8557374,K00692.01,CONFIRMED,2.462344253,1.8113,180.1,171.84315
8557374,K00692.02,CONFIRMED,4.822969318,0.8752,332.1,134.43535
12600735,K00548.02,CANDIDATE,6.0799457,2.706,55.1,136.444
8738735,K00693.01,CONFIRMED,28.7796446,8.349,253.2,193.30374
8738735,K00693.02,CONFIRMED,15.66057688,7.012,384.1,146.3487
8802165,K00694.01,CONFIRMED,17.42115972,4.9974,928.1,184.245906
10271806,K00733.03,CONFIRMED,3.13295351,2.2207,435.2,135.67494
10271806,K00733.04,CONFIRMED,18.64349986,1.8491,813.4,141.62687
5351250,K00408.05,FALSE POSITIVE,93.803766,2.946,460.1,170.55916
10272442,K00734.01,CONFIRMED,24.5434566,7.2518,1151.3,187.92215
10984090,K00112.01,CONFIRMED,51.07926451,6.3729,736.8,185.18087
10272442,K00734.02,CANDIDATE,70.2780911,2.466,781.6,151.32941
4055765,K00100.01,CANDIDATE,9.9664004,5.0127,1619.0,141.15324
5131180,K00641.01,CANDIDATE,14.85185526,3.5263,1341.0,177.9987
5181817,K00642.01,FALSE POSITIVE,4.350413063,1.7694,192.5,171.43565
5309353,K00643.01,FALSE POSITIVE,1.376384817,1.745,365.9,169.72919
5356593,K00644.01,FALSE POSITIVE,45.977861823,7.4493,23886.1,240.597609
8805348,K00695.01,CONFIRMED,29.90721859,4.8475,588.0,175.29337
8869680,K00696.01,FALSE POSITIVE,7.03380109,6.4185,138.5,174.15772
10843431,K07378.02,CANDIDATE,56.391062,5.7,2042.0,167.579
8878187,K00697.01,CONFIRMED,3.032147946,3.8627,488.6,171.734281
4914423,K00108.01,CONFIRMED,15.96532718,4.5837,482.2,142.178033
8891278,K00698.01,FALSE POSITIVE,12.718711489,2.48998,8378.9,172.995345
10287242,K00735.01,CANDIDATE,22.34213536,6.461,2264.4,171.55939
10340423,K00736.01,CONFIRMED,18.79418506,3.2906,1529.0,177.79426
10340423,K00736.02,CONFIRMED,6.73893544,2.813,601.3,135.28218
10345478,K00737.01,FALSE POSITIVE,14.49839316,3.7343,3271.1,182.679596
10358759,K00738.01,CONFIRMED,10.3392408,3.075,1184.6,170.38549
5374854,K00645.01,CONFIRMED,8.50339249,2.9569,188.9,170.86894
5374854,K00645.02,CONFIRMED,23.7832097,7.939,256.5,179.75013
5384802,K00646.01,FALSE POSITIVE,3.041547148,3.22798,20690.7,170.4878722
5531694,K00647.01,CONFIRMED,5.16949729,4.5122,210.6,170.31339
5596440,K00648.01,CANDIDATE,10.47490332,33.7939,1170.2,171.99906
8908102,K00699.01,FALSE POSITIVE,5.41460536,33.787,4080.1,174.65563
8962094,K00700.01,CONFIRMED,30.86436512,2.9557,551.3,172.93477
8962094,K00700.02,CONFIRMED,9.36059705,3.2069,236.5,171.97292
8962094,K00700.03,CONFIRMED,14.6672293,3.742,198.1,145.42058
8962094,K00700.04,CONFIRMED,68.1609897,5.662,295.6,187.03346
10358759,K00738.02,CONFIRMED,13.28689997,3.2825,1039.6,172.11932
10386984,K00739.01,CONFIRMED,1.287076693,1.4942,729.4,169.815491
9588822,K04388.02,CANDIDATE,61.858947,21.32,70.8,191.9736
10395381,K00740.01,CONFIRMED,17.6717714,3.4202,918.6,186.3704
10418797,K00741.01,FALSE POSITIVE,23.355341391,4.60672,38524.0,169.8339432
5613330,K00649.01,CONFIRMED,23.44970494,8.6567,315.6,182.92295
8456679,K00102.01,CONFIRMED,1.73513619,2.2741,952.6,135.060047
5786676,K00650.01,CONFIRMED,11.95474513,2.1433,903.4,178.721694
5796186,K00651.01,FALSE POSITIVE,42.55930625,3.0148,2303.5,204.130006
5796675,K00652.01,CONFIRMED,16.080657264,2.8701,3076.0,182.7601
9002278,K00701.01,CONFIRMED,18.16407304,2.9355,943.2,180.812425
12306808,K07521.02,FALSE POSITIVE,7.334073405,2.7308,326.9,137.1334748
9002278,K00701.02,CONFIRMED,5.71489692,2.3572,425.9,170.921904
9002278,K00701.03,CONFIRMED,122.3858681,7.123,711.1,150.41158
9053112,K00702.01,FALSE POSITIVE,1.274840187,14.833,229.2,169.86973
4914423,K00108.02,CONFIRMED,179.609803,13.755,1273.0,295.330361
9162741,K00703.01,FALSE POSITIVE,1.368617188,1.6235,126.9,169.95175
5893123,K00653.01,FALSE POSITIVE,1.125963085,1.5034,146.0,169.634
5941160,K00654.01,CONFIRMED,8.59481851,3.254,336.5,171.62781
5941160,K00654.02,CONFIRMED,10.22215697,1.1939,238.2,135.89017
5966154,K00655.01,CONFIRMED,25.6721559,5.9629,387.1,192.09679
5966154,K00655.02,CONFIRMED,151.8851881,12.091,360.6,176.41272
3749508,K07544.02,FALSE POSITIVE,1.065731229,1.7499,3639.6,132.039287
9266431,K00704.01,CONFIRMED,18.39629744,2.7838,680.2,185.13946
9300285,K00705.01,FALSE POSITIVE,1.012672041,3.0512,1197.6,170.189232
9426071,K00706.01,FALSE POSITIVE,28.714216138,6.0624,43701.9,182.608668
9458613,K00707.01,CONFIRMED,21.77568158,7.9588,797.9,189.63828
9458613,K00707.02,CONFIRMED,41.0283424,9.8052,541.4,172.57481
10729472,K04453.02,FALSE POSITIVE,0.83442282,1.873,50.9,131.7827
5966660,K00656.01,FALSE POSITIVE,1.906633332,3.0825,268.0,170.064102
6020753,K00657.01,CONFIRMED,4.069425638,2.0396,549.1,171.017743
8456679,K00102.02,CONFIRMED,4.06844957,2.8349,79.8,132.27614
6020753,K00657.02,CONFIRMED,16.28247625,2.9227,792.6,180.79815
6062088,K00658.01,CONFIRMED,3.162692075,1.9529,503.7,169.64186
9458613,K00707.03,CONFIRMED,31.7848157,8.8077,444.5,135.87105
9458613,K00707.04,CONFIRMED,13.17555999,6.6677,280.0,143.6789
9458613,K00707.05,CONFIRMED,5.66815821,4.9064,119.7,131.88743
9530945,K00708.01,CONFIRMED,17.40665216,6.864,586.9,171.00688
10610039,K04577.02,CANDIDATE,3.07365139,2.102,90.5,134.17117
4752451,K00109.01,FALSE POSITIVE,6.41496453,3.9015,201.2,132.86482
6062088,K00658.02,CONFIRMED,5.370639542,2.1121,491.3,172.23815
6062088,K00658.03,CONFIRMED,11.32977062,3.845,162.4,133.96755
6125481,K00659.01,CONFIRMED,23.20579353,4.3243,342.5,180.7628
6267535,K00660.01,CONFIRMED,6.07972016,7.1228,290.8,170.58389
1025986,K07621.01,CANDIDATE,275.07365,3.37,228.9,315.2486
6347299,K00661.01,CONFIRMED,14.40090414,4.1682,379.6,174.98964
9530945,K00708.02,CONFIRMED,7.69363627,5.0324,295.1,176.5035
9578686,K00709.01,CONFIRMED,21.3851584,4.0819,663.9,178.78285
9590976,K00710.01,CONFIRMED,5.37493289,3.9567,155.8,170.93379
9590976,K00710.02,CONFIRMED,8.58600968,3.3443,102.1,137.95984
11284772,K04622.02,CANDIDATE,4.50158249,1.855,175.7,134.1153
9590976,K00710.03,CONFIRMED,3.88688862,3.683,58.3,132.4955
2441151,K00603.01,FALSE POSITIVE,2.192009479,2.9453,1475.6,171.671953
3970233,K00604.01,FALSE POSITIVE,8.254912972,6.8822,19242.4,174.43554
4832837,K00605.01,CONFIRMED,2.628117322,1.8289,936.8,169.718913
4832837,K00605.02,CANDIDATE,5.06546874,2.203,121.1,131.94499
5014753,K00606.01,FALSE POSITIVE,3.170626881,2.7189,14610.0,172.047171
5441980,K00607.01,CANDIDATE,5.89399142,1.2737,10993.0,173.485973
6347299,K00661.02,CONFIRMED,25.6613816,4.459,166.5,155.13806
6365156,K00662.01,CONFIRMED,10.21418792,5.8201,303.8,170.70466
6425957,K00663.01,CONFIRMED,2.755637216,1.8559,536.7,170.845854
1293046,K07622.01,FALSE POSITIVE,36.2671673,2.065,627.1,155.0813
2444412,K00103.01,CONFIRMED,14.91095177,3.325,864.5,141.336726
6425957,K00663.02,CONFIRMED,20.30652862,2.8014,715.4,172.6581
9597345,K00711.01,CONFIRMED,44.6996563,6.2289,837.7,174.82144
9597345,K00711.02,CONFIRMED,3.619309734,3.0504,206.6,135.44164
9597345,K00711.03,CONFIRMED,124.5245224,9.654,689.9,254.17788
10972902,K04692.02,CANDIDATE,7.6720844,3.451,75.1,134.1756
9640976,K00712.01,FALSE POSITIVE,2.178150857,1.931,162.5,171.2325
9640985,K00713.01,FALSE POSITIVE,2.178150567,3.5065,511.3,171.232233
5562784,K00608.01,FALSE POSITIVE,25.33709016,9.664,2279.4,192.91451
5608566,K00609.01,FALSE POSITIVE,4.396999852,1.875,4576.8,172.023406
5686174,K00610.01,CONFIRMED,14.28228147,2.6588,983.2,180.84677
6309763,K00611.01,CANDIDATE,3.251659087,1.5286,4747.9,171.0604906
5903312,K00008.01,FALSE POSITIVE,1.16015259,1.3433,170.2,121.704645
6462863,K00094.04,CONFIRMED,3.743166733,3.6888,126.3,131.61967
6442340,K00664.01,CONFIRMED,13.13747785,4.8655,212.8,170.22786
6442340,K00664.02,CONFIRMED,7.78199862,3.947,106.9,133.58871
1434395,K07623.01,FALSE POSITIVE,2.2227289,2.617,279.1,131.895
6442340,K00664.03,CONFIRMED,23.4433748,5.768,85.0,152.00588
6685609,K00665.01,CONFIRMED,5.868066282,4.1246,436.5,170.324046
6685609,K00665.02,CONFIRMED,1.61189046,3.0792,101.1,133.5704
9450647,K00110.01,CONFIRMED,9.940666412,3.9092,520.2,135.21559
9702072,K00714.01,CONFIRMED,4.182001885,2.2209,847.4,172.789576
9413156,K04700.02,CANDIDATE,66.47762,4.487,553.5,184.2673
9834719,K00715.01,FALSE POSITIVE,1.621668852,1.7517,7662.0,170.358337
9846348,K00716.01,CANDIDATE,26.89316101,2.3266,2193.2,179.95245
9873254,K00717.01,CONFIRMED,14.70749512,3.1506,262.0,175.79267
6587002,K00612.01,CONFIRMED,20.73989406,3.1505,616.1,173.21912
6587002,K00612.02,CONFIRMED,47.4277116,5.2679,820.4,216.55737
6960456,K00613.01,FALSE POSITIVE,5.07442951,4.064,250.2,171.55916
7368664,K00614.01,CONFIRMED,12.874712426,2.2491,3860.7,170.022499
8374580,K00615.01,FALSE POSITIVE,176.2432946,5.0423,4981.4,192.50359
6685609,K00665.03,CONFIRMED,3.07155284,4.0935,86.0,133.30255
6707835,K00666.01,CONFIRMED,22.24814617,4.1483,613.7,174.13676
2696205,K07636.01,CANDIDATE,0.702739679,1.379,65.1,131.533
6752502,K00667.01,FALSE POSITIVE,4.305219002,2.6845,9738.6,170.453154
6805146,K00668.01,FALSE POSITIVE,13.779711352,7.63871,25479.1,178.6879965
10318874,K00104.01,CONFIRMED,2.508057497,1.1134,1507.6,135.000657
6960445,K00669.01,FALSE POSITIVE,5.07437786,5.942,605.7,171.56544
9873254,K00717.02,CONFIRMED,0.900375925,1.257,41.4,133.11787
9884104,K00718.01,CONFIRMED,4.585466941,3.4437,383.5,169.86095
9884104,K00718.02,CONFIRMED,22.71443351,6.0875,575.1,147.29684
9884104,K00718.03,CONFIRMED,47.903427,6.191,379.3,141.98347
9950612,K00719.01,CONFIRMED,9.034190783,1.5501,577.6,171.015329
9714696,K00616.01,FALSE POSITIVE,1.433339604,1.3665,305.2,169.85606
9846086,K00617.01,FALSE POSITIVE,37.86511904,2.9799,6941.7,198.599331
10353968,K00618.01,CONFIRMED,9.07098164,2.6903,1026.2,178.3435
10384962,K00619.01,FALSE POSITIVE,2.879243323,2.6273,48050.0,170.710636
11773022,K00620.01,CONFIRMED,45.15535633,5.7845,6208.7,159.10544
7033671,K00670.01,CONFIRMED,9.48965527,3.587,262.2,171.92604
7040629,K00671.01,CONFIRMED,4.22865217,3.3275,150.0,170.74053
2711131,K07637.01,FALSE POSITIVE,2.85889907,1.465,55.7,134.16649
7040629,K00671.02,CONFIRMED,7.46662068,3.87,120.9,132.7755
7040629,K00671.03,CONFIRMED,16.25951967,3.854,129.5,144.53203
7040629,K00671.04,CONFIRMED,11.1317901,4.051,95.5,134.42272
9950612,K00719.02,CONFIRMED,28.1224393,4.174,194.3,146.91763
6678383,K00111.01,CONFIRMED,11.427550984,4.6074,500.9,137.613711
2308411,K07631.01,FALSE POSITIVE,0.983304511,1.78,79.9,132.48478
9950612,K00719.03,CONFIRMED,45.9029768,5.0041,361.8,166.55667
9950612,K00719.04,CONFIRMED,4.159816554,1.6261,160.3,133.78616
9963524,K00720.01,CONFIRMED,5.69059163,2.557,1384.3,174.04885
5780885,K00097.01,CONFIRMED,4.885488596,5.16165,7458.4,134.2768785
11773022,K00620.02,CONFIRMED,130.17802962,8.4534,11570.9,212.032638
11773022,K00620.03,CONFIRMED,85.3162004,2.7441,1902.6,295.31588
12251650,K00621.01,CANDIDATE,17.761998411,2.4644,24176.9,174.1831018
12417486,K00622.01,CANDIDATE,155.042265,9.848,4880.9,213.49978
12068975,K00623.01,CONFIRMED,10.34973276,4.4859,119.0,174.06193
7115785,K00672.01,CONFIRMED,16.08786246,3.095,612.5,172.81384
2834805,K07638.01,CANDIDATE,25.0032023,5.498,64.1,140.90106
7115785,K00672.02,CONFIRMED,41.74938613,5.6098,1055.4,153.84636
7115785,K00672.03,FALSE POSITIVE,0.56680081,3.6116,127.7,131.81737
7124613,K00673.01,CONFIRMED,4.41746257,2.965,291.0,170.79073
8711794,K00105.01,CONFIRMED,8.981014925,1.8478,1059.3,136.649307
7277317,K00674.01,CONFIRMED,16.33888067,9.3599,1718.4,177.917586
2446134,K07632.01,FALSE POSITIVE,39.1307086,2.295,201.0,165.7408
9963524,K00720.02,CONFIRMED,10.04157214,2.6577,1114.0,137.08442
9963524,K00720.03,CONFIRMED,18.36974658,2.939,1143.3,131.86573
9963524,K00720.04,CONFIRMED,2.79590004,2.056,383.7,132.72971
9964801,K00721.01,CONFIRMED,13.72462702,6.9758,281.8,180.64807
9965439,K00722.01,CONFIRMED,46.40626,7.0281,469.1,192.99633
2569995,K07634.01,CANDIDATE,80.84069,8.567,9326.0,177.3473
12068975,K00623.02,CONFIRMED,15.67750191,5.5082,115.5,179.47311
12068975,K00623.03,CONFIRMED,5.59931543,3.8944,84.8,171.47391
12068975,K00623.04,CONFIRMED,25.2100146,6.553,62.1,154.41122
3541946,K00624.01,CONFIRMED,17.79001678,4.4116,871.4,182.43745
3541946,K00624.02,CONFIRMED,49.5674085,4.002,730.0,169.54227
10264660,K00098.01,CONFIRMED,6.790120801,6.0437,2302.3,138.088199
7385509,K00675.01,FALSE POSITIVE,1.655467295,3.2424,1059.4,169.54872
7447200,K00676.01,CONFIRMED,7.972510087,2.9754,3139.0,171.585057
7447200,K00676.02,CONFIRMED,2.453236139,1.6691,1723.2,170.892059
7466863,K00677.01,FALSE POSITIVE,11.9710626,2.7607,421.8,171.08425
7509886,K00678.01,CONFIRMED,6.0404622,1.98,241.0,172.59327
7509886,K00678.02,CONFIRMED,4.13852825,2.281,256.5,132.01882
10002866,K00723.01,CONFIRMED,3.936993144,1.887,1266.0,169.650592
10002866,K00723.02,CONFIRMED,28.08185982,4.5288,1840.3,194.91696
6678383,K00111.02,CONFIRMED,23.66834635,5.8297,449.4,132.71421
10002866,K00723.03,CONFIRMED,10.08881066,1.7726,1995.9,173.083353
2577353,K07635.01,CANDIDATE,60.458443,8.43,175.2,136.3553
10005020,K00724.01,FALSE POSITIVE,6.97106919,3.9125,452.8,174.70305
3541946,K00624.03,CONFIRMED,1.311842968,1.7876,245.1,133.11058
4449034,K00625.01,FALSE POSITIVE,38.13853099,3.8617,1230.2,180.43748
4478168,K00626.01,CONFIRMED,14.58649856,4.0249,378.7,172.22185
4478168,K00626.02,CANDIDATE,8.0292018,3.462,65.6,132.8283
2854839,K07639.01,FALSE POSITIVE,1.05569286,1.289,37.5,131.5576
4563268,K00627.01,CONFIRMED,7.75192755,3.5413,407.3,176.17197
7515212,K00679.01,CONFIRMED,31.80475991,8.699,360.6,190.25413
7515212,K00679.02,CONFIRMED,16.2580276,6.375,47.0,139.6381
7529266,K00680.01,CONFIRMED,8.600153929,9.0015,4510.2,177.642421
11553706,K00009.01,FALSE POSITIVE,3.719809197,3.5317,2958.2,135.068298
2449053,K07633.01,FALSE POSITIVE,0.73975345,4.2,481.8,131.81739
10489525,K00106.01,FALSE POSITIVE,1.612249049,4.235,154.0,131.85204
7598128,K00681.01,FALSE POSITIVE,44.258173075,7.58264,20541.7,188.495537
11858979,K04062.01,FALSE POSITIVE,3.05933906,1.7332,1169.2,131.7541
5900390,K04063.01,FALSE POSITIVE,0.624677585,2.411,37.3,131.8663
5444334,K04064.01,FALSE POSITIVE,0.759763198,3.083,202.5,131.78816
10139620,K04065.01,FALSE POSITIVE,372.37369,12.33,666.1,138.0835
8686373,K04066.01,CONFIRMED,126.55719,8.079,366.4,145.69736
5386264,K04135.01,FALSE POSITIVE,12.435190544,3.8305,71.9,140.8323906
3867615,K02289.02,CONFIRMED,20.0983676,5.207,157.8,207.57757
3218844,K07646.01,FALSE POSITIVE,85.112898,2.503,513.8,171.8254
7256914,K04136.01,CANDIDATE,2.41750021,4.33,58.2,133.80584
7256914,K04136.02,CANDIDATE,4.03357434,5.886,66.2,134.23275
3542222,K04137.01,FALSE POSITIVE,0.504426087,1.6276,614.5,131.894825
6871071,K02220.04,CANDIDATE,7.66462913,3.614,114.1,137.38342
5530112,K04067.01,CONFIRMED,9.6887216,2.0,655.5,131.8295
6226908,K04068.01,CONFIRMED,19.597317,4.508,1014.1,135.26526
5906694,K04069.01,CONFIRMED,13.06243545,3.244,464.3,144.18426
10186945,K04070.01,FALSE POSITIVE,0.793663156,0.8244,186.2,131.79065
4636565,K04138.01,FALSE POSITIVE,2.81401302,5.801,55.7,133.0785
9956082,K04139.01,CONFIRMED,3.74031708,2.394,165.6,134.70305
3241647,K07650.01,FALSE POSITIVE,0.851678507,2.028,67.9,131.62317
7761585,K04140.01,FALSE POSITIVE,205.30627,7.86,671.0,186.434
3241248,K04141.01,FALSE POSITIVE,0.978046982,2.6137,838.8,131.68639
9716302,K04142.01,FALSE POSITIVE,1.332566763,4.001,384.9,132.04547
2708286,K04071.01,FALSE POSITIVE,1.89131005,5.687,155.6,132.66204
6755944,K04072.01,CONFIRMED,0.692978457,1.1366,61.0,131.80142
10419797,K04073.01,FALSE POSITIVE,87.140633,18.11,,169.262
6515335,K04074.01,FALSE POSITIVE,185.53285,31.46,877.0,310.2503
7777471,K04075.01,FALSE POSITIVE,0.885131111,3.377,93.2,131.8742
10294509,K04143.01,FALSE POSITIVE,1.85447373,2.665,306.8,132.50369
3112129,K04144.01,CANDIDATE,0.487656278,1.0129,109.8,132.16692
3003019,K07642.01,FALSE POSITIVE,0.502622858,3.085,146.0,131.61123
9334893,K02298.02,CONFIRMED,31.8055128,3.979,141.7,150.6791
3103212,K04145.01,CANDIDATE,3.25424652,5.378,82.1,133.5121
10000941,K04146.01,CONFIRMED,3.50472344,1.9464,90.7,133.72225
9455677,K04076.01,CONFIRMED,124.827797,6.479,647.5,208.79191
6871071,K02220.05,CANDIDATE,11.9294568,3.193,132.3,133.74078
7690855,K04077.01,FALSE POSITIVE,0.786260569,4.556,877.1,132.166816
5649837,K04078.01,FALSE POSITIVE,0.597934463,3.1225,515.0,131.95507
10141938,K04079.01,FALSE POSITIVE,360.76458,21.22,383.7,148.5386
8029197,K04147.01,FALSE POSITIVE,2.15292788,3.043,41.4,132.36514
12257886,K04148.01,FALSE POSITIVE,2.61585431,6.519,169.8,132.42844
10875007,K04149.01,CANDIDATE,9.54699216,5.063,143.0,140.15819
10875007,K04149.02,CANDIDATE,14.708641,5.394,130.6,133.85125
11465651,K04150.01,CONFIRMED,31.3351094,6.071,264.9,136.97538
5036480,K04080.01,FALSE POSITIVE,1.061002863,1.962,142.4,132.52463
10275077,K04081.01,FALSE POSITIVE,363.35755,19.85,395.3,135.9933
6592832,K04082.01,FALSE POSITIVE,0.924821319,2.594,122.4,132.09187
8524346,K04083.01,FALSE POSITIVE,4.4697452,5.33,241.5,133.00892
3937814,K04084.01,CONFIRMED,214.881456,9.581,759.2,213.4044
5551228,K04154.02,FALSE POSITIVE,122.906853,15.97,819.7,195.9104
5471271,K04155.01,FALSE POSITIVE,12.422216754,6.5533,54.5,141.8461927
5881120,K04156.01,CONFIRMED,4.85018974,5.676,64.5,135.31157
3248696,K07651.01,FALSE POSITIVE,383.43595,11.059,1228.0,483.2484
4548098,K04157.01,CONFIRMED,3.82315697,2.388,47.2,133.06936
5306383,K04158.01,FALSE POSITIVE,0.842336445,1.519,80.1,131.73901
5446285,K00142.02,FALSE POSITIVE,339.42934084,7.5,,187.5194914
7021681,K00255.02,CANDIDATE,13.6032081,2.592,180.5,140.3975
5041847,K04085.01,FALSE POSITIVE,0.914468919,2.695,3426.3,132.120912
3836558,K04086.01,FALSE POSITIVE,1.54039744,1.787,127.6,131.99974
4770617,K02243.02,CONFIRMED,8.45805119,2.998,258.7,137.06123
6106282,K04087.01,CONFIRMED,101.1107014,8.029,878.1,215.5204
4946584,K04088.01,FALSE POSITIVE,0.907943645,1.9144,1028.9,132.133484
6463499,K04163.01,FALSE POSITIVE,94.446856,7.502,436.4,166.1513
8254882,K04164.01,FALSE POSITIVE,0.92565941,1.488,30.0,132.11002
6042031,K04165.01,FALSE POSITIVE,0.537110149,1.7976,92.0,131.55982
4078311,K04166.01,CONFIRMED,9.84262076,1.6018,626.4,134.02155
5475735,K04167.01,FALSE POSITIVE,2.99194823,4.39,99.6,134.1641
11709124,K00435.05,CONFIRMED,62.3026877,7.509,859.3,179.09948
9022166,K02175.02,CONFIRMED,72.3826983,8.279,366.4,179.49813
10075409,K04019.01,FALSE POSITIVE,360.33012,15.16,1022.0,159.4314
7038096,K04020.01,FALSE POSITIVE,0.566803149,1.643,246.0,131.79596
3345973,K07652.01,FALSE POSITIVE,15.3466028,4.966,238.5,143.8142
11967788,K04021.01,CANDIDATE,7.23531329,3.338,112.2,133.12054
11972872,K04089.01,FALSE POSITIVE,0.531106622,3.0293,5133.6,131.906467
9899233,K04090.01,FALSE POSITIVE,1.332547503,4.521,130.3,132.05767
3103227,K04091.01,CONFIRMED,225.585245,11.166,754.9,272.79566
4850961,K04092.01,CONFIRMED,24.4972683,5.43,449.1,133.92177
3102309,K07643.01,FALSE POSITIVE,4.20253859,5.389,31.5,132.3097
8521059,K04093.01,FALSE POSITIVE,0.535578808,1.7973,193.6,131.80805
5217574,K04151.01,FALSE POSITIVE,0.89486317,2.657,172.0,132.21767
7199060,K04152.01,CANDIDATE,64.1862264,8.485,507.3,191.65639
8439323,K04153.01,CONFIRMED,4.62602867,0.643,346.9,134.68092
4458082,K02303.02,CONFIRMED,8.93484887,2.579,135.9,133.39108
3230095,K07647.01,FALSE POSITIVE,7.04716175,2.693,150.8,132.7504
5551228,K04154.01,FALSE POSITIVE,368.71479,16.46,1210.0,318.8424
11967788,K04021.02,CANDIDATE,4.93211932,3.144,50.5,132.4538
7733731,K04022.01,CANDIDATE,4.85819429,5.356,76.3,135.14503
6862332,K04023.01,FALSE POSITIVE,119.0192648,8.1,1977.0,341.26197
10714072,K04024.01,CONFIRMED,8.40693068,1.866,167.1,133.42739
3110177,K07644.01,CANDIDATE,3.39904814,2.922,69.6,134.6684
10992011,K04025.01,FALSE POSITIVE,0.974479091,1.866,221.2,132.37246
8128247,K04094.01,FALSE POSITIVE,3.57017774,4.473,79.6,134.4442
6276994,K04095.01,FALSE POSITIVE,1.10601182,2.577,52.9,131.83599
9674564,K04096.01,FALSE POSITIVE,6.873655305,3.5415,181.3,132.4527832
5942808,K02250.02,CONFIRMED,0.626281766,1.1812,433.1,131.90594
3232249,K07648.01,CANDIDATE,1.183505016,1.275,116.6,131.75303
5688683,K04097.01,CONFIRMED,2.790643481,0.6871,202.0,133.1555
6607644,K04159.01,CONFIRMED,0.971915957,1.6023,73.7,132.16504
7610663,K04160.01,CONFIRMED,3.03196812,1.723,81.5,133.98825
5565707,K04161.01,FALSE POSITIVE,1.2940561,0.97,51.2,131.861
1293031,K04162.01,FALSE POSITIVE,0.53936593,5.434,145.0,131.97457
2859299,K07640.01,FALSE POSITIVE,0.643703667,0.801,172.0,131.984908
7449554,K02357.02,CANDIDATE,15.9042402,2.093,444.8,131.50051
4067110,K04026.01,FALSE POSITIVE,0.735146413,5.053,275.4,131.49953
8694309,K04027.01,FALSE POSITIVE,0.827351796,2.1885,44.7,131.92381
8282651,K02193.02,CANDIDATE,4.16288745,0.678,391.7,131.67875
7818447,K04028.01,FALSE POSITIVE,0.618952198,2.8244,8324.1,131.590434
11569475,K04029.01,FALSE POSITIVE,1.31723412,7.284,422.7,132.13735
5688683,K04097.02,CANDIDATE,4.44902309,1.373,88.9,131.75425
8222627,K04098.01,CANDIDATE,1.121733366,1.032,84.3,131.56919
8951205,K04099.01,CONFIRMED,4.95060632,1.719,309.5,132.80914
5700900,K04100.01,FALSE POSITIVE,379.08202,33.87,1609.1,287.504
7026477,K04101.01,FALSE POSITIVE,366.31509,12.41,336.0,312.1401
9402583,K04168.01,FALSE POSITIVE,0.536544193,2.918,159.5,132.03219
7838675,K04169.01,CONFIRMED,1.005205893,1.63,97.5,132.45541
8700537,K04170.01,FALSE POSITIVE,43.796785,18.84,256.3,158.9316
10858785,K04171.01,FALSE POSITIVE,0.952371227,3.926,352.5,132.34095
9640907,K04172.01,FALSE POSITIVE,1.089088292,1.8599,141.7,132.0149343
7515670,K02360.02,FALSE POSITIVE,1.1518407,2.53,,132.6197092
9551430,K04030.01,FALSE POSITIVE,7.7553808,22.321,839.6,134.5191
3228986,K04031.01,FALSE POSITIVE,0.730949487,2.367,87.3,132.22503
7100673,K04032.01,CONFIRMED,3.95116635,2.566,60.9,134.22411
7100673,K04032.02,CONFIRMED,2.89223998,2.521,44.3,132.86232
4138557,K04033.01,FALSE POSITIVE,0.991552822,1.135,607.2,131.90235
2708278,K04102.01,FALSE POSITIVE,1.89124187,4.415,105.8,132.7082
2984990,K07641.01,CANDIDATE,3.79437277,2.289,83.2,132.1265
3747817,K04103.01,CONFIRMED,184.77271,9.568,951.4,217.3573
8483366,K04104.01,FALSE POSITIVE,392.49728,10.53,1062.0,203.1308
7758018,K04105.01,CANDIDATE,363.41165,14.79,961.7,404.2733
9071593,K02257.02,CONFIRMED,59.284064,5.42,424.4,148.75407
10089911,K04034.01,CONFIRMED,6.96704926,3.73,213.7,138.24776
3247404,K04035.01,FALSE POSITIVE,8.8109721,4.822,24048.0,136.4718
11415243,K04036.01,CONFIRMED,168.81133,6.582,614.4,211.43982
3548044,K02194.02,CONFIRMED,67.968656,7.948,321.8,163.55972
8264402,K04037.01,CANDIDATE,215.956008,10.425,392.7,271.3671
7773179,K04038.01,FALSE POSITIVE,2.15681538,5.115,106.5,133.27151
11017094,K04106.01,FALSE POSITIVE,0.708563091,6.347,414.5,132.10298
3129238,K07645.01,CANDIDATE,2.00870696,4.87,53.5,131.51
5956633,K04107.01,FALSE POSITIVE,366.24282,15.76,733.7,307.2714
9899065,K04108.01,FALSE POSITIVE,1.33256418,4.701,162.3,132.0473
7907808,K04109.01,CANDIDATE,0.655939788,1.318,73.0,132.09997
5471792,K04110.01,FALSE POSITIVE,12.4258833,24.83,93.6,141.5008
11145831,K04039.01,FALSE POSITIVE,1.387838134,2.252,136.8,132.11351
11444952,K04040.01,FALSE POSITIVE,0.678349364,3.092,486.0,132.16318
8647295,K04041.01,FALSE POSITIVE,1.022028468,8.866,1344.5,132.3717
3444098,K04042.01,FALSE POSITIVE,0.72359699,1.326,495.6,131.57754
5112567,K04043.01,FALSE POSITIVE,1.6156052,14.55,1582.0,131.4952
2708343,K04111.01,FALSE POSITIVE,1.8913182,4.374,202.3,132.66252
3235282,K07649.01,FALSE POSITIVE,494.165759,2.239,1440.0,472.0427
3348090,K04112.01,FALSE POSITIVE,2.43585046,2.088,60.5,132.89661
9282762,K04113.01,FALSE POSITIVE,1.33255441,3.828,106.7,132.05269
3117046,K04114.01,FALSE POSITIVE,359.1015,11.461,496.5,415.3142
6311520,K04115.01,FALSE POSITIVE,0.941840589,5.06,388.3,131.80464
5201115,K04044.01,FALSE POSITIVE,1.728521892,3.361,92.2,131.81736
2708203,K04045.01,FALSE POSITIVE,1.89125855,5.415,67.9,132.6891
4150496,K04046.01,FALSE POSITIVE,8.65312868,3.376,508.6,136.65308
11401767,K02195.02,CONFIRMED,30.0899459,6.654,242.6,149.06413
9655005,K04047.01,FALSE POSITIVE,1.39862757,9.625,45.5,132.65615
11709124,K00435.06,CONFIRMED,9.91937693,4.326,186.7,136.87361
3851194,K07671.01,FALSE POSITIVE,0.918510251,2.587,52.6,131.82791
8613535,K02263.02,CONFIRMED,9.47850818,6.154,184.6,140.16526
5092655,K04116.01,FALSE POSITIVE,0.783258387,2.2926,328.5,131.74358
3955817,K04117.01,CONFIRMED,4.24263096,2.582,187.6,135.0304
10661778,K04118.01,FALSE POSITIVE,1.231363214,5.8101,4774.7,131.80615
5513857,K04119.01,FALSE POSITIVE,0.755101928,3.044,119.8,131.81199
10272389,K04048.01,FALSE POSITIVE,4.56447463,6.415,208.4,133.0783
4679687,K04049.01,FALSE POSITIVE,1.027904857,1.6381,2381.2,132.444316
7968683,K04050.01,FALSE POSITIVE,367.95566,21.877,1414.1,236.4537
10360722,K04051.01,CONFIRMED,163.692336,6.853,1138.0,238.76817
9091755,K04052.01,FALSE POSITIVE,1.106529843,6.258,319.5,132.30528
3852476,K07672.01,FALSE POSITIVE,111.741576,3.83,238.8,166.3408
9700449,K04120.01,CANDIDATE,110.461746,12.46,331.2,147.5465
6349881,K04121.01,CONFIRMED,198.088873,7.955,1027.7,319.73002
9851970,K04122.01,FALSE POSITIVE,1.08193721,4.788,115.3,131.5344
6140059,K04123.01,CANDIDATE,44.6226725,12.974,131.9,137.942
5726910,K04124.01,FALSE POSITIVE,2.43142974,2.713,146.6,133.83385
1718958,K04053.01,CONFIRMED,1.41975831,1.429,60.9,132.92
6428794,K04054.01,CONFIRMED,169.135056,8.931,640.7,201.8055
3228825,K04055.01,FALSE POSITIVE,0.73095491,2.206,29.6,132.2174
4673628,K04056.01,CONFIRMED,3.951383138,1.0582,405.7,132.06462
11401767,K02195.03,CONFIRMED,6.84978728,4.919,139.2,134.66167
3852872,K07673.01,CANDIDATE,80.769893,4.2,128.5,188.5556
9099950,K04125.01,FALSE POSITIVE,1.111362442,6.24,133.9,132.30056
9718066,K02287.02,CONFIRMED,28.9060526,3.099,99.0,158.82431
9272070,K04126.01,CONFIRMED,8.10503551,4.459,209.9,135.88389
5088400,K04127.01,CONFIRMED,8.82715783,2.019,368.6,139.73416
4669402,K04128.01,FALSE POSITIVE,143.196381,10.424,618.1,227.3054
3757407,K04057.01,FALSE POSITIVE,9.089151782,3.1886,110.1,132.0565248
4769931,K04058.01,FALSE POSITIVE,1.87886973,3.876,181.9,133.07604
9220612,K04059.01,FALSE POSITIVE,0.979161676,2.942,160.2,132.21831
9086154,K04060.01,CANDIDATE,225.26213,14.459,389.2,224.9887
6806695,K04061.01,FALSE POSITIVE,0.855922327,1.514,130.9,131.64426
3858943,K07674.01,FALSE POSITIVE,25.9528725,12.434,164.1,154.8736
11970988,K04129.01,CANDIDATE,2.31482311,2.127,58.6,133.04857
10858803,K04130.01,FALSE POSITIVE,0.952374508,3.006,204.8,132.33436
6129694,K04131.01,FALSE POSITIVE,0.936751792,5.658,26.4,132.2026
5957181,K04132.01,FALSE POSITIVE,393.34331,9.481,1750.0,264.7706
7601918,K04133.01,FALSE POSITIVE,0.621361411,1.0628,45.0,131.67283
6119877,K04134.01,FALSE POSITIVE,250.23760741,16.58,,260.3057733
6792908,K04341.01,CANDIDATE,10.778313,5.256,90.7,136.6142
7211879,K04342.01,FALSE POSITIVE,0.594310785,0.9994,112.5,131.7595
8087812,K04343.01,CONFIRMED,27.2106807,10.515,99.4,132.3793
4863956,K04344.01,FALSE POSITIVE,4.31978105,7.204,65.8,134.1491
10534155,K04345.01,CANDIDATE,4.32710895,1.387,108.9,133.40886
10397751,K02859.04,CANDIDATE,2.90512019,2.293,61.2,132.56693
5308537,K04409.01,CONFIRMED,14.2651545,3.601,66.3,143.22024
6350882,K04410.01,CANDIDATE,5.04404366,1.682,236.5,136.00785
5281113,K04411.01,CONFIRMED,11.17931581,3.103,90.6,131.64123
7847104,K04412.01,FALSE POSITIVE,1.284991846,2.274,29.1,132.74087
3450040,K04205.01,CANDIDATE,1.166960319,1.6823,97.8,131.64332
3347807,K07653.01,FALSE POSITIVE,324.18028,18.15,87.9,445.8295
8487805,K04206.01,FALSE POSITIVE,0.530959357,2.417,84.4,131.73991
9456281,K04207.01,CANDIDATE,0.701944362,0.641,210.8,132.00161
5129453,K04208.01,CANDIDATE,3.05772668,1.819,311.0,133.06692
7918478,K04209.01,CANDIDATE,9.9092109,2.552,942.0,133.092
3336845,K04275.01,FALSE POSITIVE,0.996864568,1.098,86.7,132.09898
3645282,K07661.01,FALSE POSITIVE,0.673684895,1.161,51.1,131.61938
6026924,K04276.01,CONFIRMED,56.644452,16.551,104.6,138.762
6525280,K04277.01,FALSE POSITIVE,1.710319812,2.983,43.6,131.60513
4861784,K04278.01,FALSE POSITIVE,5.62978034,5.847,379.2,136.8349
5876360,K04279.01,FALSE POSITIVE,1.050852976,1.6788,41694.0,132.138232
9509343,K04346.01,CANDIDATE,6.39269778,2.138,174.3,135.6101
3732972,K07664.01,FALSE POSITIVE,1.540398683,1.5676,73.0,131.99063
3244792,K04347.01,CONFIRMED,3.0570982,3.571,144.0,134.50122
8743082,K04348.01,FALSE POSITIVE,365.25921,13.74,529.0,236.672
7673841,K02585.03,CANDIDATE,7.87845756,3.912,44.1,138.58644
9142742,K04349.01,FALSE POSITIVE,372.72688,12.751,331.7,175.6195
6891513,K04413.01,FALSE POSITIVE,9.9398272,4.1198,478.6,140.8334549
4579598,K04414.01,FALSE POSITIVE,0.866346,2.011,116.4,131.6286
7777522,K04415.01,FALSE POSITIVE,0.885129679,3.156,177.3,131.88274
9305012,K04416.01,FALSE POSITIVE,56.898749,3.522,514.0,160.0479
9597729,K04417.01,FALSE POSITIVE,0.438153876,1.3885,164.8,131.5167
11390109,K04210.01,FALSE POSITIVE,398.40957,11.486,880.3,178.4393
5078025,K04211.01,FALSE POSITIVE,0.696286519,3.194,120.8,131.87824
1724719,K04212.01,CONFIRMED,5.79179934,3.474,118.5,133.35814
8120608,K00571.05,CONFIRMED,129.945392,5.786,500.1,176.82285
11968463,K02433.04,CANDIDATE,27.9040511,5.346,300.2,154.9434
5026326,K04280.01,FALSE POSITIVE,1.39772545,4.129,181.3,132.3377
5471574,K02505.02,FALSE POSITIVE,12.4246697,44.07,424.0,134.0396
5512580,K04281.01,FALSE POSITIVE,383.00806,9.71,632.1,281.6723
11670599,K04282.01,FALSE POSITIVE,0.847588864,2.246,67.1,131.55971
6359820,K04283.01,FALSE POSITIVE,331.81534,10.56,370.3,347.0408
11872139,K04350.01,FALSE POSITIVE,1.75649346,3.429,27.5,132.01087
5436161,K04351.01,CANDIDATE,0.644322147,0.893,1076.6,131.954907
2708221,K04352.01,FALSE POSITIVE,1.8912501,7.648,731.0,132.6923
4571844,K04353.01,CANDIDATE,17.8075656,1.643,1511.0,146.88323
5040223,K04354.01,FALSE POSITIVE,0.996023763,5.412,98.3,132.16613
4571004,K04355.01,FALSE POSITIVE,36.616669,8.62,237.4,156.001
2859893,K04418.01,CANDIDATE,333.03842,5.948,1260.0,220.9235
6026737,K02949.02,CANDIDATE,3.75030469,3.246,35.5,134.80628
7582691,K04419.01,CANDIDATE,0.259819659,0.6513,231.5,131.85061
7031942,K04420.01,FALSE POSITIVE,0.566795467,4.712,38.2,131.84
9836563,K04421.01,CANDIDATE,4.72693131,4.036,26.2,135.2927
1724719,K04212.02,CANDIDATE,10.0989634,6.428,57.0,132.3351
5632701,K04213.01,FALSE POSITIVE,3.67515329,7.083,56.0,131.681
10549924,K04214.01,FALSE POSITIVE,0.715825886,1.212,40.6,132.06428
9366617,K04215.01,CONFIRMED,26.5487294,7.968,142.0,137.24401
6187341,K04216.01,FALSE POSITIVE,0.492291661,0.894,1107.6,132.393012
3353454,K07654.01,FALSE POSITIVE,1.6911935,9.479,2801.0,132.93323
10156055,K04284.01,FALSE POSITIVE,2.42803503,3.045,73.8,133.5931
8418018,K04285.01,FALSE POSITIVE,372.94844,13.879,253.5,217.8357
5024177,K04286.01,FALSE POSITIVE,0.787120016,3.1648,265.5,131.73939
11081504,K04287.01,CANDIDATE,13.12297275,2.234,43.7,136.08882
4548011,K04288.01,CONFIRMED,6.28384079,4.291,35.7,133.20513
4571004,K04355.02,FALSE POSITIVE,21.131609,13.66,73.5,139.7493
4571004,K04355.03,FALSE POSITIVE,81.675841,11.53,143.4,158.9694
4571004,K04355.04,FALSE POSITIVE,28.5463574,9.29,153.3,159.2763
12016267,K02590.02,CANDIDATE,22.7909233,9.565,53.6,134.4333
4571004,K04355.05,FALSE POSITIVE,72.563291,3.088,332.3,202.0235
8459663,K04356.01,CONFIRMED,174.510276,6.689,1530.0,201.47056
3550372,K04357.01,CANDIDATE,0.681180633,0.8844,156.4,131.63459
10155321,K04422.01,FALSE POSITIVE,15.705388,4.871,283.7,135.0768
3866536,K04423.01,FALSE POSITIVE,7.65270746,79.8969,641.1,134.46038
7046035,K04424.01,CONFIRMED,2.27164952,4.054,82.4,131.82601
4679314,K04425.01,FALSE POSITIVE,3.84835742,10.18,84.2,133.25649
8240790,K04426.01,CANDIDATE,369.13236,10.34,215.9,235.5195
5702637,K04217.01,FALSE POSITIVE,1.0388961,4.755,600.8,132.37849
8309169,K04218.01,FALSE POSITIVE,293.76887,4.68,462.0,257.9779
4678919,K04219.01,FALSE POSITIVE,1.87885327,3.302,120.9,133.08861
5563080,K04220.01,FALSE POSITIVE,0.785473311,1.3911,339.6,131.861548
6364067,K04221.01,FALSE POSITIVE,5.2438982,7.881,162.2,132.6882
4548011,K04288.02,CANDIDATE,9.08745206,3.786,35.1,139.99222
5983532,K04289.01,FALSE POSITIVE,441.877824,6.647,1300.0,251.778
3439126,K07655.01,FALSE POSITIVE,2.9761504,6.079,259.5,132.9276
8463346,K02529.02,CONFIRMED,64.0019669,4.724,1112.5,132.61779
5868793,K04290.01,CONFIRMED,4.83809469,1.096,1544.0,135.1562
8483021,K04291.01,FALSE POSITIVE,361.91436,8.68,228.2,241.7138
10063208,K04292.01,CONFIRMED,9.3281912,3.991,45.2,132.85459
7191646,K04358.01,CANDIDATE,106.957467,7.006,539.6,224.9874
1575873,K04359.01,FALSE POSITIVE,0.629001455,1.263,14.7,131.55662
10669994,K04360.01,CONFIRMED,2.71603664,1.744,98.5,132.35962
7801070,K04361.01,CANDIDATE,75.8781344,1.383,1054.0,194.67762
11449918,K04362.01,FALSE POSITIVE,374.59003,15.19,267.9,303.4857
4172805,K04427.01,CANDIDATE,147.661729,6.207,1087.8,243.95262
5126182,K04428.01,CANDIDATE,13.00291716,3.058,225.3,132.02306
3750350,K07665.01,FALSE POSITIVE,319.30633,6.74,155.2,221.3106
8949925,K02972.02,CANDIDATE,42.0292298,8.499,373.7,138.8086
4584865,K04429.01,FALSE POSITIVE,1.75254087,4.098,42.5,132.73775
9642018,K04430.01,CANDIDATE,0.505111993,0.4053,212.8,131.51614
11968463,K02433.05,FALSE POSITIVE,0.646745436,1.188,115.6,132.02582
9183378,K04222.01,CONFIRMED,3.38557445,1.879,121.9,133.97411
11188254,K04223.01,FALSE POSITIVE,2.754024,4.15,172.2,133.731
1724513,K04224.01,FALSE POSITIVE,1.975208831,1.513,76.3,131.63127
9535876,K04225.01,FALSE POSITIVE,0.960843605,3.22,141.7,131.7739
5817533,K04293.01,FALSE POSITIVE,4.206109,5.16,120.0,132.2382
7681230,K04294.01,FALSE POSITIVE,0.962590772,1.2569,1021.6,132.421278
7596240,K04295.01,CONFIRMED,13.3997555,3.534,167.3,131.84235
7661893,K04296.01,CANDIDATE,2.49385348,1.414,46.9,133.15177
3448456,K07656.01,FALSE POSITIVE,0.776950288,1.288,396.0,132.0396
12107008,K04297.01,FALSE POSITIVE,5.93725628,3.639,115.6,135.9371
9776794,K04363.01,CANDIDATE,18.22211768,2.044,2318.0,553.06646
7427764,K04364.01,CONFIRMED,4.56383697,2.271,201.8,132.26068
7673192,K02722.05,CANDIDATE,16.5340022,4.063,89.2,135.409
4754831,K04365.01,FALSE POSITIVE,55.119831,4.703,114.5,153.6508
4754831,K04365.02,FALSE POSITIVE,25.6416117,5.5,126.4,152.9007
9899630,K04439.01,FALSE POSITIVE,1.33258455,5.77,152.7,132.0268
4367528,K04440.01,FALSE POSITIVE,350.81029,11.29,538.3,147.6369
8416523,K04441.01,CONFIRMED,0.341842017,1.1554,285.6,131.660336
11124436,K04442.01,CANDIDATE,13.9482197,7.686,119.4,132.7505
5780855,K04443.01,CANDIDATE,5.67577999,3.554,51.2,134.91027
3751231,K07666.01,FALSE POSITIVE,0.570953851,0.998,76.1,131.5725
9491832,K04226.01,CANDIDATE,49.564693,8.54,113.5,170.6973
7816665,K04227.01,FALSE POSITIVE,4.29258258,3.069,369.6,131.77675
9535881,K04228.01,FALSE POSITIVE,0.960842633,2.6441,2022.9,131.777663
11616596,K04229.01,FALSE POSITIVE,14.5893928,15.54,,136.1407
9872831,K04230.01,CONFIRMED,5.49548533,2.461,85.8,133.63966
2852941,K04298.01,CANDIDATE,2.89494709,3.254,45.8,132.62547
8508126,K04299.01,FALSE POSITIVE,0.980505042,1.4068,426.6,132.097771
12306058,K02541.02,CONFIRMED,20.4853893,10.229,89.5,146.9183
8507475,K04300.01,CONFIRMED,3.58273837,1.523,360.5,134.95108
8773015,K04301.01,CONFIRMED,15.604841,4.543,73.4,131.9989
4754831,K04365.03,FALSE POSITIVE,75.681309,11.62,107.7,167.6921
10647452,K04366.01,CANDIDATE,0.762950224,1.133,187.3,131.9157
3531231,K07657.01,FALSE POSITIVE,62.060783,28.203,472.9,134.4944
4773392,K04367.01,CANDIDATE,170.995748,3.88,477.1,163.95737
5471489,K04368.01,FALSE POSITIVE,12.4252735,20.756,84.7,141.5658
5471489,K04368.02,FALSE POSITIVE,39.2820405,3.344,157.5,139.9224
9011874,K04369.01,FALSE POSITIVE,361.54561249,25.28,,190.4475347
9936080,K04431.01,CANDIDATE,19.5650801,4.242,61.7,136.28555
9936080,K04431.02,FALSE POSITIVE,355.79978,5.972,172.3,346.7189
8611344,K04432.01,FALSE POSITIVE,410.99389,12.01,550.0,190.8191
9518651,K04433.01,FALSE POSITIVE,2.17823752,2.259,44.0,132.00513
2305311,K04434.01,FALSE POSITIVE,1.404674486,5.056,155.5,131.55621
6383595,K04231.01,FALSE POSITIVE,24.9097436,3.856,150.2,143.0403
11080405,K02442.02,CONFIRMED,12.3101351,3.797,263.7,141.8765
11509504,K04232.01,CONFIRMED,2.61576515,2.777,120.4,131.97896
6599949,K04233.01,FALSE POSITIVE,409.2452,13.06,531.2,265.2465
11611275,K04234.01,CONFIRMED,6.94245216,3.491,160.8,135.95819
6290935,K04302.01,CANDIDATE,5.53312006,3.486,53.1,132.1648
12734396,K04303.01,CANDIDATE,200.721168,9.91,822.5,280.0733
11612280,K04304.01,CONFIRMED,9.4061364,4.882,79.5,137.7073
5536715,K04305.01,FALSE POSITIVE,0.935086665,1.12,71.2,131.52593
8149484,K04306.01,FALSE POSITIVE,1.489457454,3.028,56.3,131.99809
12407623,K04370.01,FALSE POSITIVE,1.181165291,1.013,370.4,132.42522
11444514,K04371.01,CONFIRMED,66.373298,8.559,415.0,174.01595
9886361,K02732.02,CONFIRMED,13.61165024,7.617,95.5,144.16808
9702006,K04372.01,CONFIRMED,6.24564633,2.459,212.0,137.16241
6778008,K04373.01,FALSE POSITIVE,0.945829261,1.715,98.2,132.09286
8278685,K04435.01,CANDIDATE,10.8614163,6.02,64.8,136.8213
8308260,K04436.01,FALSE POSITIVE,0.973160836,0.864,138.3,132.25412
8492101,K04437.01,FALSE POSITIVE,4.05943749,3.245,105.4,133.1883
6103377,K03004.02,CANDIDATE,7.03965141,3.141,268.7,137.41892
3660581,K07662.01,CANDIDATE,4.72519164,3.751,98.8,131.9997
6343576,K04438.01,FALSE POSITIVE,6.39903778,3.15,186.6,134.7133
10794974,K04235.01,CANDIDATE,66.6434565,2.385,277.3,170.08058
2449101,K04236.01,FALSE POSITIVE,0.739761008,7.589,292.1,131.80913
7259249,K04237.01,FALSE POSITIVE,0.950735805,1.1434,175.1,131.7794
8678691,K04238.01,FALSE POSITIVE,369.819993,20.232,1599.0,179.3674
9640924,K04239.01,FALSE POSITIVE,2.17815935,1.839,116.3,132.02414
3558849,K04307.01,CANDIDATE,160.850075,9.427,428.1,144.5039
11151677,K04308.01,FALSE POSITIVE,0.720460644,1.7846,2111.5,132.012909
11037128,K04309.01,FALSE POSITIVE,3.7948721,1.713,305.1,134.40039
6587002,K00612.03,CONFIRMED,122.0804953,4.054,799.9,155.02532
5175024,K02563.02,CANDIDATE,6.2614227,4.779,51.4,133.2299
10991114,K04374.01,CANDIDATE,3.70386741,1.41,125.7,132.69596
11969092,K04375.01,FALSE POSITIVE,0.638437699,0.3028,286.8,131.592552
2570773,K04376.01,FALSE POSITIVE,1.8912851,6.182,1223.4,132.676
4945764,K04377.01,CANDIDATE,19.8751355,8.041,109.0,148.3935
6356885,K04378.01,FALSE POSITIVE,343.42046,11.11,482.7,327.4112
3542542,K07658.01,FALSE POSITIVE,3.47148164,4.679,122.7,133.7138
11718389,K04444.01,CONFIRMED,5.94373492,1.847,301.0,135.25897
11124703,K04445.01,FALSE POSITIVE,244.60373,10.87,769.8,230.282
10329196,K04446.01,CONFIRMED,85.7567919,5.695,159.1,162.71914
10604592,K04447.01,CONFIRMED,2.18660188,1.585,122.3,131.94832
9834731,K03043.02,CANDIDATE,7.2929891,4.053,72.5,135.6364
9593773,K04240.01,FALSE POSITIVE,3.1339356,4.477,203.7,133.5458
9285568,K04241.01,CONFIRMED,2.55315031,1.849,185.3,132.44849
7604328,K02458.02,CONFIRMED,2.936587946,1.8952,279.6,133.03618
9514372,K04242.01,CANDIDATE,145.786556,4.891,378.0,215.0441
9777757,K04243.01,FALSE POSITIVE,1.33254212,3.848,37.4,132.0554
7103919,K04310.01,CONFIRMED,10.7769944,2.616,185.6,140.2902
3762750,K07668.01,CANDIDATE,2.5093344,1.833,184.3,133.1123
8645191,K04311.01,FALSE POSITIVE,0.918921494,0.9425,321.0,131.68016
10722485,K04312.01,CONFIRMED,7.84931877,3.747,68.2,134.8747
9717958,K04313.01,FALSE POSITIVE,67.7125988,1.538,542.4,149.82165
8128067,K04314.01,FALSE POSITIVE,12.4285576,13.98,620.1,133.7175
7703910,K04379.01,FALSE POSITIVE,1.275511306,1.889,69.3,132.44654
7777818,K04380.01,FALSE POSITIVE,5.78159956,2.222,72.8,136.77178
9851360,K04381.01,FALSE POSITIVE,8.4805019,8.345,164.9,135.8339
9886361,K02732.04,CANDIDATE,24.5607107,8.679,55.2,146.7938
6937529,K04382.01,CONFIRMED,2.94648935,3.155,57.0,132.42208
9490653,K04173.01,FALSE POSITIVE,1.227986164,1.551,150.5,131.84491
3328027,K04174.01,FALSE POSITIVE,2.11548883,4.008,169.5,132.00942
3644631,K07659.01,FALSE POSITIVE,358.96247,23.49,670.8,295.9933
9640931,K04175.01,FALSE POSITIVE,2.17815196,2.445,245.0,132.02208
5125196,K04176.01,FALSE POSITIVE,342.315407,12.476,719.7,157.0157
9640962,K04177.01,FALSE POSITIVE,1.089077224,2.705,152.7,132.02477
5097454,K04244.01,FALSE POSITIVE,1.288066288,6.4616,10082.6,133.273187
12737015,K04245.01,CANDIDATE,24.6683831,8.556,109.2,136.633
3663141,K07663.01,FALSE POSITIVE,2.31894284,5.321,66.5,132.9696
5177859,K04246.01,CONFIRMED,6.98472143,2.724,90.7,135.99731
8482059,K04247.01,CANDIDATE,349.41047,15.02,652.8,241.4685
4568117,K04248.01,FALSE POSITIVE,0.562563871,1.591,34.6,131.73458
10342248,K04315.01,FALSE POSITIVE,0.93373458,4.364,127.7,131.53478
9777290,K04316.01,FALSE POSITIVE,1.33251948,3.733,233.7,132.0885
8548427,K04317.01,FALSE POSITIVE,168.84663,9.75,215.1,231.2295
9286088,K04318.01,CANDIDATE,14.8162925,4.973,108.2,138.3761
6289344,K04319.01,FALSE POSITIVE,160.4122022,4.92,2538.0,262.40022
6937529,K04382.02,CANDIDATE,3.98167088,3.609,44.7,134.9767
9883606,K04383.01,CONFIRMED,4.34195312,2.598,73.3,134.18767
5860968,K04384.01,CONFIRMED,122.358116,10.768,352.8,134.3477
3645438,K04385.01,CONFIRMED,7.298142,3.024,370.5,137.85674
8480582,K04386.01,CONFIRMED,18.5010898,3.179,421.1,149.17569
5197233,K04178.01,CANDIDATE,7.016016,3.8,169.0,133.9561
10936786,K04179.01,FALSE POSITIVE,0.569961046,1.446,44.2,131.80273
7119481,K00566.03,CANDIDATE,42.068554,5.723,186.3,165.0211
6938264,K04180.01,FALSE POSITIVE,1.121634781,1.155,71.5,132.31311
9899315,K04181.01,FALSE POSITIVE,1.33256979,3.293,104.2,132.05279
9541089,K04182.01,FALSE POSITIVE,0.536650896,4.702,273.2,131.709931
3650049,K04249.01,FALSE POSITIVE,397.73699,11.76,1131.5,222.0316
9641076,K04250.01,FALSE POSITIVE,2.17818699,2.686,115.8,132.00477
8741470,K04251.01,CANDIDATE,6.23968392,0.668,155.9,133.72124
11125613,K02485.02,CONFIRMED,3.60082855,1.938,296.3,134.037
10525049,K04252.01,CONFIRMED,15.5714121,2.294,173.5,136.58529
9896018,K02579.02,CONFIRMED,3.59645081,2.661,149.6,132.77209
5095082,K04320.01,CONFIRMED,20.6579443,8.798,98.2,145.6348
12418891,K04321.01,FALSE POSITIVE,0.760941405,1.773,186.6,131.62978
3839294,K07669.01,FALSE POSITIVE,137.665706,3.732,536.9,240.44616
7698701,K04322.01,FALSE POSITIVE,370.90237,10.558,545.8,205.0559
7698701,K04322.02,FALSE POSITIVE,321.55087,5.863,397.0,241.849
2830919,K04387.01,FALSE POSITIVE,1.54038914,1.683,71.8,132.00494
9588822,K04388.01,FALSE POSITIVE,71.76236302,29.435,8591.9,170.095082
2997459,K04389.01,CANDIDATE,16.3368863,3.597,225.9,132.20816
8330207,K04390.01,CANDIDATE,1.63668262,1.907,921.7,131.64586
5881813,K02744.02,CANDIDATE,11.615625,2.233,191.2,131.96843
11560897,K02365.02,CONFIRMED,110.978266,11.312,150.2,147.0226
10858737,K04183.01,FALSE POSITIVE,0.952378454,3.892,43.8,131.85999
6752002,K04184.01,CONFIRMED,6.08003714,1.308,184.0,136.88262
7257966,K04185.01,CONFIRMED,3.035206175,0.6182,696.9,132.3291
3644738,K07660.01,FALSE POSITIVE,358.96844,21.71,807.8,295.8289
9406892,K04186.01,FALSE POSITIVE,2.21316437,3.874,116.1,132.71281
9202434,K04253.01,CANDIDATE,173.2578372,2.027,687.0,194.4584
8487645,K04254.01,FALSE POSITIVE,0.530967987,1.812,26.9,131.72336
10407482,K04255.01,CONFIRMED,6.30558387,2.619,193.1,131.53058
5817613,K04256.01,FALSE POSITIVE,4.2058608,7.39,182.0,132.2913
7901016,K04257.01,CANDIDATE,41.6757509,10.848,142.0,169.791
5385410,K04323.01,CANDIDATE,11.49589567,2.256,108.3,139.38053
9910942,K04324.01,FALSE POSITIVE,8.4803326,5.918,35.6,135.8598
7749002,K04325.01,CANDIDATE,0.609926502,1.2529,133.8,131.80347
10924340,K04326.01,FALSE POSITIVE,0.750744255,1.7921,170.6,132.18261
5371777,K04327.01,CONFIRMED,0.991659646,2.215,77.3,131.53686
3848083,K07670.01,CANDIDATE,8.4795266,6.052,163.3,138.1276
6359926,K04391.01,CANDIDATE,49.4746966,10.46,291.0,166.142
6629993,K04392.01,FALSE POSITIVE,118.609553,22.74,380.9,172.0788
8324518,K04393.01,CANDIDATE,1.62888267,1.72,130.9,132.33899
10427700,K04394.01,FALSE POSITIVE,0.616386349,0.8136,79.4,131.64315
3103473,K04395.01,CANDIDATE,1.920062587,1.437,226.8,131.72678
11296045,K04396.01,FALSE POSITIVE,88.91323139,2.92,,145.6230854
3124598,K04187.01,FALSE POSITIVE,7.07162308,2.587,123.0,136.46253
6879171,K04188.01,CONFIRMED,6.96352699,3.192,68.1,133.01717
9897364,K04189.01,CONFIRMED,64.2729088,12.136,1213.9,186.7353
12505503,K04190.01,CONFIRMED,3.4327371,4.001,63.2,132.92055
3548639,K04191.01,FALSE POSITIVE,13.8452726,2.555,93.2,136.9596
4390912,K07695.01,FALSE POSITIVE,0.687506554,1.441,130.3,131.85964
7115925,K04258.01,FALSE POSITIVE,0.566801617,2.75,24.9,131.80435
5785279,K04259.01,CANDIDATE,0.909127736,1.431,98.7,132.40471
7429287,K04260.01,FALSE POSITIVE,371.63327,14.92,107.0,296.9495
10526887,K04261.01,CONFIRMED,1.450889836,1.753,135.7,132.2306
11125613,K02485.03,CONFIRMED,5.72716067,2.23,310.9,133.96409
3545583,K04328.01,FALSE POSITIVE,407.59415,7.3,462.4,273.5955
9896018,K02579.03,CANDIDATE,10.30148508,3.903,162.7,134.88185
12456063,K04329.01,CANDIDATE,17.8007815,6.547,44.5,134.3839
8374741,K04330.01,FALSE POSITIVE,358.101884,6.393,114.0,425.6837
5096053,K04331.01,CANDIDATE,1.717859841,0.908,66.3,132.92612
11296045,K04396.02,FALSE POSITIVE,46.0771501,3.03,,143.6839655
11296045,K04396.03,FALSE POSITIVE,42.62423329,1.47,,156.1855401
3247503,K04397.01,FALSE POSITIVE,0.447861451,0.8541,265.4,131.9752
5802637,K04398.01,CANDIDATE,7.3422467,2.029,366.8,131.55382
5531694,K00647.02,CANDIDATE,8.1134681,4.961,40.5,132.8253
8733898,K02842.03,CONFIRMED,3.036208739,0.9324,1820.5,134.06146
9828127,K04192.01,CONFIRMED,18.0541469,4.587,283.1,147.7943
7107802,K02420.02,CANDIDATE,5.4675514,3.283,87.2,133.42478
4281068,K07689.01,FALSE POSITIVE,1.01530474,8.7622,16445.2,131.517946
9092496,K04193.01,FALSE POSITIVE,94.180473,7.345,1104.4,200.2662
5644412,K04194.01,CONFIRMED,1.538185321,1.683,277.2,132.49067
9959545,K04195.01,FALSE POSITIVE,1.332567643,4.284,56.7,132.04299
9641144,K04262.01,FALSE POSITIVE,1.089076495,2.274,43.7,132.02703
8572168,K04263.01,FALSE POSITIVE,1.662710314,1.83,85.9,132.44469
4472143,K07696.01,FALSE POSITIVE,472.071079,5.759,252.6,310.7718
12509829,K04264.01,CANDIDATE,0.888478095,1.5312,340.4,131.86943
7368137,K04265.01,FALSE POSITIVE,2.18242002,4.103,69.7,132.39594
9027841,K04266.01,FALSE POSITIVE,0.503999678,0.5421,975.6,131.631544
8953414,K04332.01,FALSE POSITIVE,2.66588544,5.004,167.0,131.6037
2576962,K04333.01,CANDIDATE,309.25581,10.72,421.4,136.2248
10140274,K04334.01,CANDIDATE,2.44232399,1.921,229.0,133.53724
10730070,K04335.01,CONFIRMED,7.61758198,3.545,85.4,137.50008
4458109,K04336.01,FALSE POSITIVE,41.477908,10.45,29.9,144.9193
8345384,K04399.01,CANDIDATE,42.1003351,1.0834,214.0,143.02827
2831055,K04400.01,CONFIRMED,2.20923119,2.392,59.8,131.90288
11044826,K04401.01,FALSE POSITIVE,260.54832,15.52,161.6,218.5525
6681687,K04402.01,FALSE POSITIVE,370.47678,15.69,656.2,307.4992
7703882,K04403.01,CONFIRMED,5.88350251,2.556,217.7,136.9451
8179190,K04196.01,FALSE POSITIVE,0.662457501,1.527,64.1,131.90556
9777724,K04197.01,FALSE POSITIVE,1.33258458,3.222,127.0,132.03624
9072639,K04198.01,CANDIDATE,1.182862515,2.928,22.3,131.97137
5340878,K04199.01,CONFIRMED,0.539915033,1.1466,97.0,131.55207
10273903,K04200.01,FALSE POSITIVE,372.54353,21.83,1106.0,137.9147
7450747,K04267.01,CONFIRMED,2.20829637,2.841,87.9,131.63091
7826620,K04268.01,CONFIRMED,0.849906734,1.141,124.3,131.6741
8890924,K04269.01,CONFIRMED,26.6565737,4.954,163.4,131.59433
8890924,K04269.02,CANDIDATE,4.4408541,8.083,33.9,135.2744
8483241,K04270.01,FALSE POSITIVE,373.72257,14.21,470.9,178.1825
8573193,K04337.01,CONFIRMED,8.18504859,4.673,97.6,134.554
9240664,K04338.01,FALSE POSITIVE,10.78438513,1.408,233.6,141.40685
7673841,K02585.02,CONFIRMED,10.42317343,2.341,71.2,135.15208
7281411,K04339.01,FALSE POSITIVE,0.566804221,4.639,166.0,131.82656
6528141,K04340.01,FALSE POSITIVE,2.022658,3.343,135.7,131.838
8106112,K04404.01,FALSE POSITIVE,316.57747,14.64,269.1,236.5015
4054784,K07679.01,CANDIDATE,1.8679943,1.087,73.4,133.22986
10745365,K04405.01,CANDIDATE,8.9172863,4.468,196.3,139.6051
5563937,K04406.01,FALSE POSITIVE,0.519437968,2.129,226.2,131.78909
8396660,K04407.01,CANDIDATE,1.33807075,1.425,20.2,132.34756
10736179,K04408.01,FALSE POSITIVE,1.105095798,2.624,141.7,132.55178
6119921,K04201.01,FALSE POSITIVE,245.01902,8.56,375.9,268.1105
5084171,K04202.01,CONFIRMED,153.979362,9.028,792.5,165.491
4141587,K07684.01,FALSE POSITIVE,10.2239787,1.814,213.5,135.4415
11968463,K02433.03,CONFIRMED,56.4148314,8.075,480.1,163.128
3834317,K04203.01,FALSE POSITIVE,2.18079098,12.13,83.2,132.39262
10593535,K04204.01,CONFIRMED,20.9254083,6.783,109.0,134.8986
5959719,K02498.02,CONFIRMED,13.0600399,2.851,106.8,144.33107
5992210,K04271.01,FALSE POSITIVE,0.641069613,1.033,78.6,132.14101
4284980,K07690.01,FALSE POSITIVE,2.2430415,3.63,101.1,133.4408
9302543,K04272.01,FALSE POSITIVE,1.21475168,6.93,266.1,131.7581
9716028,K04273.01,CANDIDATE,17.3731821,3.36,71.7,138.28747
6223324,K04274.01,CANDIDATE,1.97507424,2.61,130.5,132.3567
9701962,K04617.01,CONFIRMED,27.4784659,7.5,83.2,148.6101
6685646,K04618.01,FALSE POSITIVE,244.86662,10.56,289.5,141.9596
4574319,K07697.01,FALSE POSITIVE,1.30627214,5.144,95.4,132.0858
7741837,K04619.01,FALSE POSITIVE,62.366706,4.32,95.4,142.3899
11137065,K04620.01,FALSE POSITIVE,0.933732791,3.056,96.9,131.53707
11093335,K04621.01,FALSE POSITIVE,53.106597,2.914,82.4,145.2776
9394768,K04690.01,FALSE POSITIVE,360.15417,12.806,790.6,188.796
9773980,K04691.01,CANDIDATE,3.3879165,1.818,78.6,133.93645
10972902,K04692.01,FALSE POSITIVE,1.42856815,2.132,59.5,132.81461
3832474,K00806.04,FALSE POSITIVE,381.850599,4.772,1702.0,296.4969
12004971,K03194.01,FALSE POSITIVE,10.81315417,1.275,80.3,131.65931
3644602,K04479.01,FALSE POSITIVE,359.08368,15.67,618.7,415.3834
10467714,K04480.01,CANDIDATE,58.7488629,3.191,473.6,172.65025
11912941,K04481.01,FALSE POSITIVE,3.74784374,3.658,116.5,134.19157
4141593,K07685.01,CANDIDATE,64.740274,15.082,113.1,149.9922
7778427,K04482.01,CANDIDATE,5.38299284,3.336,35.1,136.239
6525106,K04483.01,FALSE POSITIVE,1.71028117,2.61,111.6,131.62619
6523058,K04549.01,CANDIDATE,2.0481582,1.899,183.3,132.17679
5977470,K04550.01,CONFIRMED,140.251943,6.576,567.7,175.137
11769689,K04551.01,CANDIDATE,14.7179342,5.844,132.3,135.6498
4355503,K07691.01,FALSE POSITIVE,0.570828503,0.915,174.4,131.58958
6119923,K04552.01,FALSE POSITIVE,134.4665,5.27,1032.0,265.424
6126076,K04553.01,FALSE POSITIVE,0.909314811,2.2053,40.5,131.72281
11284772,K04622.01,CONFIRMED,207.24785,6.159,809.2,213.03458
9209183,K04623.01,FALSE POSITIVE,186.55347,13.57,334.5,173.0531
6153407,K03179.01,CONFIRMED,5.99078221,1.699,69.9,134.53899
5955621,K04624.01,FALSE POSITIVE,14.0801852,3.402,90.7,137.3331
11519187,K04625.01,CONFIRMED,2.440839436,0.968,509.5,133.8407
8417078,K04693.01,CONFIRMED,23.6223571,6.852,57.0,146.9643
9457948,K04694.01,CANDIDATE,19.2527652,4.862,138.5,144.2659
4852297,K04695.01,FALSE POSITIVE,3.28931936,1.921,166.0,133.90141
9851845,K04696.01,FALSE POSITIVE,1.08195208,4.807,33.6,131.5252
9474483,K04697.01,FALSE POSITIVE,0.512583041,1.498,114.3,131.77571
4072271,K07680.01,CANDIDATE,219.20579,14.5,207.8,327.891
9898017,K04484.01,CONFIRMED,2.29794819,2.84,83.2,131.49826
8613218,K04485.01,FALSE POSITIVE,368.11581,13.52,476.2,227.4962
8548069,K04486.01,FALSE POSITIVE,368.52466,11.9,680.3,236.3783
6278762,K03158.02,CONFIRMED,4.54586982,1.756,76.5,131.52442
8098212,K04487.01,CANDIDATE,3.48754109,1.811,85.1,134.16018
3127911,K03164.01,FALSE POSITIVE,0.542498653,4.257,54.9,132.0117
6369131,K04554.01,CANDIDATE,8.0772455,7.272,79.2,132.649
7820699,K04555.01,CANDIDATE,364.08733,14.09,372.0,287.6056
10399321,K04556.01,FALSE POSITIVE,21.5819776,13.734,47.6,146.0691
10257229,K04557.01,CANDIDATE,5.75651958,2.309,65.3,136.97726
3539231,K04626.01,CANDIDATE,91.95723,10.471,308.4,183.0248
6311891,K04627.01,CANDIDATE,7.51731745,2.484,170.7,137.59704
7837733,K04628.01,FALSE POSITIVE,3.08723626,2.615,101.9,132.90519
2578017,K04629.01,FALSE POSITIVE,0.592562969,3.0869,1546.4,131.9017
7834045,K04630.01,CANDIDATE,44.6966177,10.532,257.3,155.6611
10663738,K04698.01,CANDIDATE,8.5275894,2.959,112.5,137.2755
7891294,K04699.01,CANDIDATE,3.07714195,3.571,34.2,133.4849
9413156,K04700.01,CANDIDATE,3.83488354,2.026,243.0,135.08701
8625732,K04701.01,FALSE POSITIVE,31.97181,12.277,117.4,133.8728
2831251,K04702.01,FALSE POSITIVE,5.81289843,3.979,76.3,131.5613
6721380,K04488.01,FALSE POSITIVE,6.44173995,1.635,107.7,136.77753
7694615,K04489.01,FALSE POSITIVE,0.631106722,0.9942,49.2,131.89801
6201203,K04490.01,FALSE POSITIVE,176.17377,14.58,349.9,144.8337
4556468,K04491.01,CONFIRMED,114.336052,14.077,239.8,216.7966
9222516,K04492.01,FALSE POSITIVE,0.63938062,1.2067,308.0,131.894673
5431027,K04558.01,CANDIDATE,8.8233996,6.735,104.6,136.8921
7285673,K04559.01,FALSE POSITIVE,0.566801045,1.7499,188.3,131.79795
5282437,K04560.01,FALSE POSITIVE,0.992799002,3.4878,1653.0,131.70842
7747457,K04561.01,CONFIRMED,1.5184181,2.842,196.8,132.138
8652360,K04562.01,FALSE POSITIVE,0.96807117,1.677,104.8,132.44697
9602421,K04631.01,FALSE POSITIVE,3.55661906,5.396,23.3,133.4975
6070337,K04632.01,CANDIDATE,40.0691482,2.928,784.1,143.73713
5954001,K04633.01,CANDIDATE,11.6933447,6.551,66.9,142.6574
4373195,K07692.01,FALSE POSITIVE,0.56256804,1.686,4.5,131.72497
5090937,K03182.01,FALSE POSITIVE,8.79991878,41.564,869.1,132.88614
8196226,K04634.01,CANDIDATE,4.02745396,1.33,85.2,133.12194
9002538,K03196.01,CANDIDATE,4.96061094,2.864,20.4,135.32139
6359175,K04703.01,FALSE POSITIVE,349.03703,4.76,777.0,331.8869
8104207,K04704.01,FALSE POSITIVE,177.8135,9.76,417.7,205.1936
5642688,K04705.01,CANDIDATE,1.4733245,1.406,124.0,132.85599
10026502,K04706.01,CONFIRMED,101.952048,5.991,152.5,206.3499
3953173,K04493.01,FALSE POSITIVE,2.41795911,2.727,100.5,132.5063
8037926,K04494.01,FALSE POSITIVE,183.854867,14.996,520.6,211.4887
5552562,K04495.01,CANDIDATE,5.93218209,4.507,205.3,135.63378
6186182,K04496.01,CANDIDATE,96.384483,5.253,591.0,144.86825
4073017,K07681.01,CANDIDATE,6.05552018,2.818,134.6,131.59851
9002278,K00701.05,CONFIRMED,12.4418003,3.572,78.4,134.6507
10585749,K04563.01,CANDIDATE,54.333582,10.545,152.0,144.7536
9579208,K03165.01,CANDIDATE,4.11754421,4.362,34.3,132.79189
6437617,K04564.01,FALSE POSITIVE,293.60581,11.07,165.3,373.1896
8453851,K04565.01,FALSE POSITIVE,2.78801663,17.354,14.0,132.5612
11650401,K04566.01,CONFIRMED,3.94660745,2.705,309.4,132.24892
9873759,K04635.01,FALSE POSITIVE,4.99473798,3.05,99.5,136.1785
9773270,K04636.01,CANDIDATE,122.749053,8.342,1041.2,170.9953
9457728,K04637.01,CANDIDATE,4.37992345,4.949,15.5,133.99121
9516728,K04638.01,FALSE POSITIVE,368.48518,11.26,301.8,174.9473
4825872,K04639.01,FALSE POSITIVE,169.894419,2.525,178.7,201.4552
4680772,K04707.01,FALSE POSITIVE,26.190289,2.148,51.8,143.22089
8110733,K04708.01,FALSE POSITIVE,203.511886,3.671,167.1,329.4945
2303903,K04709.01,CANDIDATE,3.70858595,1.94,305.4,134.47308
9278216,K04710.01,CANDIDATE,9.4527721,3.817,197.3,135.7805
8355131,K04711.01,CANDIDATE,4.3638313,1.457,194.1,135.33772
6278762,K03158.03,CONFIRMED,6.18943952,2.3316,83.2,134.78
12645057,K04497.01,CANDIDATE,6.83006228,3.315,187.4,135.76099
4844367,K04498.01,CANDIDATE,17.1622587,4.668,312.2,148.6441
10937749,K04499.01,CANDIDATE,5.19898615,2.359,136.8,133.05317
9100953,K04500.01,CONFIRMED,8.70179611,3.048,304.1,138.24633
8332521,K04567.01,CANDIDATE,14.74426,8.168,113.6,135.04
10407086,K04568.01,FALSE POSITIVE,0.933747395,4.798,30.9,131.51671
4073089,K07682.01,FALSE POSITIVE,58.873429,17.487,226471.0,153.9076
6065351,K04569.01,FALSE POSITIVE,14.1166583,9.12,449.3,136.3632
4060229,K04570.01,CANDIDATE,35.0175053,3.608,292.0,139.8496
6761777,K04571.01,CONFIRMED,47.3128645,11.444,217.4,146.3073
4825872,K04639.02,FALSE POSITIVE,29.6990126,1.849,93.3,135.6251
9412623,K04640.01,CONFIRMED,6.1082945,3.493,61.1,131.8756
3644505,K04641.01,FALSE POSITIVE,119.72007,9.48,115.6,175.8762
4664743,K04642.01,FALSE POSITIVE,1.27839331,6.343,19.5,132.0902
4735826,K03184.01,CONFIRMED,7.545922037,4.0329,22.2,134.4902954
6593734,K04722.01,FALSE POSITIVE,0.58675746,1.508,143.8,131.75424
8443527,K03197.01,CANDIDATE,22.599501,4.38,76.9,152.9112
9711297,K04723.01,FALSE POSITIVE,373.74856,28.18,797.8,305.2558
8395860,K04724.01,FALSE POSITIVE,20.8822079,4.556,1107.0,151.6953
7778621,K04725.01,CONFIRMED,7.28171395,1.723,111.6,137.30085
5956354,K04726.01,FALSE POSITIVE,8.0386699,3.549,142.0,135.3098
9100953,K04500.02,CONFIRMED,44.9851885,4.164,617.8,150.5703
8109107,K04501.01,FALSE POSITIVE,6.67410577,3.645,160.9,136.9407
6200529,K04502.01,FALSE POSITIVE,374.92478,18.05,610.0,265.3585
10907132,K04503.01,CANDIDATE,5.89089509,2.402,267.7,132.43645
6520753,K04504.01,CANDIDATE,4.13029832,2.461,325.3,133.5272
6929285,K04572.01,FALSE POSITIVE,4.60690612,4.176,137.5,135.19221
4848321,K04573.01,FALSE POSITIVE,1.50178705,2.936,86.7,131.56426
12255382,K03167.01,FALSE POSITIVE,0.499664962,1.6123,34.3,131.62724
6522745,K04574.01,FALSE POSITIVE,17.4453935,6.39,501.7,135.7609
9893468,K04575.01,CANDIDATE,201.325036,14.4,125.4,174.7724
11655826,K04643.01,CANDIDATE,5.59346375,1.668,236.5,131.50752
1721157,K04644.01,CANDIDATE,3.44928111,1.424,237.0,133.38221
11076276,K04645.01,FALSE POSITIVE,1.4725859,2.953,84.4,132.92731
12012439,K04646.01,FALSE POSITIVE,2.97607935,4.606,130.4,132.953
9947653,K04647.01,CANDIDATE,37.9043889,11.638,98.2,163.7386
4374610,K04712.01,FALSE POSITIVE,1.44438449,2.704,75.4,132.75645
9002538,K03196.02,CANDIDATE,6.88297756,2.065,30.4,134.16424
5253802,K04713.01,CANDIDATE,8.7963166,4.696,96.5,134.3262
12554634,K04714.01,CANDIDATE,2.049602348,1.061,186.1,132.32639
6264750,K04715.01,CANDIDATE,53.285584,6.492,158.6,172.297
11290515,K04716.01,CANDIDATE,5.8943338,3.475,28.9,134.10692
6520753,K04504.02,CANDIDATE,8.119343,3.558,350.4,135.1862
6278762,K03158.04,CONFIRMED,7.74347801,2.7878,77.8,135.09417
8493354,K04505.01,CANDIDATE,18.0071438,5.401,80.8,138.31266
4545570,K04506.01,CONFIRMED,5.60473115,2.885,210.0,131.62861
7598111,K04507.01,FALSE POSITIVE,132.778041,5.624,9036.0,188.4972
5457326,K04508.01,CANDIDATE,2.49915311,1.803,179.2,133.08978
8240746,K04576.01,FALSE POSITIVE,184.568,13.09,409.9,173.6314
10610039,K04577.01,CANDIDATE,105.997107,3.751,430.8,144.41965
9652655,K04578.01,FALSE POSITIVE,2.48882685,3.487,80.2,132.12332
10140843,K04579.01,FALSE POSITIVE,367.19796,15.92,146.1,134.1748
8628761,K04580.01,CANDIDATE,6.30432354,2.508,40.0,137.29688
10473272,K04648.01,FALSE POSITIVE,17.6604653,2.837,309.2,137.3914
4750669,K04649.01,CANDIDATE,3.38419892,1.485,228.2,131.9355
9824928,K04650.01,FALSE POSITIVE,1.69999106,3.289,95.6,131.6296
6717252,K04651.01,CANDIDATE,1.19260017,1.502,58.0,132.66994
5817685,K04652.01,FALSE POSITIVE,4.2059745,8.006,41.2,132.2828
4902202,K04717.01,CANDIDATE,216.456055,11.067,1002.8,175.3753
7282042,K04718.01,FALSE POSITIVE,0.566803216,3.325,20.2,131.80982
7523542,K04719.01,FALSE POSITIVE,365.13981,4.46,531.0,156.6413
3109937,K04720.01,FALSE POSITIVE,37.809539,7.547,487.4,158.4002
9386171,K04721.01,FALSE POSITIVE,381.18654,9.73,985.0,136.2434
11350118,K04509.01,CANDIDATE,12.003678,2.799,281.7,134.71007
11671579,K04510.01,CONFIRMED,5.17624997,5.261,78.7,133.7381
11553598,K04511.01,FALSE POSITIVE,370.62071,12.58,344.3,311.1842
12069414,K04512.01,FALSE POSITIVE,0.589458602,0.8278,158.4,131.82156
9216775,K04513.01,CONFIRMED,3.91794676,2.549,116.5,132.86384
2572029,K04581.01,CANDIDATE,6.0059966,3.096,39.2,133.404
7905106,K04582.01,CANDIDATE,4.22426989,4.22,13.6,132.3611
9007151,K04583.01,CANDIDATE,330.906041,3.846,740.0,253.8224
4450844,K03168.01,CANDIDATE,56.3479517,8.789,43.6,163.3795
8443265,K04584.01,FALSE POSITIVE,0.614701901,0.947,131.6,132.08465
3240406,K03185.01,FALSE POSITIVE,0.934181579,3.943,12.1,132.39492
11181260,K04653.01,CANDIDATE,19.9778599,5.96,83.4,135.165
5090803,K04654.01,FALSE POSITIVE,379.65261,19.04,82.3,284.965
2558163,K04655.01,CANDIDATE,17.543847,5.948,196.3,138.9151
8107611,K04656.01,CANDIDATE,3.8183717,2.687,50.8,133.90812
8377197,K04727.01,FALSE POSITIVE,1.215181097,1.295,39.7,131.50904
6137779,K04728.01,FALSE POSITIVE,21.5324915,4.156,100.5,131.87749
11913072,K04729.01,FALSE POSITIVE,3.74779583,3.157,88.5,134.2022
8752940,K04730.01,CANDIDATE,9.07829171,0.783,530.9,138.25933
9083470,K04731.01,FALSE POSITIVE,0.91842238,5.664,162.9,131.5859
5783732,K04514.01,FALSE POSITIVE,373.43233,16.5,166.7,297.3505
6278762,K03158.05,CONFIRMED,9.74048508,1.6993,121.4,134.87916
7900100,K04515.01,FALSE POSITIVE,397.73781,13.08,460.8,171.6552
9849884,K04516.01,FALSE POSITIVE,5.35745121,2.592,78.2,131.62784
11243547,K04517.01,FALSE POSITIVE,2.16132662,4.487,112.2,131.90236
4384909,K07693.01,CANDIDATE,6.41097179,2.582,233.5,132.9844
9009036,K04585.01,CONFIRMED,6.76289308,6.204,50.9,135.6771
11506654,K04586.01,CANDIDATE,75.2116373,3.203,362.6,202.30222
5687700,K04587.01,CANDIDATE,6.36283414,3.752,159.4,131.8069
8806985,K04588.01,CANDIDATE,7.53737498,3.966,41.1,135.80956
10491525,K04589.01,FALSE POSITIVE,1.09844642,1.528,45.0,132.4402
3859042,K07675.01,FALSE POSITIVE,25.94947,15.7,238.3,148.9734
6527078,K04657.01,CANDIDATE,7.57600886,3.361,49.0,135.6293
4946049,K04658.01,FALSE POSITIVE,1.8789138,4.279,30.2,133.06338
2857607,K04659.01,CONFIRMED,41.8681996,5.783,150.7,146.9767
5559651,K04660.01,FALSE POSITIVE,0.514771509,1.256,43.4,131.94435
5962262,K04661.01,CONFIRMED,8.61742738,2.713,154.9,133.50863
5437348,K04448.01,FALSE POSITIVE,35.945188,8.23,72.6,146.6937
8429668,K04449.01,FALSE POSITIVE,5.00749378,2.898,56.6,134.69035
7429240,K04450.01,CONFIRMED,196.436796,8.556,631.9,173.692
10120548,K04451.01,CANDIDATE,8.8303681,3.426,296.2,134.80059
4474462,K04452.01,CANDIDATE,12.85755895,4.831,106.5,141.85597
7032001,K04518.01,FALSE POSITIVE,0.566810643,3.471,45.6,131.80277
4141593,K07685.02,CANDIDATE,33.502923,11.947,70.9,158.6469
10003058,K04519.01,CANDIDATE,148.568877,4.399,404.4,139.60402
9031703,K04520.01,CANDIDATE,9.3335486,6.643,71.2,137.6177
6199864,K04521.01,FALSE POSITIVE,262.477098,5.816,1016.0,173.1293
9577855,K04522.01,FALSE POSITIVE,2.21030572,2.492,92.0,133.57674
12204137,K04590.01,CANDIDATE,9.54060855,1.869,462.0,131.91276
4386607,K07694.01,FALSE POSITIVE,5.99321872,3.92,203.2,133.6359
5389956,K04591.01,CANDIDATE,1.80926734,2.469,98.0,132.6883
12108364,K04592.01,FALSE POSITIVE,0.70544189,1.772,133.5,131.6954
8295671,K04593.01,FALSE POSITIVE,0.981399749,0.5051,158.3,132.12493
10662202,K00750.02,CANDIDATE,5.04413987,1.623,172.0,132.51986
10407210,K04662.01,FALSE POSITIVE,0.933728755,4.363,13.5,131.54241
7457278,K03188.01,FALSE POSITIVE,12.607591424,29.1267,79.5,136.8554856
3934657,K07676.01,CANDIDATE,5.3694084,3.949,40.0,133.8117
7515336,K04663.01,CANDIDATE,5.65690281,3.583,32.2,131.5761
8984755,K04664.01,FALSE POSITIVE,0.734573766,1.295,68.4,131.59872
7366895,K04665.01,FALSE POSITIVE,289.86046,11.103,234.5,258.5572
10729472,K04453.01,FALSE POSITIVE,357.13089,13.04,330.5,157.7985
6200612,K04454.01,FALSE POSITIVE,370.50684,12.132,418.6,150.8212
9777200,K04455.01,FALSE POSITIVE,1.332580225,2.057,46.3,132.03999
3557560,K04456.01,CANDIDATE,7.4299322,4.013,164.9,138.7701
12109267,K04457.01,CANDIDATE,79.334347,10.886,164.9,144.0233
8700895,K04523.01,CANDIDATE,5.68251605,3.479,81.2,131.6745
5003670,K04524.01,CONFIRMED,7.99144696,3.639,145.0,136.25855
5200084,K03159.01,FALSE POSITIVE,2.9039446,10.542,13.1,133.8526
4144873,K07686.01,FALSE POSITIVE,68.538296,3.627,1087.0,186.21716
5003670,K04524.02,CANDIDATE,4.52628739,3.736,99.6,134.32065
9171886,K04525.01,FALSE POSITIVE,369.7985,12.564,1106.4,173.3282
3337061,K03172.02,FALSE POSITIVE,6.5588346,3.034,41.2,133.8215
5696918,K04594.01,FALSE POSITIVE,0.643007769,0.69,68.1,131.68588
12265786,K04595.01,CANDIDATE,0.597018404,0.4778,245.4,131.71277
8487838,K04596.01,FALSE POSITIVE,1.061937837,2.31,52.0,131.7269
10873178,K04597.01,CANDIDATE,4.82025124,2.129,94.1,134.81355
11337012,K04666.01,CANDIDATE,12.4019263,4.043,211.1,141.1769
8359569,K04667.01,CANDIDATE,152.823896,7.734,456.2,147.5443
8937762,K04668.01,FALSE POSITIVE,15.07277287,0.7794,345.0,143.96955
2720828,K04669.01,FALSE POSITIVE,1.71659304,1.154,138.0,131.6976
9837828,K04670.01,CANDIDATE,6.80899076,2.077,1192.0,132.19078
4857058,K03061.02,CANDIDATE,77.915425,8.274,178.8,160.9193
8652577,K04458.01,FALSE POSITIVE,358.818895,2.503,666.1,416.5775
8804937,K04459.01,FALSE POSITIVE,181.3537,16.19,455.0,190.4847
9947389,K04460.01,CANDIDATE,284.727213,10.299,355.3,142.0923
11912987,K04461.01,FALSE POSITIVE,3.74786694,3.632,80.9,134.17739
3765917,K04526.01,CANDIDATE,30.5392931,6.887,428.2,156.7026
4136659,K07683.01,FALSE POSITIVE,0.913244995,0.4931,47.8,132.18552
3438976,K04527.01,FALSE POSITIVE,2.97599368,4.023,55.0,132.9759
7833305,K04528.01,CANDIDATE,8.31224474,2.663,70.8,139.67706
6610064,K04529.01,FALSE POSITIVE,0.584148495,1.6192,66.2,131.84461
12647577,K04530.01,CANDIDATE,12.6362048,3.961,124.0,134.4588
5476671,K04598.01,FALSE POSITIVE,0.824180121,2.839,208.1,132.10276
7335972,K04599.01,FALSE POSITIVE,0.579770948,1.0377,467.9,132.081304
4252671,K07687.01,CANDIDATE,23.266633,8.315,49.9,132.4386
2694632,K04600.01,FALSE POSITIVE,0.92225589,4.227,33.0,131.8088
11153476,K04601.01,CANDIDATE,7.94004281,3.282,81.9,135.4315
6144039,K04602.01,CANDIDATE,2.85855049,2.341,85.4,132.28415
5428471,K04671.01,FALSE POSITIVE,0.75499096,2.485,215.8,131.8315
7283710,K04672.01,FALSE POSITIVE,353.40191,6.681,948.0,403.2834
5985713,K03190.01,CANDIDATE,8.95294046,2.995,44.0,134.33731
10794509,K04673.01,FALSE POSITIVE,1.428596987,2.1401,50.0,132.79165
6839010,K04674.01,CANDIDATE,4.84350003,3.045,50.2,134.81488
9775385,K04462.01,CANDIDATE,45.163025,7.03,130.3,159.8536
6197344,K04463.01,CANDIDATE,36.7614011,15.982,160.9,137.7551
11357664,K04464.01,CANDIDATE,4.373570433,0.623,366.0,133.82814
2576224,K04465.01,FALSE POSITIVE,2.21701025,2.148,29.4,131.80305
3967501,K07677.01,FALSE POSITIVE,43.0759115,90.95,3452.0,160.13883
7272132,K04466.01,CANDIDATE,154.674369,9.35,435.8,177.3621
6437226,K04531.01,FALSE POSITIVE,372.62637,18.52,542.0,307.8836
2710623,K04532.01,FALSE POSITIVE,1.02087831,2.429,33.4,131.66089
3330684,K04533.01,FALSE POSITIVE,1.26132769,1.244,109.7,132.4274
2696703,K03161.01,FALSE POSITIVE,6.09406648,2.085,3027.0,133.65981
7699298,K04534.01,FALSE POSITIVE,1.1578141,3.253,54.8,132.43684
8430053,K04603.01,CANDIDATE,15.9513866,2.285,99.2,146.45425
7115661,K03174.01,FALSE POSITIVE,0.566800926,4.407,264.5,131.81666
2853889,K04604.01,FALSE POSITIVE,24.1876477,2.654,194.8,145.8464
12458605,K04605.01,CANDIDATE,7.7859111,7.788,45.5,137.8734
4845862,K04606.01,FALSE POSITIVE,2.44926655,2.988,108.2,132.82121
10130057,K04675.01,FALSE POSITIVE,2.17812826,2.601,100.8,132.03068
4953173,K04676.01,CANDIDATE,31.183688,6.14,139.8,155.9588
9838608,K04677.01,FALSE POSITIVE,1.33259494,2.783,92.7,132.0286
4247811,K04678.01,FALSE POSITIVE,2.05048377,3.67,60.5,133.2849
6543645,K04679.01,FALSE POSITIVE,1.19550618,3.337,26.9,132.3006
5352640,K04467.01,CANDIDATE,2.94242323,1.519,293.3,133.86084
8738244,K03157.01,FALSE POSITIVE,0.683082998,4.409,143.3,131.73271
4157052,K04468.01,FALSE POSITIVE,0.791771167,2.4463,509.2,131.523083
10006641,K04469.01,FALSE POSITIVE,0.894172544,0.8302,86.2,131.51006
10815916,K04470.01,FALSE POSITIVE,1.68207624,1.519,54.7,132.12513
3547760,K04535.01,FALSE POSITIVE,9.8480917,3.079,141.9,136.80247
7281484,K04536.01,FALSE POSITIVE,0.566800593,3.909,12.3,131.8233
4848115,K04537.01,FALSE POSITIVE,0.969602551,1.728,111.0,131.93121
4048898,K07678.01,CANDIDATE,13.0914878,2.037,37.5,143.75198
5991765,K04538.01,FALSE POSITIVE,9.25801294,2.854,88.1,132.88335
3962872,K04539.01,FALSE POSITIVE,25.9554044,8.491,122.7,148.7989
11912911,K04607.01,FALSE POSITIVE,3.74788208,4.183,153.4,134.1709
7045435,K04608.01,FALSE POSITIVE,0.93479255,4.5838,247.5,131.88578
2972800,K04609.01,FALSE POSITIVE,361.43653,9.08,271.9,421.747
8573168,K04610.01,FALSE POSITIVE,0.89628253,1.397,86.4,131.54972
10801249,K04611.01,FALSE POSITIVE,1.67495622,2.994,35.9,131.8099
4587135,K04680.01,CANDIDATE,54.0812235,6.279,411.1,145.2689
3857860,K04681.01,FALSE POSITIVE,8.2344072,2.808,59.2,137.4733
5024252,K04682.01,FALSE POSITIVE,2.15052332,3.447,115.5,132.3132
7430876,K03193.01,FALSE POSITIVE,32.6122381,2.886,1321.4,144.55067
4843592,K04683.01,FALSE POSITIVE,0.967073359,2.4875,773.5,131.604602
9602775,K04684.01,FALSE POSITIVE,3.5564279,6.998,131.4,133.5377
8955709,K04471.01,FALSE POSITIVE,0.942997994,1.1658,539.2,132.24469
7031430,K04472.01,FALSE POSITIVE,0.566796775,5.471,144.1,131.83811
7133294,K04473.01,CONFIRMED,13.6471211,8.331,75.0,132.2552
4381429,K04474.01,CONFIRMED,16.473474,4.201,470.5,142.68604
11912916,K04475.01,FALSE POSITIVE,3.74788322,3.45,242.6,134.17324
12108293,K04540.01,FALSE POSITIVE,0.705455349,2.469,74.9,131.67764
5301093,K07724.01,FALSE POSITIVE,488.67353,12.35,691.0,519.7805
5511659,K04541.01,CANDIDATE,8.5291223,3.241,325.4,135.74043
9640946,K04542.01,FALSE POSITIVE,1.08906057,2.743,76.2,132.0391
9776186,K04543.01,FALSE POSITIVE,1.48922187,1.882,613.6,132.3722
9752973,K03162.01,FALSE POSITIVE,0.716709761,0.6969,68.4,132.05103
8044600,K04612.01,FALSE POSITIVE,4.1083812,3.279,352.8,134.8932
10220837,K04613.01,CONFIRMED,1.962282625,1.45,68.3,131.53585
10991239,K03178.01,FALSE POSITIVE,0.523629052,3.443,122.0,131.63487
7583650,K04614.01,CANDIDATE,6.4546845,3.071,69.9,135.5436
9345819,K04615.01,FALSE POSITIVE,1.04588635,2.833,102.7,131.9887
9180566,K04616.01,FALSE POSITIVE,51.31346091,3.94,,162.7018814
3867794,K04685.01,CANDIDATE,0.494247662,1.2443,224.9,131.84441
5819801,K04686.01,CANDIDATE,11.8299383,5.168,41.4,138.3039
11092040,K04687.01,FALSE POSITIVE,419.92898,14.55,233.5,134.7701
4851145,K04688.01,FALSE POSITIVE,1.23521458,0.918,89.5,131.9681
10292540,K04689.01,FALSE POSITIVE,1.085229874,0.652,238.1,132.10036
3732894,K04476.01,FALSE POSITIVE,1.540379557,2.026,76.9,132.00637
6276791,K04477.01,CANDIDATE,5.30179786,2.24,197.2,135.9927
6278762,K03158.01,CONFIRMED,3.60011712,2.396,50.2,133.25983
6276791,K04477.02,CONFIRMED,9.32867952,1.572,354.4,135.87513
8636600,K04478.01,CONFIRMED,6.38671206,1.201,223.7,131.52991
10220950,K04544.01,FALSE POSITIVE,158.348345,10.55,899.0,260.2924
10140122,K04545.01,CANDIDATE,0.849362238,1.36,114.9,132.14191
5033823,K04546.01,CANDIDATE,0.741768294,0.4164,60.3,131.57747
10342316,K04547.01,FALSE POSITIVE,0.93376962,7.023,125.8,132.4211
5305399,K07725.01,FALSE POSITIVE,322.48381,22.99,1023.4,189.1585
3223433,K04548.01,CANDIDATE,61.083322,10.396,227.5,132.494
8803757,K04904.01,CANDIDATE,3.5944891,2.557,89.9,132.36207
12021811,K04905.01,FALSE POSITIVE,0.739404894,1.753,246.8,131.69907
9479306,K04906.01,CANDIDATE,4.8608059,1.966,252.1,135.76776
5437762,K04907.01,CANDIDATE,4.04481159,2.479,33.0,133.60007
3962684,K04908.01,FALSE POSITIVE,25.949641315,11.6411,67.8,148.9825267
4730442,K07702.01,FALSE POSITIVE,1.71051215,1.284,42.2,131.65812
9447166,K03296.01,CONFIRMED,62.869463,6.842,341.7,166.0137
9643043,K03297.01,FALSE POSITIVE,84.8062818,9.0006,9936.0,192.37227
8151055,K03298.01,CONFIRMED,29.9632816,2.6,893.2,149.94353
7177555,K03299.01,FALSE POSITIVE,17.99643716,4.164,36923.0,134.910537
3348082,K01196.02,CONFIRMED,11.63486009,5.466,292.3,140.50071
4996057,K07712.01,CANDIDATE,4.8302364,7.983,22.5,134.9522
8349399,K04763.01,CANDIDATE,56.446465,7.371,147.9,170.59
6043562,K04764.01,CANDIDATE,31.4202111,4.021,390.5,132.7457
10615440,K04765.01,CONFIRMED,10.8118317,2.627,76.8,137.13426
4919550,K04766.01,CANDIDATE,5.56676609,1.812,173.8,132.49956
5802292,K04767.01,FALSE POSITIVE,1.208528832,1.336,180.8,131.97963
5126932,K07718.01,FALSE POSITIVE,208.18711785,2.5404,394.7,146.5337609
10034146,K04835.01,FALSE POSITIVE,0.93198504,2.0472,326.6,131.62897
4175105,K04836.01,FALSE POSITIVE,0.60818508,0.909,144.7,131.62275
5645170,K04837.01,CANDIDATE,5.38613715,1.943,169.3,133.95782
8216763,K04838.01,CANDIDATE,13.2965044,5.68,133.4,136.5669
9110610,K04839.01,CANDIDATE,21.8420304,3.843,79.5,150.82731
2437897,K04909.01,FALSE POSITIVE,1.65320144,1.525,132.1,132.40988
9307966,K04910.01,FALSE POSITIVE,3.37487541,3.085,53.8,132.48977
5556726,K03223.01,FALSE POSITIVE,0.962825082,2.8464,118.1,132.21375
2554853,K04911.01,FALSE POSITIVE,309.494217,13.716,292.0,375.9225
5208962,K04912.01,CANDIDATE,0.876850385,1.534,59.2,131.77033
7889486,K03300.01,FALSE POSITIVE,24.2382519,2.703,465.5,136.62118
7889486,K03300.02,FALSE POSITIVE,24.2416103,5.137,323.4,155.0323
4742188,K07703.01,CANDIDATE,413.51856,10.395,391.1,374.3587
8301878,K03301.01,CANDIDATE,20.7106368,2.693,142.5,140.89982
8233802,K03302.01,FALSE POSITIVE,69.3788597,3.807,530.4,154.19137
7510820,K03303.01,CONFIRMED,29.3493852,4.313,659.2,148.46564
10221505,K04768.01,CANDIDATE,3.43633133,0.675,473.5,132.42697
6116035,K04769.01,FALSE POSITIVE,449.57274,9.328,221.4,153.3061
8958359,K04770.01,FALSE POSITIVE,245.059374,9.549,165.0,301.678
11658036,K04771.01,CANDIDATE,142.703888,5.808,225.5,212.0311
8397947,K04772.01,CANDIDATE,3.38080537,3.275,200.9,133.94842
6665860,K04840.01,CANDIDATE,10.4716194,4.512,123.9,136.2877
7983117,K03214.01,CONFIRMED,11.49500229,7.602,51.4,141.27511
5480884,K04841.01,FALSE POSITIVE,0.708726708,0.753,313.6,132.08629
12506417,K04842.01,FALSE POSITIVE,283.72675,15.49,84.6,392.671
10187563,K04843.01,FALSE POSITIVE,373.60683,8.752,534.8,246.5809
5769810,K04913.01,CANDIDATE,6.78788113,2.26,73.1,136.3345
12071754,K04914.01,CANDIDATE,5.47455167,3.71,73.2,133.55529
10384298,K03224.01,CANDIDATE,3.43861067,1.264,46.8,132.68641
3109550,K03225.01,CANDIDATE,4.8754765,1.902,39.6,133.29167
5544450,K03226.01,FALSE POSITIVE,4.29388808,3.618,110.6,133.51002
9307105,K03304.01,FALSE POSITIVE,13.5437884,5.7076,6608.7,135.27623
6880517,K03305.01,CONFIRMED,65.6491001,7.298,983.9,174.79319
6615511,K03306.01,CONFIRMED,25.1593389,5.198,358.1,153.0404
6131130,K03307.01,CANDIDATE,10.5071781,2.68,271.8,139.66432
3632089,K03308.01,CONFIRMED,31.7787564,8.093,262.0,136.76929
4742452,K07704.01,CANDIDATE,5.4398033,3.256,85.5,135.1594
9959494,K03205.01,FALSE POSITIVE,1.332568744,3.755,24.1,132.04697
8397947,K04772.02,CONFIRMED,9.0194714,5.92,191.6,139.9234
7906892,K04773.01,CANDIDATE,8.8493948,6.928,43.8,139.786
4277304,K04774.01,CANDIDATE,51.567801,5.514,210.1,168.873
8626325,K04775.01,CANDIDATE,16.4491515,6.696,70.9,145.7441
3098605,K04844.01,CANDIDATE,0.428046051,0.776,126.0,131.83682
11456405,K04845.01,FALSE POSITIVE,0.814278961,2.087,72.0,131.64806
8320630,K04846.01,CANDIDATE,19.254536,4.754,186.0,148.0172
4544684,K04847.01,FALSE POSITIVE,2.1890751,2.365,94.8,132.09378
9005321,K04848.01,CANDIDATE,384.6961,6.167,787.0,365.0874
8975368,K03227.01,FALSE POSITIVE,2.42649862,2.014,29.2,133.70347
9291039,K03230.01,FALSE POSITIVE,8.80854183,34.7564,174.7,134.02712
5168498,K07719.01,FALSE POSITIVE,219.74735,22.48,190.4,239.9455
10489539,K03231.01,FALSE POSITIVE,19.7639874,12.319,51.3,134.17
9569711,K03232.01,CONFIRMED,6.05919881,1.365,154.2,133.67437
12314973,K00279.03,CONFIRMED,7.5143967,4.865,36.3,136.1851
3348082,K01196.03,CONFIRMED,33.1981761,4.709,336.7,142.09873
3632089,K03308.02,CONFIRMED,5.32784157,4.696,87.2,133.55005
5563300,K03309.01,CANDIDATE,71.05457555,1.9162,4853.2,134.734589
12253769,K03310.01,CANDIDATE,20.5512722,4.639,191.2,141.087
12735830,K03311.01,CONFIRMED,31.827649,1.639,520.0,134.59995
8054719,K04776.01,CANDIDATE,7.5861587,4.32,116.8,132.7988
6592335,K04777.01,CONFIRMED,0.824000125,0.855,183.1,131.80421
5651829,K04778.01,FALSE POSITIVE,0.772152075,1.78,43.6,132.2074
4762283,K07706.01,CANDIDATE,42.049523793,2.1372,607.9,167.3423568
9094763,K04779.01,FALSE POSITIVE,1.08469871,4.077,124.0,131.7376
3849187,K04780.01,CANDIDATE,6.60180003,2.624,213.4,137.476
2976017,K04849.01,CANDIDATE,3.19938075,1.761,76.1,133.01116
6786224,K04850.01,CANDIDATE,3.04185157,1.434,69.0,132.50422
10338279,K03216.01,FALSE POSITIVE,5.660274452,0.9077,414.1,134.46727
4851239,K04851.01,FALSE POSITIVE,1.23512429,4.22,15.2,132.00059
5009688,K07713.01,FALSE POSITIVE,1.381257093,1.125,92.3,131.84079
11072016,K04852.01,CANDIDATE,1.89873195,1.382,78.0,132.09278
3245969,K01101.02,CANDIDATE,11.39110963,2.749,593.4,137.69665
10057494,K03234.01,CONFIRMED,2.41810158,2.144,46.8,132.38894
7902003,K03236.01,CANDIDATE,7.13044117,2.566,31.9,135.594
6587796,K03237.01,CONFIRMED,33.4203001,5.307,436.6,159.1401
9489953,K03238.01,FALSE POSITIVE,58.3437362,22.482,1266.8,169.90401
5305240,K03239.01,FALSE POSITIVE,1.070982122,1.255,43.4,131.98355
11905409,K03312.01,CANDIDATE,18.0939004,3.294,467.3,139.01706
9571186,K03313.01,CANDIDATE,34.9524256,1.717,677.0,163.52048
9838060,K03314.01,FALSE POSITIVE,23.81578356,3.7591,4856.7,141.84883
8554701,K03315.01,CONFIRMED,31.1748311,3.79,200.2,159.10049
5389632,K07726.01,FALSE POSITIVE,0.474811162,1.169,205.2,132.20477
9031209,K03316.01,CONFIRMED,47.0568476,5.2232,1531.2,161.05864
5951416,K04781.01,FALSE POSITIVE,367.73299,10.158,503.9,302.3576
5612697,K03206.01,CANDIDATE,15.1516409,5.105,191.5,133.9226
8973285,K04782.01,CANDIDATE,7.4213444,2.361,315.9,137.493
4645833,K04783.01,FALSE POSITIVE,0.743495989,2.255,172.8,132.18904
8940918,K04784.01,FALSE POSITIVE,1.405887031,1.184,216.0,132.01147
3758922,K04853.01,CANDIDATE,17.7412303,4.816,144.7,144.3554
8360041,K04854.01,CANDIDATE,2.63527677,1.997,70.4,133.97919
9827596,K04855.01,FALSE POSITIVE,1.45728997,3.582,71.3,131.5882
9782748,K04856.01,CANDIDATE,147.388124,8.781,909.2,174.6537
2860656,K04857.01,CANDIDATE,4.11497357,3.025,154.1,135.318
6206559,K03240.01,FALSE POSITIVE,1.245331397,2.566,38.1,132.22902
5024429,K07714.01,FALSE POSITIVE,1.52593737,1.958,159.1,132.6849
9532117,K03241.01,FALSE POSITIVE,8.21429932,3.099,70.7,135.00609
6928906,K03242.01,FALSE POSITIVE,1.54945486,6.698,21.8,132.47682
9821151,K03243.01,FALSE POSITIVE,8.42943991,2.441,89.1,132.29198
8073705,K03245.01,CONFIRMED,10.60052083,4.509,60.9,132.98523
8330548,K01132.02,FALSE POSITIVE,0.9570701,2.75,,131.7767386
4271474,K03324.01,CONFIRMED,21.8634638,3.542,871.0,145.2419
5130983,K03325.01,FALSE POSITIVE,86.4392931,6.534,1175.1,144.58294
11497958,K01422.04,CONFIRMED,63.3354719,3.651,983.0,162.6161
11093538,K03326.01,FALSE POSITIVE,14.77820911,5.395,10774.0,144.09725
11044779,K03327.01,FALSE POSITIVE,15.60862948,6.6957,34356.0,144.30211
6438379,K04785.01,FALSE POSITIVE,389.14115,7.93,347.4,309.5721
9145415,K04786.01,FALSE POSITIVE,365.78863,12.76,885.0,187.5436
4545926,K04787.01,FALSE POSITIVE,2.4826619,2.115,37.0,133.78028
9396760,K04788.01,FALSE POSITIVE,2.17811908,1.468,74.0,132.02334
5119619,K04789.01,FALSE POSITIVE,1.11205787,1.459,118.7,132.01568
9582496,K04858.01,FALSE POSITIVE,224.447413,4.986,651.0,293.1378
7094944,K04859.01,CANDIDATE,7.5019743,2.582,248.0,135.0995
3343281,K04860.01,FALSE POSITIVE,21.8660922,2.03,301.6,138.517
2573108,K03217.01,FALSE POSITIVE,5.09506,5.73,23.6,132.4511
6425597,K04861.01,CANDIDATE,29.1206519,2.89,415.5,138.4718
9885417,K03246.01,CONFIRMED,0.689967868,1.1688,122.9,131.63498
3336476,K03247.01,FALSE POSITIVE,1.89132292,5.607,16.0,132.6489
10917433,K03248.01,CANDIDATE,6.91261536,2.359,34.4,132.15638
5091479,K07715.01,CANDIDATE,25.8616058,7.78,123.0,140.2048
9083564,K03249.01,FALSE POSITIVE,0.918420801,3.533,56.7,131.58576
7335713,K03250.01,FALSE POSITIVE,0.573709256,1.4932,131.2,131.93854
8331612,K03318.01,CONFIRMED,13.8353959,4.961,818.0,134.3082
8874090,K01404.02,CANDIDATE,18.9060921,4.125,375.6,140.82932
8331612,K03318.02,CANDIDATE,25.6970688,3.739,835.0,144.2286
5185765,K07720.01,FALSE POSITIVE,46.9434911,1.368,100.7,176.32544
5965819,K03319.01,CONFIRMED,19.5906103,6.745,297.0,144.65969
5965819,K03319.02,CONFIRMED,8.23983041,5.619,251.0,137.75528
8328916,K04790.01,CANDIDATE,6.07855,3.408,102.7,132.5345
11294883,K04791.01,FALSE POSITIVE,427.65334,11.17,157.1,136.2622
3832474,K00806.05,FALSE POSITIVE,412.041857,5.572,1959.0,354.8569
10155029,K03208.01,CANDIDATE,2.131660527,1.8585,32.2,133.13431
11618569,K04792.01,CANDIDATE,5.75902182,2.687,70.8,132.16301
11973517,K04862.01,CANDIDATE,0.903763067,0.562,267.5,131.51926
5471566,K04863.01,FALSE POSITIVE,0.9628348,2.259,92.8,132.1907
7345248,K04864.01,CANDIDATE,5.66494448,4.173,46.0,136.33835
5814013,K04865.01,FALSE POSITIVE,1.57017249,2.257,158.4,132.1034
7117355,K04866.01,FALSE POSITIVE,0.566798364,3.172,38.6,131.81891
5653072,K03252.01,FALSE POSITIVE,3.22452656,5.156,57.5,132.50118
2707985,K03253.01,FALSE POSITIVE,1.89127438,4.491,32.3,132.68059
9899141,K03254.01,FALSE POSITIVE,1.33256944,3.89,20.6,132.05502
8183288,K03255.01,CONFIRMED,66.6504521,5.744,536.9,171.18229
11305996,K03256.01,FALSE POSITIVE,55.7002642,4.285,332.7,152.6957
5965819,K03319.03,CONFIRMED,3.54553077,4.143,119.2,132.37486
6690171,K03320.01,CANDIDATE,85.0624157,4.6964,41901.0,149.220739
6859801,K03321.01,FALSE POSITIVE,10.882416555,5.4674,16629.5,132.677164
7767733,K03322.01,FALSE POSITIVE,25.19830439,5.1942,73834.2,142.2240343
5193659,K03323.01,CANDIDATE,14.3196417,3.781,215.5,134.16323
5201593,K07721.01,FALSE POSITIVE,0.50727675,2.32,214.7,131.77681
6220312,K04793.01,CANDIDATE,5.2736268,5.291,86.1,135.6461
6358937,K04794.01,CANDIDATE,24.5041103,6.065,119.5,140.1805
9007609,K04795.01,FALSE POSITIVE,1.316398648,1.169,182.5,132.2998
11038580,K04796.01,FALSE POSITIVE,419.4596,13.53,131.8,275.458
7771181,K04797.01,CANDIDATE,9.97202023,1.425,329.7,137.71181
9509223,K04867.01,FALSE POSITIVE,14.2005007,5.232,80.6,135.7279
6720773,K04868.01,FALSE POSITIVE,1.318347743,0.871,113.2,132.7886
8056651,K04869.01,FALSE POSITIVE,5.5834987,2.484,87.4,132.562
4665991,K04870.01,FALSE POSITIVE,1.12401084,3.052,43.6,131.64952
10191036,K03218.01,FALSE POSITIVE,1.21374652,3.371,28.9,131.735
8280511,K01151.03,CONFIRMED,5.24970432,2.746,61.9,135.46911
10420301,K03257.01,FALSE POSITIVE,45.4333769,6.351,905.8,172.93877
4366323,K03258.01,CANDIDATE,40.3511707,3.97,533.5,153.40933
2853029,K03259.01,CANDIDATE,72.9332762,3.829,770.4,198.11468
12156174,K03260.01,CONFIRMED,56.6746666,5.516,883.1,160.44836
4634135,K03328.01,FALSE POSITIVE,63.9005941,8.2789,17097.0,189.47344
6955671,K03329.01,CANDIDATE,12.6878176,4.262,293.0,136.1525
5097856,K07716.01,CANDIDATE,483.36405,15.61,285.4,483.0784
4736644,K03330.01,CONFIRMED,16.2951259,3.678,197.9,144.80425
5876805,K03331.01,FALSE POSITIVE,18.173045009,10.9113,69911.3,355.230984
5818068,K03332.01,FALSE POSITIVE,14.12678065,5.9303,7647.4,137.90377
10139390,K04798.01,FALSE POSITIVE,358.56462,11.64,170.2,151.8698
8278073,K04799.01,CANDIDATE,12.0729757,3.783,99.5,142.429
5273713,K07722.01,FALSE POSITIVE,1.337561836,1.575,41.0,132.14597
3526331,K04800.01,FALSE POSITIVE,2.23755641,2.089,101.1,133.0574
10810859,K04801.01,CANDIDATE,82.401274,6.48,430.7,140.6557
7017274,K03209.01,CANDIDATE,11.91256675,6.126,123.1,143.15988
6767227,K04871.01,CANDIDATE,4.08197713,2.943,26.2,132.10953
11496490,K04872.01,FALSE POSITIVE,1.035268597,0.5663,112.2,131.73249
1430305,K04873.01,FALSE POSITIVE,359.3259,9.836,246.2,431.3267
7117549,K04874.01,FALSE POSITIVE,0.566805268,3.721,35.7,131.8224
2986833,K04875.01,CANDIDATE,0.912179022,1.332,144.6,131.81174
12055539,K03261.01,CONFIRMED,12.27057043,3.002,295.5,137.57434
12056139,K03262.01,CONFIRMED,13.2274753,6.356,229.8,137.71768
11853130,K03263.01,CANDIDATE,76.87935893,2.3819,21272.0,146.882451
4774646,K07707.01,FALSE POSITIVE,0.559517155,0.596,57.9,132.07411
9345933,K03264.01,CANDIDATE,13.0151826,3.613,331.6,134.74697
10030778,K03265.01,FALSE POSITIVE,29.47316279,6.4327,12568.5,154.89251
7870282,K04732.01,FALSE POSITIVE,0.580725004,2.071,105.2,131.73303
11153259,K03200.01,FALSE POSITIVE,1.94468659,18.22,455.5,133.2347
9021075,K04733.01,CONFIRMED,7.28116667,2.716,333.8,132.7518
5783938,K04734.01,FALSE POSITIVE,383.10017,8.8,579.4,286.3372
11338056,K04735.01,CANDIDATE,2.87998334,1.658,116.5,131.48485
3445812,K04802.01,FALSE POSITIVE,0.605556082,1.2399,101.7,132.02856
4473613,K04803.01,CONFIRMED,4.36125889,2.174,189.2,132.53228
10676750,K04804.01,CANDIDATE,21.08678557,0.978,499.6,135.5636
8960918,K04805.01,FALSE POSITIVE,1.19087362,1.785,67.5,131.71838
4647662,K04806.01,FALSE POSITIVE,1.06484622,3.287,42.4,131.5817
9822284,K04807.01,FALSE POSITIVE,0.969824139,0.783,23.1,132.28429
8940700,K04876.01,FALSE POSITIVE,190.60563,14.33,153.6,229.5171
9581589,K04877.01,CANDIDATE,5.19206571,3.716,66.6,134.5614
11804437,K04878.01,CANDIDATE,449.01499,12.58,94.2,144.707
9850966,K04879.01,FALSE POSITIVE,8.480305,6.19,304.2,135.8796
8747009,K04880.01,FALSE POSITIVE,410.11676,13.97,216.9,328.2965
8826007,K03266.01,CONFIRMED,54.5091549,5.125,622.2,140.82739
8280511,K01151.04,CANDIDATE,17.4532945,4.027,79.3,146.66244
8620402,K03267.01,CONFIRMED,14.1959621,3.605,196.2,137.01221
8379021,K03268.01,FALSE POSITIVE,11.52482874,1.724,577.6,134.08163
8104030,K03269.01,FALSE POSITIVE,46.84008579,3.8198,6287.9,164.134422
4813793,K07708.01,CANDIDATE,6.70242786,1.221,65.3,133.17733
5282477,K04736.01,FALSE POSITIVE,0.992798625,3.5065,582.5,131.70889
7266212,K04737.01,CANDIDATE,7.79534033,3.406,102.1,138.03216
6681546,K04738.01,FALSE POSITIVE,186.72243,13.35,326.4,308.6018
6421137,K04739.01,FALSE POSITIVE,118.4039,5.593,426.0,195.109
9893278,K04740.01,FALSE POSITIVE,182.281992,8.828,509.3,159.6829
9419020,K04808.01,CANDIDATE,2.40174996,1.413,254.4,131.7811
4548162,K04809.01,FALSE POSITIVE,10.0102876,5.33,127.1,131.8186
4270799,K04810.01,CANDIDATE,115.238544,7.653,516.7,155.5989
8811490,K04811.01,CANDIDATE,21.7434141,8.143,154.8,148.935
7293937,K03211.01,FALSE POSITIVE,1.366964704,2.3181,59.7,132.195909
8043721,K04812.01,FALSE POSITIVE,0.77957913,2.457,70.4,131.7173
7985733,K03219.01,FALSE POSITIVE,0.544561598,1.6053,35.2,131.94532
8094120,K04881.01,CANDIDATE,5.6795377,3.757,52.0,132.95
6522824,K04882.01,FALSE POSITIVE,17.4453133,5.14,327.7,135.7562
6802536,K04883.01,FALSE POSITIVE,2.9788702,9.3,,133.5035183
4750341,K04884.01,FALSE POSITIVE,1.97515457,2.633,66.1,132.6578
9935642,K04885.01,CANDIDATE,9.33955596,2.058,245.1,138.11016
6612327,K03270.01,FALSE POSITIVE,21.993112,8.616,1015.7,131.68608
7285757,K03271.01,CONFIRMED,19.5489666,1.78,523.8,149.78882
7285757,K03271.02,CANDIDATE,7.41834569,2.462,234.0,133.51738
5211922,K03273.01,FALSE POSITIVE,27.6853358,4.661,1660.7,132.70397
5280587,K03274.01,CONFIRMED,35.6225528,4.845,651.1,141.4514
8129005,K04741.01,FALSE POSITIVE,7.1403113,5.891,112.1,137.9994
4840156,K07709.01,FALSE POSITIVE,2.69487041,2.553,62.1,131.59964
4138008,K04742.01,CONFIRMED,112.303136,5.869,502.1,230.4383
4262040,K03202.01,CANDIDATE,92.461135,14.344,122.4,211.1951
6468904,K04743.01,FALSE POSITIVE,49.5387264,2.238,740.6,132.50072
5709906,K04744.01,FALSE POSITIVE,3.39155966,3.87,28.4,134.1211
4840672,K04813.01,CANDIDATE,9.2294726,2.446,199.3,136.173
9777556,K04814.01,FALSE POSITIVE,1.33254897,3.083,591.7,132.0549
7287677,K04815.01,CANDIDATE,18.3721835,3.738,152.5,149.4627
10753922,K04816.01,FALSE POSITIVE,18.2260472,3.664,361.1,133.5798
5980061,K04817.01,FALSE POSITIVE,0.630539713,1.7407,239.6,131.99124
7692248,K04886.01,CANDIDATE,17.99562529,0.871,1068.0,145.60092
4059887,K04887.01,FALSE POSITIVE,1.018347376,4.386,47.8,131.69633
8288741,K04888.01,FALSE POSITIVE,0.659299289,0.6908,1118.5,131.738727
6852354,K04889.01,FALSE POSITIVE,101.97435125,2.34,,163.8034772
6691169,K04890.01,CANDIDATE,63.095068,9.485,496.8,158.1168
5816811,K01042.02,FALSE POSITIVE,4.45540935,4.14,,134.4555812
5303346,K03275.01,FALSE POSITIVE,37.32483952,6.9676,4989.2,143.0389
3858879,K03276.01,FALSE POSITIVE,25.951984,20.585,2340.2,148.92323
8280511,K01151.05,CANDIDATE,21.7203362,4.252,87.8,134.7659
3120904,K03277.01,CONFIRMED,42.9136635,5.227,160.6,139.88848
3342467,K03278.01,FALSE POSITIVE,88.1804682,5.033,1138.6,209.15533
11757451,K04745.01,CONFIRMED,177.668663,9.298,901.4,264.2428
2711597,K04746.01,FALSE POSITIVE,0.98041685,0.919,105.7,131.78321
8047428,K04747.01,CONFIRMED,92.263742,8.605,296.9,146.4247
11513486,K04748.01,CONFIRMED,6.64754478,1.961,289.3,137.13371
4851283,K07710.01,FALSE POSITIVE,1.23517588,5.476,232.9,131.9561
6520519,K04749.01,CANDIDATE,1.97650073,1.788,112.5,132.95624
9459162,K04818.01,CANDIDATE,3.79892774,4.112,47.0,133.289
5024138,K04819.01,FALSE POSITIVE,0.416995408,0.8928,112.6,132.21942
9969287,K04820.01,CANDIDATE,14.7401061,5.637,238.0,133.5305
9086001,K04821.01,FALSE POSITIVE,256.52387,9.07,126.1,366.9377
4927734,K03212.01,FALSE POSITIVE,3.0001191,6.61,7.7,132.9097
11189311,K03220.01,CONFIRMED,81.4160138,14.175,762.3,160.86387
10747501,K04891.01,CANDIDATE,4.7309013,2.889,228.5,135.19333
10586744,K04892.01,CANDIDATE,21.3761817,8.543,104.0,143.6293
11970050,K04893.01,CANDIDATE,6.58753699,2.043,232.1,138.0427
10031918,K04894.01,FALSE POSITIVE,8.5900471,3.463,137.0,131.9816
5276332,K07723.01,FALSE POSITIVE,357.82544,9.12,152.5,255.208
3544640,K03279.01,CONFIRMED,30.8278245,4.214,641.3,143.1448
10653179,K03280.01,CONFIRMED,47.1607932,4.003,723.2,150.25797
12066569,K03282.01,CONFIRMED,49.2768448,3.787,1132.9,157.02073
6497146,K03284.01,CONFIRMED,35.2330694,3.674,352.8,135.36477
8625813,K03285.01,FALSE POSITIVE,45.3965379,3.826,1001.6,136.9486
4651399,K07698.01,FALSE POSITIVE,508.807642,4.495,2127.0,368.34861
5308296,K04750.01,CANDIDATE,36.721576,7.758,538.2,151.2481
9953575,K04751.01,FALSE POSITIVE,362.69427,9.7,439.9,154.1124
7887890,K04752.01,FALSE POSITIVE,370.35639,12.75,732.2,425.9854
3122872,K03203.01,CANDIDATE,96.81647,10.227,164.7,136.55813
4544628,K04753.01,FALSE POSITIVE,0.729724346,2.699,23.0,132.04276
9702945,K04822.01,CANDIDATE,3.51413723,3.919,32.7,132.40707
11401253,K04823.01,CANDIDATE,4.96504981,2.212,50.7,135.55399
7052511,K04824.01,FALSE POSITIVE,0.821472455,2.433,127.1,132.3003
4764774,K04825.01,FALSE POSITIVE,1.29019586,3.741,86.5,132.11311
10549902,K04826.01,CANDIDATE,1.141148847,1.629,73.1,132.24561
12416597,K04895.01,CANDIDATE,12.460565,3.903,143.9,139.2206
11135694,K04896.01,CANDIDATE,19.5945772,6.77,129.3,150.1394
9910828,K04897.01,FALSE POSITIVE,8.48032079,5.791,170.7,135.85214
10065053,K04898.01,CANDIDATE,409.87844,10.58,647.1,238.9944
11867608,K04899.01,FALSE POSITIVE,227.6258,9.47,131.0,143.8206
8016691,K03286.01,CONFIRMED,18.1373788,3.844,310.8,136.8106
6584273,K03287.01,CONFIRMED,51.1104797,7.712,330.0,143.77855
5768816,K03288.01,CONFIRMED,47.9869119,5.342,859.3,160.65401
3644071,K01192.02,FALSE POSITIVE,359.047933,16.637,5622.7,295.76934
5360974,K03289.01,FALSE POSITIVE,29.8042694,3.107,1046.5,150.6786
10291589,K04754.01,CANDIDATE,7.08757462,3.342,187.0,138.27614
10118266,K04755.01,CANDIDATE,3.74318005,1.111,237.5,135.13816
5695615,K04756.01,CANDIDATE,5.4169303,7.512,109.5,133.7916
4670267,K07699.01,FALSE POSITIVE,1.003049079,7.9657,219273.0,132.372429
7435780,K04757.01,FALSE POSITIVE,0.933157032,2.614,87.8,132.35981
8938937,K04758.01,FALSE POSITIVE,37.1083458,4.112,366.5,166.2453
5651846,K04827.01,CANDIDATE,31.1920226,2.849,447.8,153.83296
10556180,K04828.01,FALSE POSITIVE,1.02104719,6.39,246.1,131.5654
12401132,K04829.01,CANDIDATE,7.630545,3.63,364.9,907.04471
12401132,K04829.02,FALSE POSITIVE,12.083457,3.536,312.5,134.475
8308070,K04830.01,FALSE POSITIVE,401.5907,14.77,115.0,172.2086
6424561,K04900.01,CANDIDATE,6.6716723,2.693,154.4,131.92708
6956136,K03221.01,FALSE POSITIVE,53.912783631,44.0504,216.7,132.2733337
10661917,K04901.01,FALSE POSITIVE,1.23142395,2.186,19.6,131.7651
10000162,K04902.01,CANDIDATE,409.38645,13.78,531.5,340.621
7799701,K04903.01,FALSE POSITIVE,386.828262,5.045,1024.9,177.56829
6233483,K03291.01,FALSE POSITIVE,15.8733803,7.4672,4094.1,135.62779
5392871,K03292.01,FALSE POSITIVE,42.3991752,7.251,484.0,151.96105
3858851,K03293.01,FALSE POSITIVE,25.95198823,14.602,5103.3,154.88102
3858917,K03294.01,FALSE POSITIVE,25.9522401,20.813,2896.9,148.91634
4466356,K03295.01,FALSE POSITIVE,14.12809896,2.326,263.1,137.11989
7949593,K04759.01,CANDIDATE,17.7662938,3.079,181.1,146.6886
9474232,K04760.01,FALSE POSITIVE,13.6917833,4.198,145.4,133.78898
3859151,K04761.01,FALSE POSITIVE,25.95633,26.34,158.2,154.7054
7098255,K04762.01,CANDIDATE,11.56722589,2.507,373.7,132.25385
11456279,K03204.01,FALSE POSITIVE,0.572937573,2.576,80.8,131.69432
4670361,K07700.01,CANDIDATE,631.56889,14.37,789.0,145.0148
5398002,K03213.01,FALSE POSITIVE,14.15849823,46.356,347.3,134.0065
6680911,K04831.01,FALSE POSITIVE,207.471349,7.469,229.2,254.0825
10356124,K04832.01,FALSE POSITIVE,12.3748247,90.01,390.9,138.0615
10584140,K04833.01,CANDIDATE,4.31724247,4.126,59.0,133.4243
8233326,K04834.01,CANDIDATE,3.74099144,5.428,34.3,132.2112
4940203,K07711.01,CANDIDATE,302.779824,16.847,270.9,355.5989
6286161,K03501.01,FALSE POSITIVE,14.541781166,9.1151,143645.0,144.269401
5385471,K03502.01,FALSE POSITIVE,12.4261177,28.5357,1230.4,141.51156
6368175,K03503.01,CONFIRMED,21.1876185,3.69,71.7,148.8101
5471158,K03504.01,FALSE POSITIVE,12.42560404,23.9402,458.9,141.5345371
4847843,K03505.01,FALSE POSITIVE,30.9604688,14.992,460.9,156.1377
5120225,K07717.01,FALSE POSITIVE,1.041619932,8.1218,1840.5,131.836717
9656543,K03588.01,FALSE POSITIVE,2.544594443,3.21373,348777.0,135.040236
10751515,K03589.01,FALSE POSITIVE,56.40651043,18.4332,102294.0,138.309825
3348093,K03590.01,FALSE POSITIVE,7.964400574,4.4761,190903.0,131.563644
6182846,K03591.01,FALSE POSITIVE,6.399101307,4.7439,83326.0,134.702264
4939346,K01873.02,CONFIRMED,34.9168399,7.343,500.0,157.6693
6442602,K07778.01,FALSE POSITIVE,0.56678228,4.725,146.8,131.8571
9851126,K03592.01,FALSE POSITIVE,8.480303653,7.48907,81427.9,135.854594
6268648,K01613.02,CANDIDATE,94.094392,10.833,46.6,196.7503
11455428,K03365.01,CONFIRMED,22.1270885,4.472,418.2,144.93039
10484409,K03366.01,FALSE POSITIVE,10.6784787,2.307,201.0,140.159
10935993,K03367.01,CANDIDATE,25.3736543,2.619,372.9,151.8667
5257082,K03368.01,CANDIDATE,10.08535311,1.75,222.5,140.97143
5796185,K03369.01,FALSE POSITIVE,42.559265547,3.36626,207990.0,161.57039
8628665,K03434.01,CANDIDATE,10.2856373,3.043,134.9,141.20764
3945802,K03435.01,FALSE POSITIVE,24.2157996,4.359,322.2,133.4661
6265665,K03436.01,CONFIRMED,44.2018402,4.949,235.6,163.21471
5881307,K07746.01,CANDIDATE,393.95608,13.89,482.2,388.3294
4645174,K03437.01,CONFIRMED,15.0330623,6.326,132.2,131.89493
4645174,K03437.02,CANDIDATE,34.7496038,4.548,227.1,158.68412
8719419,K03506.01,FALSE POSITIVE,12.62530918,3.163,39413.0,140.0602
9028474,K03510.01,FALSE POSITIVE,124.93576738,7.5608,240899.0,177.686517
4349442,K01803.02,FALSE POSITIVE,12.720298433,2.4599,283.6,140.3669017
6124137,K07764.01,CANDIDATE,227.83457,21.59,155.3,238.7643
3644542,K03511.01,FALSE POSITIVE,119.67980316,32.1928,299046.0,176.106325
6182849,K03512.01,FALSE POSITIVE,6.399107136,5.21981,376769.0,134.7016363
9851142,K03513.01,FALSE POSITIVE,8.480304281,7.46159,83114.6,135.854534
3442054,K03593.01,FALSE POSITIVE,117.6813778,12.7591,45362.0,147.206961
4079530,K03594.01,FALSE POSITIVE,17.72722648,4.1376,147144.0,144.070402
6445531,K07779.01,FALSE POSITIVE,1.71024931,2.833,98.6,131.6423
10677186,K03595.01,FALSE POSITIVE,100.40132734,9.7436,53781.9,216.083194
9025914,K03596.01,FALSE POSITIVE,11.320287875,4.82219,243413.0,131.803042
9366988,K03597.01,FALSE POSITIVE,1.219034103,2.4494,95697.0,132.100694
11657614,K03370.01,CANDIDATE,24.352541,2.782,349.1,147.1949
11657614,K03370.02,CONFIRMED,5.94228603,2.169,250.0,133.804
5687986,K07735.01,CANDIDATE,382.30306,8.83,225.6,356.7308
11125797,K03371.01,CANDIDATE,58.1263775,4.018,271.5,163.11687
9785921,K03372.01,CONFIRMED,26.7575866,5.858,455.3,137.28717
3102000,K03373.01,FALSE POSITIVE,57.0599992,7.463,66168.0,164.25706
6599975,K03438.01,CONFIRMED,14.5565618,4.554,103.8,141.03671
8266276,K01731.02,FALSE POSITIVE,0.837898153,2.104,268.9,131.98187
5887316,K07747.01,FALSE POSITIVE,0.603086711,1.0869,1242.8,131.664075
4282191,K03439.01,CONFIRMED,41.7084063,8.567,330.0,153.53793
3559860,K03440.01,CONFIRMED,33.0257179,6.032,507.1,161.01
10651945,K03441.01,FALSE POSITIVE,25.366990665,5.9556,150581.0,138.8144224
7117003,K03514.01,FALSE POSITIVE,428.32173928,40.5992,316995.0,276.530352
3240159,K03515.01,FALSE POSITIVE,82.137609997,6.11904,210772.0,196.1225133
6147851,K07766.01,FALSE POSITIVE,3.06026014,2.545,59.9,132.762
9658118,K03516.01,FALSE POSITIVE,24.0612744,19.9438,440146.0,138.38747
7132542,K03517.01,FALSE POSITIVE,66.36099916,20.0614,416737.0,168.379642
8589754,K03518.01,FALSE POSITIVE,8.939461148,6.19136,357832.0,133.013944
3757590,K03520.01,FALSE POSITIVE,135.58607679,5.54241,363134.0,177.9285627
2437149,K03598.01,FALSE POSITIVE,18.79862195,7.4782,380204.0,138.028268
9715925,K03599.01,FALSE POSITIVE,6.30828538,2.48633,113526.0,134.379945
9529733,K03600.01,FALSE POSITIVE,4.80912667,7.9331,134093.0,134.07939
9613070,K03601.01,FALSE POSITIVE,2.33211505,2.96723,105949.0,132.19683
9967771,K01875.02,CONFIRMED,0.53835407,1.5045,190.2,131.64999
10845188,K03602.01,FALSE POSITIVE,249.36211832,8.3559,35830.4,279.658296
6543893,K01627.03,CANDIDATE,3.80675878,2.092,231.9,133.7492
5709103,K07736.01,FALSE POSITIVE,0.664727127,1.561,16.2,131.63516
6705026,K03374.01,CONFIRMED,9.5084871,4.372,97.9,140.5602
6705026,K03374.02,CANDIDATE,34.1086562,6.405,133.8,158.431
6779726,K03375.01,CONFIRMED,47.0563327,4.807,762.0,173.9653
3098843,K03376.02,FALSE POSITIVE,179.85022331,2.95,,225.3762426
5553959,K03377.01,CANDIDATE,10.0100312,1.35,375.8,131.61434
7288306,K03443.01,CONFIRMED,96.169569,7.496,894.5,170.2581
5887393,K07748.01,FALSE POSITIVE,1.55090374,3.028,11.3,131.61966
5384713,K03444.01,CANDIDATE,12.67143692,2.498,215.8,137.50707
5384713,K03444.02,CANDIDATE,60.32668824,1.6864,3146.7,145.057472
5384713,K03444.03,CANDIDATE,2.63595435,1.309,93.7,132.31984
11860395,K03445.01,CONFIRMED,82.303914,15.404,737.0,159.0461
5456023,K03521.01,FALSE POSITIVE,131.97827736,7.14981,345935.0,179.588119
6187888,K07768.01,FALSE POSITIVE,0.789171236,1.734,73.4,132.12333
9529744,K01806.02,CONFIRMED,17.9346606,6.25,142.7,138.21679
12021387,K03522.01,FALSE POSITIVE,241.07074582,9.88863,70291.7,223.9933126
8044608,K03523.01,FALSE POSITIVE,106.17593813,10.4168,164738.0,234.6409876
8760135,K03524.01,FALSE POSITIVE,184.6467208,18.9869,410274.0,151.98458
4073707,K03525.01,FALSE POSITIVE,6.282033445,8.3777,181787.0,131.590793
5730394,K03603.01,FALSE POSITIVE,5.519188936,7.1351,217073.0,134.470023
6451368,K07780.01,CANDIDATE,5.3360574,3.877,54.7,132.605
6956216,K03604.01,FALSE POSITIVE,4.818863794,6.2625,65936.5,131.677655
6137704,K03605.01,FALSE POSITIVE,178.26802035,5.86461,45753.9,255.351351
10275074,K03606.01,FALSE POSITIVE,2.181555909,4.41739,85406.9,133.48675
9110346,K03607.01,FALSE POSITIVE,0.895276162,3.0518,319082.0,131.6225645
10259301,K03608.01,FALSE POSITIVE,244.83274973,4.37001,40206.0,285.7025679
2995392,K03379.01,CONFIRMED,30.4544418,6.896,472.1,140.76863
3120308,K03380.01,FALSE POSITIVE,10.26558924,3.879,254.6,136.49645
9991621,K03382.01,FALSE POSITIVE,18.9257333,6.149,188.5,145.5267
8078502,K03383.01,CONFIRMED,37.8862977,5.218,672.2,133.03141
8644365,K03384.01,CANDIDATE,10.54841329,1.872,102.9,139.06402
5888187,K07749.01,CANDIDATE,133.6348207,1.584,420.9,236.35163
2852528,K03446.01,FALSE POSITIVE,11.9615433,3.129,424.5,131.895
3348216,K03448.01,CANDIDATE,32.510844,3.254,361.9,136.62491
7032421,K01747.02,FALSE POSITIVE,0.56683399,0.75,,131.7800607
10798838,K03449.01,FALSE POSITIVE,62.127677128,5.25005,37430.2,172.0663
8560940,K03450.01,FALSE POSITIVE,31.9730649,8.872,158.6,133.8409
10793576,K03451.01,CANDIDATE,10.90752977,2.764,186.0,136.60797
10292238,K03526.01,FALSE POSITIVE,143.1188694,16.8109,255714.0,266.359224
8733497,K03527.01,FALSE POSITIVE,76.81985465,5.16249,229165.0,188.1256603
4255422,K03528.01,FALSE POSITIVE,165.40574995,13.6363,66402.0,141.5762383
9837544,K03529.01,FALSE POSITIVE,71.661915163,6.33708,323613.0,172.9074598
7877824,K03530.01,FALSE POSITIVE,9.44942685,6.40303,488997.0,136.026498
6469946,K07781.01,FALSE POSITIVE,0.715802309,1.5586,2208.6,131.690348
6947164,K03531.01,FALSE POSITIVE,70.58284717,8.81169,150931.0,190.4997847
6233903,K03609.01,FALSE POSITIVE,2.995357359,6.57901,172404.0,132.796981
7212066,K03610.01,FALSE POSITIVE,3.840485025,2.8592,31353.0,134.446386
7212066,K03610.02,FALSE POSITIVE,1.92027188,2.65,,132.5246606
7047922,K01899.02,CANDIDATE,10.5226374,3.864,68.9,140.0656
6675060,K03611.01,FALSE POSITIVE,10.443341795,3.94077,145294.0,133.62903
5716508,K07737.01,FALSE POSITIVE,4.75307877,2.35,933.0,134.5462132
10518735,K03612.01,FALSE POSITIVE,19.515013291,4.59379,256442.0,136.215942
6975129,K01628.02,CONFIRMED,1.772451066,2.4592,79.2,132.08668
8644365,K03384.02,CONFIRMED,19.9158863,6.191,143.2,139.36828
9489947,K03385.01,FALSE POSITIVE,54.061328105,4.48223,79684.0,181.788127
6960487,K03386.01,FALSE POSITIVE,34.525990182,4.47294,67161.4,150.102207
5894182,K07750.01,CANDIDATE,494.485085,3.905,385.3,527.70941
6309264,K03387.01,FALSE POSITIVE,14.2821417,2.068,224.9,136.32946
7021177,K03452.01,FALSE POSITIVE,18.64532882,3.63893,433815.0,147.207512
7122259,K03454.01,FALSE POSITIVE,20.882125422,8.03365,233450.0,146.5689626
6947668,K03455.01,CANDIDATE,14.0545718,4.066,274.3,133.0972
6364582,K03456.01,CONFIRMED,30.8609783,4.216,128.9,138.31416
6190535,K07769.01,FALSE POSITIVE,3.652810043,1.5132,119.4,134.7903032
9834257,K03457.01,FALSE POSITIVE,15.65134872,4.1553,3104.0,132.81191
10290666,K00332.02,CANDIDATE,6.86674226,4.216,47.2,135.3543
9529744,K01806.03,CONFIRMED,8.37159554,5.252,98.0,137.68075
10748621,K03532.01,FALSE POSITIVE,286.1755875,16.1025,328544.0,314.101583
4824268,K03533.01,FALSE POSITIVE,152.15144795,26.8612,151815.0,215.015903
6527016,K07783.01,FALSE POSITIVE,0.542636318,1.2536,74.6,131.95581
6431670,K03534.01,FALSE POSITIVE,29.911334059,7.26916,354377.0,153.595491
7376500,K03535.01,FALSE POSITIVE,5.877122485,4.71655,362900.0,136.42083
9636559,K03618.01,FALSE POSITIVE,10.636305846,5.17212,216063.0,139.783159
8095110,K03619.01,FALSE POSITIVE,2.1032389,6.4774,24852.5,132.868177
11499263,K03620.01,FALSE POSITIVE,46.698200933,3.57049,54592.5,167.6984656
10328393,K01905.02,CONFIRMED,15.99560373,3.471,221.7,144.2399
9775253,K03621.01,FALSE POSITIVE,4.39451798,2.9527,223616.0,133.62094
3858988,K03388.01,FALSE POSITIVE,25.9518795,21.569,1312.3,148.92549
3848966,K03389.01,CANDIDATE,29.7681831,9.425,159.9,155.5003
10798605,K03390.01,FALSE POSITIVE,56.048096688,4.04427,53725.8,159.1678042
5895083,K07751.01,FALSE POSITIVE,2.25161215,2.1,23.9,131.54653
9452897,K03391.01,CANDIDATE,36.7662364,3.305,579.5,157.14332
9714123,K03392.01,FALSE POSITIVE,50.35545898,5.51863,107138.0,136.9113798
6118370,K03458.01,CONFIRMED,14.0328775,6.684,210.9,138.0603
2717158,K03459.01,CONFIRMED,13.2226149,4.337,261.7,144.295
6209677,K01750.02,CANDIDATE,2.53742164,1.563,104.5,132.34623
6198256,K07770.01,FALSE POSITIVE,3.54828691,3.281,70.9,131.83563
9664276,K03460.01,CANDIDATE,62.596544,11.477,223.1,185.9931
2437112,K03461.01,FALSE POSITIVE,18.79852,4.795,487.4,138.02082
7987086,K03536.01,FALSE POSITIVE,156.51657398,12.2259,113337.0,278.137378
7374746,K03537.01,FALSE POSITIVE,1.366946478,3.37701,158643.0,132.204582
8668810,K03538.01,FALSE POSITIVE,313.09275066,14.3447,445612.0,424.715381
6519865,K07782.01,FALSE POSITIVE,0.566813677,2.458,61.2,131.78895
8868907,K03539.01,FALSE POSITIVE,157.32263943,21.9232,153932.0,222.900363
3865298,K03540.01,FALSE POSITIVE,9.53040216,5.95809,321541.0,138.232917
10091110,K03627.01,FALSE POSITIVE,4.218512654,3.62939,23416.8,133.506768
10091110,K03627.02,FALSE POSITIVE,8.529991199,3.9954,20083.7,137.654769
3542574,K03628.01,FALSE POSITIVE,3.47140045,1.55,,133.750744
3544694,K03629.01,FALSE POSITIVE,1.922862476,3.4594,101272.0,132.735702
11521793,K00352.02,CONFIRMED,16.00747237,1.267,277.6,142.63787
9085563,K03393.01,CONFIRMED,54.6493679,7.962,432.5,176.0447
11337372,K01650.02,CONFIRMED,100.8276725,8.39,1778.8,216.38757
7748487,K03394.01,CANDIDATE,15.5764061,5.382,257.1,135.9482
3219037,K03395.01,CANDIDATE,10.00506974,3.481,143.3,136.83029
5952448,K07753.01,FALSE POSITIVE,0.905675699,1.701,73.2,132.20066
5710069,K03396.01,CANDIDATE,36.2580749,5.917,380.3,146.8338
9967009,K03462.01,CANDIDATE,12.4326997,7.81,240.3,142.1049
9967009,K03462.02,CANDIDATE,30.9902997,9.454,321.5,141.441
11874338,K03464.01,FALSE POSITIVE,15.9750417,3.549,643.5,135.71533
9763612,K03465.01,CONFIRMED,16.0505464,3.171,94.4,141.73408
6199716,K07771.01,FALSE POSITIVE,0.805267592,0.887,146.6,132.09128
9468384,K03466.01,FALSE POSITIVE,11.082622625,6.62584,268725.0,746.1967676
8868364,K03541.01,FALSE POSITIVE,421.42848194,8.60447,96654.3,262.2889053
10092312,K01823.02,FALSE POSITIVE,1.096587245,3.0287,541.2,132.51421
3964545,K03542.01,FALSE POSITIVE,3.012476415,3.31903,198402.0,132.2466206
9656397,K03543.01,FALSE POSITIVE,204.74104758,20.5357,333804.0,202.871314
5444491,K07727.01,FALSE POSITIVE,0.759740194,3.252,42.5,131.82001
3735629,K03544.01,FALSE POSITIVE,4.664186517,4.0639,555376.0,133.670668
8244173,K03545.01,FALSE POSITIVE,1.092066399,2.97608,401890.0,132.1028432
6546508,K03613.01,FALSE POSITIVE,3.053578643,3.22884,52879.9,133.878843
9886224,K03614.01,FALSE POSITIVE,2.992662857,2.5258,113705.0,131.893219
3735634,K03615.01,FALSE POSITIVE,4.664188563,3.773,11360.5,133.670244
5730380,K07738.01,FALSE POSITIVE,0.954873008,1.0613,33.0,131.851983
6058875,K03616.01,FALSE POSITIVE,0.56493412,2.57621,252639.0,131.7871403
10735564,K03617.01,FALSE POSITIVE,1.674984844,4.92134,234579.0,131.793034
6200810,K03397.01,CANDIDATE,35.8754482,3.972,366.7,147.5086
3561464,K03398.01,CONFIRMED,7.31945294,4.881,166.8,137.22065
3561464,K03398.02,CONFIRMED,35.8007112,8.219,417.4,144.92169
5962509,K07754.01,FALSE POSITIVE,0.790049989,2.794,70.8,132.11148
3561464,K03398.03,CANDIDATE,4.32710579,3.872,84.1,131.5891
6359802,K03399.01,FALSE POSITIVE,14.15402615,4.115,21653.0,144.17685
7121885,K03467.01,FALSE POSITIVE,33.93754213,11.1677,32990.3,147.182401
5213404,K03468.01,CONFIRMED,20.7057153,9.678,115.9,139.9803
4844470,K03469.01,CANDIDATE,60.532988,7.086,467.5,134.57461
6205566,K07772.01,FALSE POSITIVE,3.7228679,9.557,52.1,134.635
11551692,K01781.03,CONFIRMED,58.0198583,5.348,1286.6,151.85007
9995771,K03470.01,CANDIDATE,15.0617835,6.31,196.6,140.1111
7287391,K03546.01,FALSE POSITIVE,4.286103033,2.6422,173359.0,134.590777
6756202,K03547.01,FALSE POSITIVE,290.7778719,12.0525,225767.0,393.511387
10215869,K03548.01,FALSE POSITIVE,5.017239915,4.36126,144642.0,134.490136
5456319,K07728.01,FALSE POSITIVE,0.937923475,3.164,40.4,132.34501
2307206,K03549.01,FALSE POSITIVE,204.0329342,17.5623,411374.0,253.536626
7025540,K03550.01,FALSE POSITIVE,2.148219541,2.94091,457844.0,132.76673
7620844,K03551.01,FALSE POSITIVE,58.621578824,8.52961,142951.0,178.5674958
6677267,K03622.01,FALSE POSITIVE,3.125821128,2.2163,5025.4,134.479684
7732791,K03623.01,FALSE POSITIVE,1.032068851,2.1344,121993.0,131.8383
5736801,K07739.01,FALSE POSITIVE,6.6751871,2.372,178.3,137.4528
8177798,K03624.01,FALSE POSITIVE,1.450205839,3.6373,25883.7,131.985523
10489521,K03625.01,FALSE POSITIVE,3.224486463,4.61686,403734.0,131.855925
12643582,K03626.01,FALSE POSITIVE,44.14579777,4.088,224228.0,167.392037
9328641,K03400.01,FALSE POSITIVE,33.3239576,37.217,2012.1,132.58989
9966219,K03401.01,CANDIDATE,17.9559673,6.237,137.0,139.0347
5991070,K07756.01,FALSE POSITIVE,0.94102954,4.415,34.5,131.9021
5531953,K01681.02,CONFIRMED,1.992812339,2.066,314.8,131.70565
3757778,K03402.01,FALSE POSITIVE,36.514374043,6.48255,111620.0,163.794463
11754430,K03403.01,CONFIRMED,39.818832,10.757,199.1,166.65072
9995771,K03470.02,CONFIRMED,25.4337864,6.514,302.0,143.1302
11875511,K03471.01,FALSE POSITIVE,67.451045,8.9387,7062.8,151.96756
6231721,K07773.01,CANDIDATE,2.69339974,1.936,147.5,131.9006
9536108,K03472.01,CANDIDATE,10.43003118,2.029,120.0,133.2962
8905246,K03473.01,CANDIDATE,27.63714708,1.7277,735.5,143.93342
5213230,K03474.01,CONFIRMED,52.6095103,8.202,203.7,158.6253
3326377,K01830.02,CONFIRMED,198.7106251,8.638,2094.8,156.51819
6233466,K03552.01,FALSE POSITIVE,15.873380595,8.0429,208362.0,143.859941
5460434,K07729.01,CANDIDATE,50.563697,5.381,50.5,145.8658
11249624,K03553.01,FALSE POSITIVE,65.583665567,5.01216,242398.0,182.6493381
6426592,K03554.01,FALSE POSITIVE,394.67816267,6.05443,253376.0,346.1399939
8491745,K03555.01,FALSE POSITIVE,111.31980522,23.0078,62704.9,226.648705
3970117,K03556.01,FALSE POSITIVE,110.29512684,16.5339,176336.0,235.750948
11147814,K03334.01,FALSE POSITIVE,95.178317934,3.60125,128575.0,224.596785
10922659,K03335.01,CONFIRMED,31.2543238,5.662,438.0,155.047
8892720,K03336.01,FALSE POSITIVE,61.4911479,9.745,58702.9,163.633663
6021275,K00284.04,CONFIRMED,110.2867031,4.427,145.3,239.22128
7869917,K01525.02,CONFIRMED,11.8061737,4.472,88.1,138.2641
11754430,K03403.02,CONFIRMED,6.15828666,6.329,57.7,135.4969
6032920,K07757.01,FALSE POSITIVE,10.828825742,0.7275,92.1,134.9251984
8409295,K03404.01,CONFIRMED,82.292865,7.048,371.1,212.0314
7131760,K03407.01,CONFIRMED,92.436978,6.432,955.2,163.5794
11922778,K03408.01,CANDIDATE,65.427645,9.404,319.0,176.2733
9468382,K03409.01,FALSE POSITIVE,11.08260553,6.23,601.2,136.6562
6145201,K03475.01,FALSE POSITIVE,22.7832776,4.194,120.2,145.53344
5986209,K03476.01,FALSE POSITIVE,23.737952838,8.50818,95883.6,147.006678
9226339,K03477.01,FALSE POSITIVE,21.4618453,5.675,122.2,132.2156
6525209,K03479.01,FALSE POSITIVE,75.13194883,20.8729,122372.0,184.429462
2975770,K01788.02,CANDIDATE,369.069345,5.832,945.9,298.3962
5534965,K03557.01,FALSE POSITIVE,243.82122131,10.9312,56799.3,159.4958018
5512513,K07730.01,FALSE POSITIVE,0.77459856,2.71,,132.3192077
9965206,K03558.01,FALSE POSITIVE,16.227548674,5.08666,192688.0,136.6397289
4247023,K03559.01,FALSE POSITIVE,47.189437,11.555,370871.0,148.044865
4848423,K03560.01,FALSE POSITIVE,1.501760172,5.85519,387905.0,131.5669078
11403216,K03561.01,FALSE POSITIVE,4.05325447,4.0116,110916.0,134.744552
11853878,K01833.02,CONFIRMED,7.68433346,1.4346,1175.0,133.36007
5774375,K07740.01,FALSE POSITIVE,1.549979213,7.5945,370546.0,132.675027
7692093,K03337.01,CANDIDATE,11.16622885,3.389,353.9,134.96951
8263752,K03338.01,FALSE POSITIVE,10.99381963,3.7889,1685.8,133.253208
8263752,K03338.02,FALSE POSITIVE,10.9938087,5.0403,1456.9,138.80624
7772914,K03339.01,CANDIDATE,23.1334494,3.602,456.3,154.45296
3529290,K03340.01,CANDIDATE,8.9539656,4.898,70.4,132.8453
3529290,K03340.02,CANDIDATE,13.7281373,5.304,106.6,143.55218
9285265,K03410.01,CONFIRMED,16.5860329,7.043,231.3,133.28136
6025124,K03411.01,CANDIDATE,26.83771808,1.6162,8512.0,158.125331
5780930,K03412.01,CONFIRMED,16.7525077,3.174,338.3,131.59834
5531953,K01681.03,CANDIDATE,3.53105835,1.778,310.8,134.3171
4164393,K03413.01,FALSE POSITIVE,49.612757516,7.07603,130460.0,165.9984372
6277410,K07774.01,CANDIDATE,6.32589574,1.383,192.5,133.27081
9843517,K03480.01,CANDIDATE,11.9378354,4.652,246.0,133.2612
8812045,K03481.01,CANDIDATE,32.715906,10.79,135.7,135.9204
7288444,K03482.01,CONFIRMED,15.3317719,5.467,179.2,142.5217
3101923,K03483.01,CANDIDATE,82.331756,8.664,283.2,133.0814
10881457,K03484.01,CONFIRMED,84.704139,10.393,655.7,152.1832
5513861,K07731.01,FALSE POSITIVE,0.755105584,5.02374,250026.0,131.8133513
9948002,K03562.01,FALSE POSITIVE,101.26336282,17.8951,72792.5,214.125128
5264304,K03563.01,FALSE POSITIVE,120.58167178,8.2904,192896.0,248.238772
10960995,K03564.01,FALSE POSITIVE,1.558544209,3.3727,225588.0,131.567665
9592575,K03565.01,FALSE POSITIVE,2.63757408,5.9626,169658.0,131.575561
7898576,K03566.01,FALSE POSITIVE,8.64636188,8.73607,218072.0,135.46223
5806800,K07741.01,FALSE POSITIVE,125.288206,3.695,241.6,252.0979
11671429,K03567.01,FALSE POSITIVE,112.46358893,31.8273,242411.0,197.557702
5621333,K03341.01,CANDIDATE,27.0965146,8.42,208.4,139.3521
5621333,K03341.02,CANDIDATE,11.5474983,6.684,115.5,139.9777
5392897,K03342.01,FALSE POSITIVE,42.39930429,18.3609,205992.0,354.461453
3236705,K03343.01,CANDIDATE,83.2664103,2.813,620.0,194.23925
5282049,K01545.02,FALSE POSITIVE,5.91039905,3.85,,132.7277844
11810124,K03344.01,CONFIRMED,11.6044881,3.409,267.6,139.05603
6023859,K03414.01,FALSE POSITIVE,27.009807384,1.96698,67898.0,141.2897316
3433668,K03415.01,CONFIRMED,15.0219784,5.068,96.9,143.6989
2849140,K03416.01,CANDIDATE,11.8237228,8.518,212.7,139.4199
7503885,K03417.01,CONFIRMED,91.078624,10.304,738.6,213.7723
3629330,K03418.01,CONFIRMED,85.272459,13.31,767.8,182.3725
5471289,K03485.01,FALSE POSITIVE,12.42592675,29.1701,410.3,141.5292956
8121328,K03486.01,CANDIDATE,19.0689513,12.462,169.3,145.7515
9783760,K03487.01,FALSE POSITIVE,89.7398137,3.26371,81096.0,205.26465
9528430,K03489.01,FALSE POSITIVE,90.08255562,19.7301,43252.2,173.987561
5529552,K07732.01,FALSE POSITIVE,0.759768478,2.824,57.4,131.78573
8882847,K03490.01,FALSE POSITIVE,42.2011587,8.479,178.1,172.4344
9773869,K03568.01,FALSE POSITIVE,15.65129028,6.7631,398641.0,132.81543
6707942,K03569.01,FALSE POSITIVE,9.014220178,2.76441,34085.6,131.549902
5023948,K03570.01,FALSE POSITIVE,1.824653341,4.25512,176739.0,132.883177
5113053,K03571.01,FALSE POSITIVE,3.185090259,4.80188,423276.0,133.294014
5817957,K07742.01,FALSE POSITIVE,372.76888,23.27,1157.2,377.6144
11853878,K01833.03,CONFIRMED,5.70940795,1.622,586.7,137.12208
4743508,K03572.01,FALSE POSITIVE,2.086076372,2.4032,58858.0,133.416141
11810124,K03344.02,CONFIRMED,3.63898953,2.252,209.6,131.78562
11303322,K03345.01,CONFIRMED,38.1303324,6.53,180.4,159.3878
11241912,K03346.01,CONFIRMED,14.42735088,4.857,117.0,138.84024
6043538,K07759.01,CANDIDATE,6.2253374,4.388,108.6,133.0882
8824737,K03347.01,CONFIRMED,12.90235874,2.446,354.4,139.15105
9349757,K03348.01,CONFIRMED,36.4337867,4.388,406.8,132.90573
11519134,K03419.01,FALSE POSITIVE,58.5850357,3.5939,75468.0,140.799676
7289338,K03420.02,CANDIDATE,12.5014905,3.882,220.1,142.55934
5004909,K03421.01,CANDIDATE,40.6511021,11.282,136.4,164.5528
6278670,K07775.01,CANDIDATE,89.945828,2.286,335.6,133.5634
5898983,K03422.01,CANDIDATE,40.1454757,5.2,310.8,133.7186
7703955,K01707.02,CONFIRMED,265.47847,10.28,1040.7,151.0673
8552719,K01792.02,FALSE POSITIVE,1.546222068,7.998,49.4,132.45951
12164634,K03491.01,FALSE POSITIVE,89.3313828,11.919,2177.6,204.18503
5193077,K03492.01,FALSE POSITIVE,22.2941485,3.188,100.9,146.4526
5617259,K07733.01,CANDIDATE,1.048130894,5.6707,191.8,132.3528023
8880123,K03493.01,CONFIRMED,46.7162336,7.259,345.5,145.5064
9474756,K03495.01,CANDIDATE,17.6062701,6.134,146.2,147.1894
10068919,K03573.01,FALSE POSITIVE,43.56225858,3.6873,51325.0,153.270753
7353970,K03574.01,FALSE POSITIVE,198.443477,9.9776,39943.0,155.615557
12316447,K03575.01,FALSE POSITIVE,17.907664726,5.58652,265411.0,139.743761
5823557,K07743.01,FALSE POSITIVE,2.4044122,4.575,42.7,133.2244
10491554,K03576.01,FALSE POSITIVE,22.77196484,8.3476,325446.0,140.4865
9785454,K03577.01,FALSE POSITIVE,184.52015392,15.3564,49269.0,237.698721
8636333,K03349.01,CONFIRMED,82.175197,8.664,546.4,197.20187
7136958,K03350.01,FALSE POSITIVE,29.015852933,7.19844,71432.1,138.402477
1995732,K03351.01,FALSE POSITIVE,77.36241476,12.1317,96585.8,139.095626
6069674,K07761.01,FALSE POSITIVE,495.71095,4.514,443.1,450.0348
8081239,K03352.01,CONFIRMED,10.35857039,2.577,273.7,138.30794
5308663,K01562.02,CANDIDATE,20.0679247,5.236,482.2,150.7703
3745559,K03423.01,CONFIRMED,30.2541186,2.134,576.3,136.63873
8356054,K03424.01,FALSE POSITIVE,17.081202417,7.20617,134143.0,134.296431
9117416,K03425.01,CONFIRMED,20.034708,6.49,124.4,145.4541
6356400,K07776.01,CANDIDATE,541.92452,21.4,1504.2,326.8745
9117416,K03425.02,CONFIRMED,3.15722086,3.762,49.7,131.69915
5900235,K03426.01,CANDIDATE,58.7701045,6.995,224.4,174.775
9474756,K03495.02,CANDIDATE,6.685438,5.09,89.2,132.3184
7517261,K03496.01,CONFIRMED,23.2385587,8.432,161.2,143.5274
7517261,K03496.02,CANDIDATE,8.5433774,6.149,75.1,137.9895
5653795,K07734.01,FALSE POSITIVE,118.314913,4.79,216.3,215.6117
8424002,K03497.01,CONFIRMED,20.35971899,2.1521,345.7,134.29123
8635938,K03498.01,FALSE POSITIVE,43.798566,6.401,290.4,172.58505
10464666,K03578.01,FALSE POSITIVE,131.73630485,5.28476,58381.2,194.5833896
5024292,K03579.01,FALSE POSITIVE,4.301031137,5.65214,204153.0,134.44907
4659255,K03580.01,FALSE POSITIVE,198.01379181,9.72673,142501.0,234.151682
8263746,K03581.01,FALSE POSITIVE,10.9938268,5.0746,419208.0,138.805226
5877292,K07744.01,CANDIDATE,11.7201693,2.399,154.4,136.1871
10657406,K01837.02,CONFIRMED,1.682934607,1.8846,142.7,131.96807
3428468,K03582.01,FALSE POSITIVE,114.90862419,7.66397,196112.0,199.450746
7091432,K03353.01,CONFIRMED,11.55532445,3.499,250.0,134.12977
9845909,K03354.01,CANDIDATE,11.5706005,3.073,211.9,136.28577
9221528,K03355.01,CANDIDATE,16.2953228,4.882,229.1,144.7982
6106046,K07762.01,CANDIDATE,8.5073512,2.266,209.5,135.8115
6368230,K03356.01,CONFIRMED,26.0841212,6.141,259.7,149.4437
7115291,K03357.01,FALSE POSITIVE,52.802767576,5.6184,52110.3,167.270294
9907505,K03427.01,FALSE POSITIVE,39.206808648,6.24701,186978.0,142.4611109
9027909,K03428.01,CONFIRMED,64.6589166,7.71,235.4,170.17972
9230021,K03429.01,CANDIDATE,15.8283833,3.643,227.5,144.3927
6369845,K07777.01,FALSE POSITIVE,27.6760342,4.234,266.8,144.9833
9230021,K03429.02,CONFIRMED,8.74192361,4.235,295.7,135.42727
9230021,K03429.03,FALSE POSITIVE,26.936878,4.969,246.9,157.7573
3662838,K00302.02,FALSE POSITIVE,53.34418038,3.62,,170.0739545
5471688,K03499.01,FALSE POSITIVE,12.4281308,6.79,131.4,141.4385
8552719,K01792.03,CONFIRMED,9.10969334,5.3181,126.4,133.06566
5471688,K03499.02,FALSE POSITIVE,0.96283264,2.947,96.3,132.20087
6058816,K03500.01,CONFIRMED,73.7502765,13.309,233.1,188.52221
6058816,K03500.02,CANDIDATE,4.7482669,4.947,35.6,135.8003
5130740,K03583.01,FALSE POSITIVE,210.30644361,6.68665,46455.4,285.127394
9892471,K03584.01,FALSE POSITIVE,8.268081087,3.47103,71479.3,135.0563298
2019076,K03585.01,FALSE POSITIVE,3.564614021,3.44204,94342.0,131.86235
5879448,K07745.01,FALSE POSITIVE,533.47707,23.71,210.6,245.3651
7376490,K03586.01,FALSE POSITIVE,5.877122413,3.7369,15647.1,136.420718
11968513,K03587.01,FALSE POSITIVE,1.036592635,2.40749,124498.0,132.089146
4263529,K03358.01,CANDIDATE,10.10404351,1.0022,1322.4,132.892841
7866921,K03360.01,FALSE POSITIVE,91.4999978,19.5818,65496.0,182.769045
6619815,K03361.01,CONFIRMED,65.9407869,7.776,580.4,231.97155
6113752,K07763.01,FALSE POSITIVE,406.45737,9.554,284.2,230.8834
3098197,K03362.01,FALSE POSITIVE,30.47639859,17.9728,130569.0,156.24007
11651712,K03363.01,CONFIRMED,14.53260546,2.4212,328.9,140.4685
9896558,K01718.02,CONFIRMED,153.348739,12.205,388.0,190.5347
7697103,K03430.01,CANDIDATE,13.9248005,5.016,195.2,142.04732
9267996,K03431.01,CANDIDATE,19.6001405,8.613,282.0,138.5631
7045605,K07808.01,FALSE POSITIVE,361.526458,6.947,525.1,339.3304
8738775,K03432.01,CONFIRMED,48.0506878,7.999,274.5,140.514
7093401,K03433.01,CANDIDATE,34.08429351,1.3521,3746.0,152.06766
7877818,K03816.01,FALSE POSITIVE,9.44942628,6.3064,1211.9,132.45174
5636642,K03817.01,FALSE POSITIVE,0.933489066,1.41864,14259.0,132.101834
6515722,K03818.01,FALSE POSITIVE,1.908525084,4.169,218.9,131.77571
6679504,K07788.01,FALSE POSITIVE,0.798467681,0.86,120.7,132.04627
5560831,K03819.01,FALSE POSITIVE,0.867721348,4.8783,97653.0,132.161646
5305404,K03820.01,FALSE POSITIVE,161.252567,23.626,2911.5,189.10238
3728432,K03893.01,CONFIRMED,3.90863457,1.7704,867.2,133.92971
6696580,K02092.03,CONFIRMED,77.086191,4.77,942.8,202.7483
5473535,K03894.01,FALSE POSITIVE,1.673662758,2.3135,316.4,131.67166
12106934,K03895.01,FALSE POSITIVE,5.93717724,5.355,25450.0,135.95682
6222898,K03896.01,FALSE POSITIVE,3.89043062,6.596,195.4,132.7665
3955866,K03897.01,FALSE POSITIVE,16.8282542,39.098,655.3,296.233
11200767,K03667.01,FALSE POSITIVE,2.489549075,2.4345,2829.7,132.045037
9892816,K01955.03,CONFIRMED,1.644221032,2.9122,47.8,131.75241
8589731,K03668.01,FALSE POSITIVE,4.469731089,5.257,3159.6,133.011683
4356766,K03669.01,FALSE POSITIVE,1.731803197,5.6803,44612.0,132.887574
2167890,K03670.01,FALSE POSITIVE,2.64830047,2.6395,12668.0,133.034879
5384079,K02011.02,CONFIRMED,17.2653659,5.02,67.9,135.3549
4935914,K03743.01,FALSE POSITIVE,3.486318703,2.7904,60135.0,134.87329
11303811,K03744.01,FALSE POSITIVE,1.705780649,1.6271,15498.0,133.15662
2437783,K03745.01,FALSE POSITIVE,7.45306683,4.7617,46552.0,131.76434
12062660,K03746.01,FALSE POSITIVE,2.929299629,7.102,83918.0,133.71721
9777087,K03747.01,FALSE POSITIVE,5.50811352,2.9516,40380.0,134.32603
5956776,K03821.01,FALSE POSITIVE,0.569115097,3.5028,585597.0,132.020841
8883727,K03822.01,FALSE POSITIVE,2.529073751,1.8827,1572.9,133.390989
4820550,K03823.01,CANDIDATE,202.1168173,4.683,2701.2,292.05064
6516874,K03824.01,FALSE POSITIVE,0.916326699,3.1427,96384.0,131.80905
11709124,K00435.03,CONFIRMED,33.0405509,3.3613,577.4,161.22146
9161118,K03898.01,FALSE POSITIVE,1.306723495,6.606,12456.6,132.53576
3556229,K03899.01,FALSE POSITIVE,0.7967202,4.25304,167719.0,132.288291
11911580,K03900.01,FALSE POSITIVE,359.102042,16.949,1102.9,393.8542
9480535,K03901.01,CONFIRMED,160.130899,13.775,1183.0,203.47424
10583225,K03902.01,FALSE POSITIVE,2.69634575,3.785,185.2,132.9969
5215251,K03903.01,FALSE POSITIVE,2.553924603,9.835,1680.1,131.94769
10383696,K03671.01,FALSE POSITIVE,8.487871809,4.19829,118814.0,134.495278
9777090,K03672.01,FALSE POSITIVE,5.50817321,3.6845,226850.0,134.32367
11455484,K03673.01,FALSE POSITIVE,6.142812722,6.0751,96593.0,135.16085
2446623,K03674.01,FALSE POSITIVE,175.06586091,4.5181,45134.0,179.043787
9596089,K03675.01,FALSE POSITIVE,20.8392148,2.3321,177508.0,133.49781
5738506,K03676.01,FALSE POSITIVE,9.50158045,5.0701,443400.0,131.97492
9777087,K03747.02,FALSE POSITIVE,19.226055,2.949,3266.0,132.6309
4247807,K03748.01,FALSE POSITIVE,2.050435466,8.0122,7765.3,133.288776
11547869,K03749.01,CANDIDATE,10.72725536,1.7541,56197.0,132.90239
7700590,K03750.01,FALSE POSITIVE,1.507101452,5.2005,15847.0,132.092456
9053086,K03751.01,FALSE POSITIVE,1.274841686,3.5903,50253.0,131.623318
3128552,K02055.02,CONFIRMED,4.02582434,2.8059,265.3,135.42508
5467113,K03825.01,FALSE POSITIVE,2.845746618,13.0719,557741.0,134.276987
8240123,K03826.01,FALSE POSITIVE,2.30120705,25.08,1688.1,132.18748
5114623,K03827.01,FALSE POSITIVE,337.377514,12.136,6110.0,336.53604
5114623,K03827.02,FALSE POSITIVE,389.28075044,12.52,,310.5901867
10031907,K03828.01,FALSE POSITIVE,8.58965725,8.9793,1161.5,132.01852
6525946,K02093.02,CANDIDATE,2.508116,2.504,188.1,133.98497
5480736,K03904.01,FALSE POSITIVE,8.56751264,5.449,347.9,136.06104
8487748,K03905.01,FALSE POSITIVE,1.061934313,3.194,607.0,131.72596
9892856,K03906.01,FALSE POSITIVE,2.406574511,3.4382,738.0,133.73667
7137213,K03907.01,FALSE POSITIVE,28.64338839,1.2246,624.3,141.22933
6795089,K07792.01,FALSE POSITIVE,96.231257,2.488,938.0,217.00033
3340313,K03677.01,FALSE POSITIVE,30.5528701,5.3367,63521.0,143.348399
9892816,K01955.04,CONFIRMED,26.2347447,3.536,196.5,141.99379
4150804,K03678.01,CONFIRMED,160.88451966,10.8771,7590.4,277.504342
5021174,K03679.01,FALSE POSITIVE,4.04506346,3.22222,360177.0,132.232226
9025971,K03680.01,CONFIRMED,141.2415405,6.7645,12990.5,256.205347
2581316,K03681.01,CONFIRMED,217.83184293,21.306,9148.7,238.820035
9973109,K02018.02,CANDIDATE,16.0988294,5.686,160.2,131.8764
6314185,K03752.01,FALSE POSITIVE,1.433262145,5.6316,1849.5,132.822323
8620561,K03753.01,FALSE POSITIVE,0.782046543,1.9874,340464.0,131.674244
8937019,K03754.01,FALSE POSITIVE,5.663604992,1.4283,163385.0,133.892182
9896435,K03755.01,FALSE POSITIVE,18.076610347,3.1396,65280.0,146.256704
10352938,K03756.01,FALSE POSITIVE,6.47173281,7.1964,6472.7,136.35537
10676927,K03830.01,FALSE POSITIVE,1.031100362,2.9759,129157.0,131.87473
5649836,K03831.01,FALSE POSITIVE,0.597933142,3.47133,284383.0,131.95669
7620660,K03832.01,FALSE POSITIVE,5.36652724,8.367,3122.5,134.86398
3836399,K03834.01,FALSE POSITIVE,1.540392098,3.7271,1022.0,131.9989
2581554,K03835.01,CONFIRMED,47.1484324,3.1347,1113.8,175.2689
3128552,K02055.03,CONFIRMED,2.50475282,2.376,181.1,133.63645
10363115,K03908.01,CONFIRMED,59.3627946,13.972,233.6,184.14711
5966810,K03909.01,CANDIDATE,247.891041,18.363,956.6,133.92838
10491062,K03910.01,FALSE POSITIVE,2.199076661,6.11,777.4,133.06147
9761615,K03911.01,CONFIRMED,1.79110997,2.0917,167.5,131.95636
4058881,K03912.01,FALSE POSITIVE,7.77241144,5.272,286.9,132.58122
6863158,K07793.01,CANDIDATE,1.99469354,5.297,75.1,131.5639
2581316,K03681.02,CONFIRMED,10.51421162,3.877,85.4,134.56738
8621353,K03682.01,FALSE POSITIVE,11.344347453,5.9738,258242.0,138.811996
10795103,K03683.01,CONFIRMED,214.3120439,16.2938,4523.4,336.330158
9394601,K03684.01,FALSE POSITIVE,0.876826336,3.6097,138366.0,132.0647202
8494410,K03685.01,FALSE POSITIVE,208.86909724,4.5707,21306.7,273.692419
8494410,K03685.02,CONFIRMED,7.2593226,6.1394,247.5,131.71082
6863161,K03757.01,FALSE POSITIVE,1.98663794,4.7585,63156.0,133.311523
7840035,K03758.01,FALSE POSITIVE,13.54208867,4.9406,28869.0,144.00206
8543279,K03759.01,FALSE POSITIVE,7.549303633,2.3665,10222.9,135.010802
8047283,K03760.01,FALSE POSITIVE,0.77544539,1.8764,6791.4,132.072938
8308347,K03761.01,CANDIDATE,164.950399,30.86,24493.0,280.9154
7090867,K07810.01,FALSE POSITIVE,308.255238,11.959,637.1,282.4555
7612691,K03836.01,FALSE POSITIVE,3.46724809,11.01,1317.3,133.90269
9761573,K03837.01,FALSE POSITIVE,7.4413445,2.8754,2234.0,137.3429
8042789,K03838.01,FALSE POSITIVE,4.618309224,3.6752,1191.0,135.85023
10095484,K03839.01,FALSE POSITIVE,0.677761275,3.7085,877.9,131.625946
5467102,K03840.01,FALSE POSITIVE,2.845739012,11.9327,24391.8,134.279738
6780367,K07789.01,FALSE POSITIVE,175.358905,5.34,215.0,212.2454
10281221,K03913.01,CANDIDATE,0.582895412,1.0528,587.5,131.621083
6525946,K02093.03,CANDIDATE,0.496069986,1.5568,128.8,132.28138
5471496,K03914.01,FALSE POSITIVE,12.42618005,28.1949,1522.8,141.50486
4544620,K03915.01,FALSE POSITIVE,2.189090653,5.2094,1027.1,132.08535
5784777,K03916.01,CONFIRMED,5.33905606,1.6415,755.5,132.14193
6863187,K07794.01,FALSE POSITIVE,1.99492332,5.898,77.7,133.4406
6949061,K01960.02,CONFIRMED,23.2218115,2.744,210.4,151.06904
9719636,K03686.01,FALSE POSITIVE,3.351573993,2.8758,54546.0,134.28062
2452440,K03687.01,FALSE POSITIVE,8.097050622,5.6736,65620.0,138.423529
5020034,K03688.01,FALSE POSITIVE,2.119107262,7.5384,124646.0,132.58903
7017372,K03689.01,CANDIDATE,5.24088367,3.3656,8531.2,136.02877
6974867,K07800.01,FALSE POSITIVE,0.887691177,1.644,37.3,132.36711
7102316,K02028.03,CONFIRMED,142.545,8.75,905.4,202.88
11518142,K03762.01,CONFIRMED,240.7990472,16.666,5022.9,334.14037
3114667,K03763.01,FALSE POSITIVE,0.888584158,2.25012,412710.0,132.100098
12109845,K03765.01,FALSE POSITIVE,0.865959015,1.9058,291274.0,132.053694
3954227,K03766.01,FALSE POSITIVE,0.594276199,2.0188,220745.0,131.835238
8651551,K03841.01,FALSE POSITIVE,1.527491117,7.9136,33546.0,132.259806
7115550,K07811.01,FALSE POSITIVE,0.566814046,4.049,42.1,131.79379
9532637,K03842.01,FALSE POSITIVE,0.61496383,1.93053,358049.0,132.022402
5305451,K03843.01,FALSE POSITIVE,161.253747,25.322,2598.4,189.0939
7174349,K03844.01,FALSE POSITIVE,2.974163938,1.7423,90282.0,132.49312
11824218,K03845.01,FALSE POSITIVE,15.84131693,1.8156,2617.7,145.4595
3128552,K02055.04,CANDIDATE,6.13074243,2.84,146.1,131.85782
10788461,K03925.01,CONFIRMED,9.2075634,3.365,1243.1,135.801
10788461,K03925.02,CONFIRMED,2.5903958,2.088,330.9,132.3011
10788461,K03925.03,CONFIRMED,5.3235335,2.714,342.4,133.0952
11667548,K03926.01,FALSE POSITIVE,0.831741499,2.297,1231.1,132.074741
8868649,K03927.01,FALSE POSITIVE,4.44737112,19.45,224.4,133.84048
9715939,K03690.01,FALSE POSITIVE,12.893018017,3.30029,16032.8,141.611199
6887030,K07795.01,CANDIDATE,5.44085762,2.119,137.5,134.29408
4751083,K03691.01,FALSE POSITIVE,4.532416322,3.2864,34953.0,135.6589
4751083,K03691.02,FALSE POSITIVE,2.26631937,3.16,,133.3865546
5903301,K03692.01,FALSE POSITIVE,1.160153553,2.16452,12302.5,132.145331
7695087,K03693.01,FALSE POSITIVE,4.032760214,2.7194,10803.4,133.301891
6200709,K03694.01,FALSE POSITIVE,3.723552982,3.5632,40143.0,134.94613
8323764,K03767.01,CANDIDATE,6.714247798,3.3304,32213.0,134.31703
7013923,K07801.01,FALSE POSITIVE,2.21396079,3.452,119.4,132.5689
5360082,K03768.01,FALSE POSITIVE,11.35501209,14.557,19675.0,133.20478
6543683,K03769.01,FALSE POSITIVE,1.195515251,5.0834,8054.4,132.303851
5008245,K03770.01,CANDIDATE,2.60720833,2.6452,3149.7,131.84844
10555365,K03771.01,FALSE POSITIVE,5.80184753,3.9551,22143.0,131.77347
5481426,K03772.01,FALSE POSITIVE,2.38404983,3.2849,312732.0,133.43927
7983756,K03846.01,FALSE POSITIVE,5.24078259,5.238,592.6,136.54913
7289165,K03847.01,FALSE POSITIVE,5.26641416,2.4404,223.8,131.69998
12784167,K03848.01,CONFIRMED,1.847892736,1.8904,323.3,132.19915
8949316,K03849.01,FALSE POSITIVE,0.604358764,1.0423,38731.0,131.68577
8912730,K03850.01,FALSE POSITIVE,11.3775281,12.918,1651.3,132.5848
9784230,K03851.01,FALSE POSITIVE,0.7981968,2.22035,257616.0,131.570334
11466960,K03917.01,FALSE POSITIVE,0.695954898,1.469,318.1,131.89905
3124420,K03918.01,FALSE POSITIVE,0.948951607,4.3809,458463.0,132.468516
4649440,K03919.01,FALSE POSITIVE,19.37070781,2.2466,653.2,147.66803
2437488,K03920.01,FALSE POSITIVE,14.46993942,7.455,1235.3,141.81105
10083623,K03921.01,FALSE POSITIVE,1.278555003,1.4247,1478.0,131.529071
11253711,K01972.02,CONFIRMED,1.226223959,2.1689,56.1,132.6827
8043052,K03695.01,FALSE POSITIVE,2.244600029,1.9204,8611.0,133.46529
5435816,K03696.01,FALSE POSITIVE,181.8521773,5.7725,27559.0,251.877795
8559589,K03697.01,FALSE POSITIVE,223.1127475,8.9683,11538.8,140.947135
4372765,K03698.01,FALSE POSITIVE,15.64064161,6.4524,273309.0,140.08502
9489524,K02029.03,CONFIRMED,6.8873113,2.214,85.3,132.0711
10268903,K03773.01,FALSE POSITIVE,1.103978,0.74,,131.573418
7017437,K07802.01,FALSE POSITIVE,43.8496474,2.217,452.3,157.7544
7220320,K03775.01,FALSE POSITIVE,0.752158047,2.42733,37878.8,131.793035
9291378,K03776.01,FALSE POSITIVE,3.796488133,11.0659,3007.6,135.15079
4075067,K03777.01,CANDIDATE,17.7476059,5.066,877.0,139.3464
4949524,K03852.01,FALSE POSITIVE,1.233076007,12.506,1392.4,132.49795
2697935,K03853.01,FALSE POSITIVE,21.5135234,77.983,1583.8,132.3356
6531143,K07784.01,FALSE POSITIVE,19.4444573,5.509,182.3,147.9093
3550434,K03854.01,FALSE POSITIVE,1.1910489,1.3738,1391.1,132.076408
2558370,K03855.01,FALSE POSITIVE,0.546248198,2.1081,114528.0,131.585311
12301181,K02059.02,CANDIDATE,2.18565886,1.966,35.6,132.45418
5397166,K03856.01,FALSE POSITIVE,1.811966339,3.792,408.1,132.27828
7024530,K03922.01,FALSE POSITIVE,66.1539783,5.896,6951.0,156.97153
5015459,K03923.01,FALSE POSITIVE,158.3226379,2.1881,4863.0,251.75032
11709124,K00435.04,CONFIRMED,3.93276627,2.9403,234.9,134.64964
8505920,K02094.02,CONFIRMED,198.680859,8.282,645.4,270.66535
1433980,K03924.01,FALSE POSITIVE,1.592634161,8.9488,155156.0,132.328769
2438490,K03699.01,FALSE POSITIVE,3.31577795,4.2349,94567.0,131.53883
3838496,K03700.01,FALSE POSITIVE,2.990252395,7.8462,216437.0,133.110629
6470521,K03701.01,FALSE POSITIVE,2.08043378,7.708,6861.2,131.827041
2449090,K03702.01,FALSE POSITIVE,4.944046127,4.50334,112503.0,134.192012
5652260,K03703.01,FALSE POSITIVE,4.464565251,4.0221,74112.0,132.311502
2569494,K03704.01,FALSE POSITIVE,1.523298835,5.9083,195071.0,132.32762
12405950,K03778.01,FALSE POSITIVE,3.539631353,1.5372,1229.7,132.774997
5206233,K03779.01,FALSE POSITIVE,6.195861785,2.6078,3509.8,134.23422
7031066,K07803.01,FALSE POSITIVE,0.566805514,4.367,85.3,131.8162
6775985,K03780.01,FALSE POSITIVE,27.961084,3.8741,6268.2,133.1759
11357192,K03782.01,FALSE POSITIVE,186.5168116,3.1968,5752.4,169.64687
9533489,K03783.01,FALSE POSITIVE,197.1455327,2.1145,5664.0,300.176978
11825057,K03857.01,FALSE POSITIVE,0.532087933,3.45028,510366.0,131.972409
12306699,K03858.01,FALSE POSITIVE,3.204222652,2.7952,898.4,133.82223
9692336,K03859.01,FALSE POSITIVE,0.687898282,3.96401,293505.0,131.595979
9641008,K03860.01,FALSE POSITIVE,2.178154774,3.5302,662.6,132.02433
8588377,K03861.01,FALSE POSITIVE,0.99466172,1.576,1370.5,131.63284
3644601,K03862.01,FALSE POSITIVE,359.00688,32.16,2015.8,295.8649
4242692,K03928.01,CONFIRMED,1.138548215,2.1482,66.2,132.46205
8781480,K03929.01,FALSE POSITIVE,121.0598037,3.112,1563.0,159.3454
6783732,K07790.01,FALSE POSITIVE,0.721335207,1.509,31.8,131.57505
11607176,K03930.01,FALSE POSITIVE,3.28274272,8.9,292.8,132.64464
10661718,K03931.01,FALSE POSITIVE,1.231361934,5.433,471.0,131.80783
6105462,K02098.02,CONFIRMED,89.7224125,10.963,263.7,163.15815
8257205,K01986.02,CONFIRMED,7.12766417,2.491,229.2,136.00586
6470516,K03705.01,FALSE POSITIVE,2.080431782,7.4997,894203.0,131.827995
6891124,K07796.01,CANDIDATE,3.52364689,3.439,74.2,134.1864
7770471,K03706.01,FALSE POSITIVE,1.157804607,4.66082,605713.0,132.448327
5130380,K03707.01,FALSE POSITIVE,19.979098,10.5638,38418.0,137.14659
6314173,K03708.01,FALSE POSITIVE,1.433262401,6.2205,428557.0,132.822635
5688997,K03784.01,FALSE POSITIVE,23.8706941,3.4812,6386.3,136.9568
9489524,K02029.04,CANDIDATE,4.78850084,2.099,66.5,135.4574
7031340,K07804.01,FALSE POSITIVE,0.566769068,3.011,40.0,131.8681
4073730,K03785.01,FALSE POSITIVE,6.2820426,7.941,1413.0,131.58905
2854948,K03786.01,FALSE POSITIVE,0.97430309,2.1088,34976.0,132.390205
7813039,K03787.01,CANDIDATE,141.73403059,1.5851,7736.4,167.345982
3644601,K03862.02,FALSE POSITIVE,119.686505,29.33,842.7,176.0608
8459354,K03863.01,FALSE POSITIVE,53.556625,16.18,3963.0,184.4892
6531617,K07785.01,CANDIDATE,433.220461,2.725,725.1,271.04277
4164922,K03864.01,CONFIRMED,1.210693626,1.434,159.1,132.39306
12061969,K02061.02,CONFIRMED,1.090011003,1.5,174.8,131.58066
4164922,K03864.02,CANDIDATE,18.2572722,3.434,157.5,134.44527
10328393,K01905.03,CONFIRMED,34.2115022,4.947,273.8,154.57508
10259029,K03630.01,FALSE POSITIVE,7.061149921,3.33515,131257.0,134.558528
8299947,K03631.01,FALSE POSITIVE,2.682767439,4.58143,394412.0,131.570648
3335813,K03632.01,FALSE POSITIVE,3.711012492,3.3394,7559.8,132.488455
11858741,K03633.01,FALSE POSITIVE,1.780982447,3.4297,357695.0,131.520134
6363494,K03634.01,FALSE POSITIVE,1.815632406,3.35773,61573.6,131.9113803
2576107,K03709.01,FALSE POSITIVE,205.5833309,6.0353,24872.0,234.746256
9532421,K03710.01,FALSE POSITIVE,4.309067482,2.21,23647.0,134.71445
6936966,K07797.01,FALSE POSITIVE,36.4721523,2.673,52.6,159.7848
5653849,K03711.01,FALSE POSITIVE,111.0396205,25.751,9356.2,161.93506
2437060,K03712.01,FALSE POSITIVE,3.187087241,7.2897,129093.0,132.8582
8127648,K03713.01,FALSE POSITIVE,1.023470248,2.3804,129526.0,131.703274
11564013,K03714.01,FALSE POSITIVE,0.875267982,1.6038,11701.0,132.03224
9405541,K03788.01,FALSE POSITIVE,5.55260695,4.1178,727.6,132.08428
8906045,K03789.01,FALSE POSITIVE,2.347479696,26.25,81996.0,133.67205
7031638,K07805.01,FALSE POSITIVE,1.13353095,3.17,18.5,132.4414
7296094,K03790.01,FALSE POSITIVE,0.890745373,1.9215,120034.0,131.884401
5437945,K03791.01,CONFIRMED,440.7843755,21.693,2579.0,139.3535
12009347,K03792.01,FALSE POSITIVE,2.723858181,1.4313,5497.0,133.57632
4037163,K03793.01,FALSE POSITIVE,0.635441862,1.9827,147609.0,131.966607
5535890,K03865.01,FALSE POSITIVE,3.255189932,2.7117,119.2,134.6015
5215980,K03866.01,FALSE POSITIVE,2.531140101,20.399,11786.5,132.49471
9353742,K03867.01,CONFIRMED,0.938750221,1.3568,280.7,131.68256
9178185,K03868.01,FALSE POSITIVE,2.992704682,1.2585,361.1,133.29518
6290382,K03869.01,FALSE POSITIVE,6.12810722,2.824,2336.0,137.03456
3327992,K03635.01,FALSE POSITIVE,2.115511511,8.5116,25805.0,131.99137
5649206,K03636.01,FALSE POSITIVE,2.446736567,5.0201,415859.0,133.968534
5193384,K03637.01,FALSE POSITIVE,21.3779536,24.872,255244.0,157.8164
5181804,K03638.01,FALSE POSITIVE,4.350460215,2.5276,50424.0,132.27239
10491544,K03639.01,FALSE POSITIVE,22.77194512,10.1995,30246.0,133.84261
9101496,K01915.02,CONFIRMED,67.844689,11.757,211.2,149.5007
11450414,K01992.02,CONFIRMED,27.3214242,4.836,279.6,154.29833
4937143,K03715.01,FALSE POSITIVE,9.84883968,5.7425,22012.0,135.993
8719324,K03716.01,FALSE POSITIVE,10.23335969,7.55,,139.7882155
11241814,K03717.01,FALSE POSITIVE,227.6625222,5.5072,13894.8,232.241995
5036537,K03718.01,FALSE POSITIVE,1.06100873,2.6715,6367.1,132.521276
9837083,K03719.01,FALSE POSITIVE,0.623393802,1.40392,30192.2,131.599128
12557548,K03794.01,CONFIRMED,0.65355361,1.63,4595.9,132.058957
3657758,K02034.02,CONFIRMED,2.3702932,1.666,224.8,133.6801
7031726,K07806.01,FALSE POSITIVE,0.566793534,4.714,92.4,131.8368
3338660,K03795.01,FALSE POSITIVE,1.873380717,10.1083,538716.0,131.795634
3338674,K03796.01,FALSE POSITIVE,1.87337894,9.1328,5444.0,131.796393
5546277,K03797.01,FALSE POSITIVE,7.50023955,2.916,273.2,137.38848
8258160,K03870.01,FALSE POSITIVE,23.6270348,11.481,8433.0,150.0362
9752982,K03871.01,FALSE POSITIVE,0.716709897,0.7466,932.5,132.050846
4666008,K03872.01,FALSE POSITIVE,2.248063246,5.1297,631.7,132.75441
8430105,K03873.01,FALSE POSITIVE,63.3278636,47.0744,11515.0,165.22656
9517393,K02076.02,CONFIRMED,219.3215562,12.4124,3628.7,320.72862
8052474,K03640.01,FALSE POSITIVE,245.4382021,14.502,11311.6,361.302835
3534118,K03641.01,FALSE POSITIVE,178.4129899,2.9298,37510.0,218.225235
3534118,K03641.02,FALSE POSITIVE,178.44973004,12.86,,217.6718259
2441161,K03642.01,FALSE POSITIVE,2.192004364,3.075,99583.0,132.218114
3231120,K03643.01,FALSE POSITIVE,3.900109346,3.9037,126194.0,133.380544
12216706,K03644.01,FALSE POSITIVE,1.471060209,4.3708,148439.0,132.27522
12216706,K03644.02,FALSE POSITIVE,0.73553763,2.0,,131.5246162
10735331,K03720.01,FALSE POSITIVE,213.3990406,6.5043,13929.5,274.209685
7763269,K03721.01,FALSE POSITIVE,6.40802979,2.9288,7784.1,134.0732
8365739,K03722.01,CANDIDATE,2.38920105,3.15,,132.05991
5471606,K03723.01,FALSE POSITIVE,0.962835804,4.9844,14328.4,132.198475
11200405,K03724.01,FALSE POSITIVE,4.639602084,3.4636,25079.0,135.09909
5475736,K03798.01,FALSE POSITIVE,2.991885335,7.4319,1356.9,134.17581
9049673,K03799.01,FALSE POSITIVE,1.327471395,5.2334,5673.8,131.583734
7031898,K07807.01,FALSE POSITIVE,0.566792595,2.637,19.9,131.817
9593759,K03800.01,FALSE POSITIVE,1.247156944,2.6779,134761.0,132.36584
8827930,K03801.01,CANDIDATE,288.3128666,5.419,11181.0,374.79958
5020044,K03802.01,FALSE POSITIVE,2.119100054,8.2163,1651.1,132.59118
11560037,K03874.01,FALSE POSITIVE,1.466535757,0.8222,1346.4,131.992658
11911561,K03875.01,FALSE POSITIVE,8.870415578,1.2864,873.1,137.481093
6547322,K07786.01,FALSE POSITIVE,1.49131759,4.721,25.8,132.1676
3440118,K03876.01,CONFIRMED,19.57783279,1.9857,432.6,131.71421
9159265,K03877.01,FALSE POSITIVE,3.04476607,9.568,272.6,132.43708
4472818,K03878.01,CONFIRMED,70.9672087,6.9623,784.7,182.66991
5816806,K03645.01,FALSE POSITIVE,4.45543346,5.116,245681.0,134.453921
6531496,K03646.01,FALSE POSITIVE,14.323889947,4.83729,69071.6,135.225964
9661869,K03647.01,FALSE POSITIVE,20.427232317,3.46429,121813.0,135.862807
6790592,K07791.01,CANDIDATE,106.18732,10.29,266.1,180.796
9411166,K01922.03,CONFIRMED,105.6552651,9.39,1366.9,230.09865
3097352,K03648.01,FALSE POSITIVE,4.029803201,4.4301,191073.0,134.422433
6066379,K03649.01,FALSE POSITIVE,1.303858554,4.36797,126636.0,131.606872
6508221,K00416.03,CANDIDATE,9.74765878,2.62,102.0,139.16424
12154526,K02004.02,CONFIRMED,3.18899015,2.722,66.2,133.52624
6952971,K07798.01,CANDIDATE,309.89103,16.4,321.3,259.0588
3459199,K03725.01,FALSE POSITIVE,1.570518376,3.2035,2213.2,132.340523
6973796,K03726.01,FALSE POSITIVE,115.9943364,2.4136,37571.0,139.57168
12023089,K03727.01,FALSE POSITIVE,0.623441636,1.46001,19340.5,131.6792187
6286155,K03803.01,FALSE POSITIVE,14.5417471,5.6067,1088.6,137.58734
7831363,K03804.01,FALSE POSITIVE,2.81753381,2.1551,3836.0,132.8937
8804845,K02039.02,CONFIRMED,0.762132307,1.22,63.7,131.61542
4663185,K03805.01,FALSE POSITIVE,56.6993107,7.0706,5824.7,146.1473
5305471,K03806.01,FALSE POSITIVE,161.252247,23.467,2185.9,189.10948
5560830,K03879.01,FALSE POSITIVE,0.867719291,6.323,2651.8,132.165597
4147444,K03880.01,CANDIDATE,1.803697292,1.5922,69.7,131.51365
8211824,K03881.01,FALSE POSITIVE,0.84112187,2.0431,75070.0,132.164939
5980800,K03882.01,FALSE POSITIVE,0.828326025,1.42721,10718.0,132.175806
9592850,K03883.01,FALSE POSITIVE,1.219324537,4.7501,379055.0,131.94673
6227560,K03650.01,FALSE POSITIVE,2.401751509,2.0835,25044.0,133.711919
5866104,K03651.01,FALSE POSITIVE,36.97709537,5.2063,217145.0,133.6264
8256044,K03652.01,FALSE POSITIVE,16.371883638,3.44467,65927.0,140.020073
8780968,K03653.01,FALSE POSITIVE,2.617284592,9.5545,231450.0,132.390683
6960446,K03654.01,FALSE POSITIVE,10.14873521,5.603,116125.0,136.02501
8264097,K03655.01,FALSE POSITIVE,2.897436854,3.2833,289807.0,132.038502
7515679,K03728.01,CONFIRMED,5.546083089,2.717,2211.0,133.50348
9674592,K03729.01,FALSE POSITIVE,6.87366398,7.0845,9766.9,136.13966
9674592,K03729.02,FALSE POSITIVE,6.87366412,4.85,,132.4575658
10879213,K03730.01,FALSE POSITIVE,0.668483494,2.4129,722770.0,132.156558
5650314,K03731.01,FALSE POSITIVE,1.070272827,4.2844,9886.5,131.835891
6962901,K07799.01,FALSE POSITIVE,0.977170246,3.4842,151.1,132.23783
8302302,K03732.01,FALSE POSITIVE,1.135930136,4.5036,27247.4,132.396556
10581918,K03807.01,FALSE POSITIVE,1.801863222,7.2492,262582.0,132.48449
3851949,K03808.01,FALSE POSITIVE,54.77145968,37.1871,7224.8,143.74319
9097892,K03809.01,FALSE POSITIVE,1.674690886,2.0179,527.4,132.172107
5769943,K03810.01,CANDIDATE,1.013774136,1.2774,33878.0,131.95888
4638237,K03811.01,CANDIDATE,290.1401717,2.1583,4836.0,307.250618
9351316,K02078.02,CONFIRMED,161.515617,6.548,2215.3,176.49978
4579313,K03884.01,FALSE POSITIVE,2.112405306,2.5845,489.0,132.97515
11614528,K03885.01,FALSE POSITIVE,1.870990236,1.8432,642.6,132.68949
8848288,K03886.01,FALSE POSITIVE,5.56648691,10.931,694.9,133.03305
6590307,K07787.01,FALSE POSITIVE,1.33253834,3.737,62.4,132.066
5308419,K03887.01,FALSE POSITIVE,1.241483276,2.195,141.0,132.10028
6312521,K03656.01,FALSE POSITIVE,3.01551943,3.1713,159584.0,132.943637
4579321,K03657.01,FALSE POSITIVE,2.112395777,2.7714,262602.0,134.034448
5202905,K01932.02,CONFIRMED,14.8444836,6.091,177.9,143.576
1575690,K03658.01,FALSE POSITIVE,2.252417903,1.9767,32296.0,132.436339
4386047,K03659.01,FALSE POSITIVE,2.900613144,3.7357,165475.0,133.422871
5103998,K03660.01,FALSE POSITIVE,174.7697122,2.3569,68139.0,172.472322
9655858,K03733.01,FALSE POSITIVE,31.43284649,5.3541,178874.0,138.11259
12154526,K02004.03,CANDIDATE,1.72110057,1.922,29.7,132.76068
10275880,K03734.01,FALSE POSITIVE,9.72675447,19.6214,6641.6,139.47635
2166200,K03735.01,FALSE POSITIVE,8.096939227,2.8833,142891.0,132.646466
3547315,K03736.01,FALSE POSITIVE,0.64234865,2.1184,39597.0,131.911078
6933781,K03737.01,FALSE POSITIVE,130.4194187,4.165,2290.9,229.758424
6148271,K03812.01,FALSE POSITIVE,1.78526527,6.2233,1733.1,133.1265
5386904,K03813.01,FALSE POSITIVE,4.8591441,3.8588,2183.6,132.6666
2997178,K03814.01,FALSE POSITIVE,5.95077813,5.6,761.8,135.06469
8956206,K02048.02,FALSE POSITIVE,99.673478,0.968,2496.0,219.33483
6507433,K03815.01,CANDIDATE,4.7425521,1.11,3583.0,133.13755
8260198,K03888.01,FALSE POSITIVE,0.955297055,1.7405,846.1,132.179352
10733174,K03889.01,FALSE POSITIVE,280.476576,32.24,651.2,299.3871
8564976,K03890.01,FALSE POSITIVE,152.8255989,22.688,2173.5,197.41339
8765560,K03891.01,CANDIDATE,47.1096306,5.741,752.2,144.13172
11760860,K03892.01,CONFIRMED,2.41660149,1.9699,83.6,131.53713
7910148,K03661.01,FALSE POSITIVE,4.252082243,2.7543,8290.5,134.299947
12459731,K03662.01,FALSE POSITIVE,14.180228311,4.5344,172737.0,143.127623
12735740,K03663.01,CONFIRMED,282.5253558,10.7965,9746.4,363.071925
4678875,K03664.01,FALSE POSITIVE,1.87887673,6.60887,824392.0,133.0741983
7812175,K03665.01,FALSE POSITIVE,17.79391159,4.3194,93395.0,134.035628
7708193,K03666.01,FALSE POSITIVE,7.942583252,7.0612,88327.0,134.817062
5478083,K03738.01,FALSE POSITIVE,15.85231085,4.8707,437862.0,142.52451
10857342,K03739.01,FALSE POSITIVE,2.415925551,9.7769,560970.0,133.610004
5215700,K03740.01,FALSE POSITIVE,0.656201038,4.17901,174860.0,132.0994299
8780959,K03741.01,FALSE POSITIVE,2.617280959,9.661,3089.9,132.391963
8780959,K03741.02,CANDIDATE,18.577903,20.11,99.8,142.171
5565486,K03742.01,FALSE POSITIVE,1.412524016,5.74859,175776.0,131.704429
8453214,K01776.01,FALSE POSITIVE,5.77676732,6.822,5794.8,131.5416
8552719,K01792.01,CONFIRMED,88.40678718,12.3079,1724.4,176.274619
8556077,K02027.01,FALSE POSITIVE,3.635723653,2.1862,80.0,134.6084
7757698,K07848.01,FALSE POSITIVE,369.181947,3.239,913.0,399.5169
8625821,K01859.01,FALSE POSITIVE,45.3968385,4.477,1355.2,136.93885
8652999,K01953.01,FALSE POSITIVE,15.160166,5.856,307.9,136.55982
12164770,K02088.01,FALSE POSITIVE,2.63009438,11.226,388.9,132.22517
9541322,K02089.01,FALSE POSITIVE,9.40527028,2.076,470.9,134.55181
10470616,K02112.01,FALSE POSITIVE,4.15713766,1.808,77.0,132.21689
10362031,K02118.01,FALSE POSITIVE,3.2136904,2.205,55.8,132.98252
6373680,K02127.01,FALSE POSITIVE,2.87066026,1.541,450.8,133.66393
10963242,K01312.02,FALSE POSITIVE,31.24611088,4.76,,138.4604477
9150827,K01408.02,FALSE POSITIVE,82.37208458,6.35,,208.4205685
9957351,K03964.01,FALSE POSITIVE,0.991105114,2.2137,286389.0,131.893383
5385575,K03965.01,FALSE POSITIVE,12.425580393,57.2012,1131.0,141.5382062
3732035,K03966.01,CONFIRMED,138.944022,10.611,530.2,153.90645
5385697,K03967.01,FALSE POSITIVE,12.4260454,27.7691,582.1,141.5025
5385697,K03967.02,FALSE POSITIVE,12.4260002,30.1966,468.6,133.9385
8823833,K03968.01,FALSE POSITIVE,1.50650136,3.1126,66.9,132.98952
5008501,K01666.01,CANDIDATE,0.968026356,0.7143,212.7,131.756162
5015913,K01667.01,FALSE POSITIVE,1.179969562,1.9745,1109.3,133.381942
5103942,K01668.01,FALSE POSITIVE,10.10176739,2.1267,601.7,131.80667
5184709,K01670.01,CANDIDATE,10.57910009,1.4553,329.3,141.07251
5195172,K01671.01,CONFIRMED,1.480283464,2.486,60.5,134.37254
8678664,K01782.01,FALSE POSITIVE,15.420409367,2.3707,14759.2,133.516609
8832512,K01821.01,CONFIRMED,9.97682072,3.4873,966.8,131.76825
8892721,K01844.01,FALSE POSITIVE,61.4913415,9.627,3692.4,163.63194
7778664,K07849.01,CANDIDATE,5.0263815,4.384,77.2,135.5595
9042357,K01993.01,FALSE POSITIVE,16.00351679,4.001,668.3,146.38812
9115681,K01865.01,FALSE POSITIVE,1.86390886,4.414,176.1,132.19741
10481045,K02320.01,FALSE POSITIVE,2.03743942,3.103,112.5,131.55893
8107034,K02322.01,FALSE POSITIVE,332.74984,14.77,518.1,386.9102
3962751,K02326.01,FALSE POSITIVE,45.60304785,8.35,,171.32001
8582291,K02330.01,FALSE POSITIVE,2.4681015,2.83,172.8,132.07692
5110683,K02334.01,FALSE POSITIVE,12.53449909,6.02,,134.95078
7967861,K02349.01,FALSE POSITIVE,215.15218,19.97,264.2,171.913
8179325,K02359.01,FALSE POSITIVE,3.17275711,5.404,313.2,133.98944
5211199,K02158.02,CANDIDATE,6.68231249,3.251,48.7,132.18853
5475494,K03969.01,FALSE POSITIVE,0.73619448,1.1148,247.3,132.08341
9412445,K03970.01,FALSE POSITIVE,10.18670759,7.498,261.2,132.51843
7866914,K03971.01,FALSE POSITIVE,365.994154,13.071,698.5,217.68143
6057684,K03972.01,FALSE POSITIVE,0.54028956,3.619,293.5,131.85133
5271608,K01673.01,FALSE POSITIVE,2.49047468,2.2003,222.2,133.44225
5357470,K01674.01,FALSE POSITIVE,2.17257963,1.5794,335.5,133.00429
5443775,K01676.01,FALSE POSITIVE,3.307669761,1.672,243.1,131.56743
5527172,K01678.01,FALSE POSITIVE,3.183961388,3.7875,39268.0,132.865355
7386391,K07837.01,FALSE POSITIVE,48.507991,8.984,288.9,148.3182
5529643,K01679.01,FALSE POSITIVE,0.759766456,5.323,480.5,131.7904
9366989,K01785.01,FALSE POSITIVE,1.219034472,2.151,6923.8,132.100235
9468717,K01954.01,FALSE POSITIVE,7.37339245,2.883,125.0,134.0101
9528420,K01742.01,FALSE POSITIVE,4.70847097,6.0503,32622.1,134.153065
9529744,K01806.01,FALSE POSITIVE,2.404556949,7.4918,408.7,131.67616
7834712,K07850.01,CANDIDATE,66.119119,3.086,862.0,145.2356
9574614,K01745.01,CANDIDATE,0.982090079,1.44892,5396.7,131.701452
9674608,K01795.01,FALSE POSITIVE,2.972047661,1.198,5945.0,133.24987
8495415,K02362.01,FALSE POSITIVE,2.237180102,1.4734,493.8,133.68185
10341905,K02391.01,FALSE POSITIVE,0.93374232,6.552,351.4,131.52477
10336927,K02394.01,FALSE POSITIVE,134.76308997,8.77,,131.94463
12115188,K02396.01,FALSE POSITIVE,0.495434094,1.2496,287.9,133.458716
9850957,K02446.01,FALSE POSITIVE,8.48031302,5.988,107.0,135.86745
12470954,K00439.02,FALSE POSITIVE,5.40534383,2.32,,131.8513595
8189801,K02480.01,CANDIDATE,0.66682654,0.7847,511.6,133.041202
11568224,K03973.01,FALSE POSITIVE,0.882131829,6.8106,3620.9,131.900716
7938883,K03974.01,FALSE POSITIVE,0.489682339,1.7495,431674.0,131.5738141
9280239,K03975.01,CONFIRMED,364.751562,13.057,1481.5,135.47514
4544571,K03976.01,FALSE POSITIVE,2.189098506,5.1498,2533.7,132.080937
3245661,K03977.01,FALSE POSITIVE,0.7088055,3.6789,17575.0,132.168239
5618071,K01682.01,FALSE POSITIVE,88.821421,9.35,393.7,160.4918
6312534,K01689.01,FALSE POSITIVE,1.507761203,3.096,2773.7,132.942717
6470917,K01690.01,FALSE POSITIVE,1.506019633,2.408,136.9,133.02809
7431709,K07838.01,FALSE POSITIVE,0.572513875,2.353,49.3,131.776
6611330,K01691.01,FALSE POSITIVE,35.14578122,2.253,6789.4,136.493569
6699368,K01694.01,FALSE POSITIVE,3.690317047,1.3784,465.5,131.542094
9886255,K01846.01,CONFIRMED,105.9566815,6.9988,2286.4,182.05127
9973855,K01966.01,FALSE POSITIVE,2.95600563,2.6717,76.1,134.06322
10019399,K01796.01,FALSE POSITIVE,11.805707539,2.0494,2052.1,133.050811
7841368,K07851.01,FALSE POSITIVE,25.3710555,3.739,78.6,141.8015
10028352,K01957.01,CANDIDATE,1.38680229,1.7065,242.3,132.532038
10031707,K01827.01,FALSE POSITIVE,8.58966893,6.962,429.6,132.01936
10092312,K01823.01,FALSE POSITIVE,4.468456599,1.4195,906.7,138.741584
10407054,K02500.01,FALSE POSITIVE,0.933754669,4.048,89.3,132.44306
10880007,K02502.01,FALSE POSITIVE,86.79876649,2.99,,199.89506
8418129,K02515.01,FALSE POSITIVE,164.57506747,9.57,,222.03648
6525185,K02568.01,FALSE POSITIVE,1.71030803,2.718,216.0,131.6107
10812504,K02570.01,FALSE POSITIVE,79.9201319,4.482,1326.8,197.21721
8107115,K02575.01,FALSE POSITIVE,199.3113,6.43,383.6,172.4242
10663411,K02584.01,FALSE POSITIVE,157.82131,12.42,192.3,137.7418
10090219,K03978.01,FALSE POSITIVE,2.28612573,12.408,301.6,133.53049
9205938,K02162.02,CONFIRMED,199.66876,8.996,251.9,131.609
9899217,K03979.01,FALSE POSITIVE,1.33254971,4.69,158.3,132.05415
6750902,K03980.01,FALSE POSITIVE,0.469334634,0.8864,340.4,131.736456
5895588,K03981.01,FALSE POSITIVE,0.849277809,3.137,690.8,132.17649
6803855,K01695.01,CONFIRMED,71.4523167,6.276,216.9,148.80814
6891366,K01696.01,FALSE POSITIVE,1.752564549,3.503,116.6,132.71889
7448023,K07839.01,FALSE POSITIVE,0.566816802,1.981,94.0,131.77983
6891637,K01697.01,FALSE POSITIVE,1.752553762,3.877,414.7,132.72735
6975615,K01698.01,FALSE POSITIVE,2.065351521,2.661,173.2,133.15601
7137725,K01699.01,FALSE POSITIVE,2.253551793,3.66,119.6,132.4798
10153855,K01981.01,CONFIRMED,1.06378861,1.072,251.5,131.52465
10230571,K01926.01,FALSE POSITIVE,123.11494773,17.24,,172.26301
10294613,K01896.01,FALSE POSITIVE,1.854493861,4.2367,1287.3,132.49056
7879648,K07852.01,FALSE POSITIVE,1.020713389,0.873,102.3,132.20309
10491044,K01763.01,FALSE POSITIVE,2.1990638,3.197,344.8,133.06948
10614012,K01807.01,FALSE POSITIVE,132.1331011,26.715,7956.2,149.17288
10616415,K01999.01,FALSE POSITIVE,1.120646438,1.7664,322.5,131.59197
6525193,K02653.01,FALSE POSITIVE,1.710279417,2.252,228.8,131.61739
6866251,K02661.01,FALSE POSITIVE,65.238281,5.756,197.2,158.9557
7117710,K07817.01,FALSE POSITIVE,0.56679641,2.324,26.7,131.8085
7762723,K02663.01,CONFIRMED,9.88736642,4.23,68.0,139.52781
4178606,K02728.01,CONFIRMED,42.3520039,7.773,512.6,131.61246
5980208,K02742.01,CONFIRMED,0.789160884,0.9268,215.1,131.50545
5303557,K03982.01,FALSE POSITIVE,2.399081606,4.384,6071.6,133.06425
10227863,K03983.01,FALSE POSITIVE,5.14072621,27.24,145.6,135.0222
7281668,K07829.01,FALSE POSITIVE,0.566798545,5.224,36.9,131.8431
8036287,K03984.01,CONFIRMED,1.44445234,0.9753,200.7,132.80685
9602562,K03985.01,FALSE POSITIVE,3.55653637,8.7,202.5,133.5172
10668665,K03986.01,FALSE POSITIVE,9.60853601,3.672,584.4,137.74499
10407020,K03987.01,FALSE POSITIVE,0.933747751,3.9236,76.6,131.52218
7380829,K01703.01,FALSE POSITIVE,3.17463577,10.988,405.9,132.24293
7470491,K07840.01,FALSE POSITIVE,0.902222843,2.0516,29.7,131.7156501
7768952,K01709.01,FALSE POSITIVE,22.4685309,3.034,242.3,148.4968
8162790,K01712.01,FALSE POSITIVE,10.16104834,3.0448,908.9,141.51593
9655129,K01714.01,FALSE POSITIVE,2.743978797,6.442,39994.0,133.76412
9899483,K01719.01,FALSE POSITIVE,1.332561398,4.103,150.6,132.0511
10917681,K01963.01,CANDIDATE,12.89623554,2.625,426.6,136.82697
7882360,K07853.01,FALSE POSITIVE,364.14397,15.37,513.5,376.4124
10965740,K01887.01,FALSE POSITIVE,21.78769087,4.498,507.7,136.69645
11187436,K01804.01,CONFIRMED,5.90741476,1.016,5569.0,133.93511
11285136,K01774.01,FALSE POSITIVE,2.368173896,2.346,10143.0,133.81015
11298815,K02015.01,FALSE POSITIVE,5.73865933,4.051,688.6,136.91835
11342573,K01771.01,FALSE POSITIVE,91.05641908,6.7282,57607.6,204.836321
7134626,K07818.01,CANDIDATE,2.52443998,2.369,45.8,133.77012
9823519,K02793.01,CONFIRMED,4.49686066,1.7306,1932.5,134.20642
11246161,K02796.01,CANDIDATE,0.5374094,1.2039,94.2,131.49675
7047824,K02806.01,CONFIRMED,24.7543849,3.39,593.3,140.20732
4479633,K02814.01,FALSE POSITIVE,0.475068516,0.8552,110.1,131.8191
4952341,K02818.01,FALSE POSITIVE,1.79683793,7.911,223.3,134.83029
8176019,K02843.01,FALSE POSITIVE,187.51251276,8.05,,178.10516
5385491,K03988.01,FALSE POSITIVE,12.425484,28.0218,117.2,133.99
11358389,K02163.02,CONFIRMED,17.7838298,3.997,247.1,146.91035
5551504,K03989.01,FALSE POSITIVE,1.204529346,1.62,86.9,131.93613
6421503,K03990.01,FALSE POSITIVE,2.15839583,8.09,352.2,131.89506
10352333,K03991.01,CANDIDATE,1.570592397,0.623,214.4,131.530377
7538434,K07841.01,FALSE POSITIVE,371.1495,15.855,597.3,415.4245
10487119,K01635.01,FALSE POSITIVE,3.374684854,4.48335,80917.0,131.769948
10621666,K01636.01,FALSE POSITIVE,2.61841046,3.304,180.2,136.66312
10747439,K01638.01,FALSE POSITIVE,4.593594819,2.6391,1455.2,134.889552
10749128,K01639.01,FALSE POSITIVE,125.0426,8.99,104.3,240.291
10813841,K01640.01,FALSE POSITIVE,6.17039154,2.116,502.9,354.54497
10879656,K01642.01,FALSE POSITIVE,0.364860478,1.4736,112.6,132.07029
12253474,K01947.01,CANDIDATE,6.422943288,1.0815,261.4,135.55302
12691412,K01983.01,FALSE POSITIVE,6.90522317,3.533,420.3,137.02059
5024482,K02041.01,FALSE POSITIVE,1.5259105,3.114,83.9,132.7061
8175131,K02139.01,FALSE POSITIVE,4.27121961,2.9283,966.7,132.10466
3764879,K02141.01,CANDIDATE,1.306984786,1.194,302.1,131.529128
7177766,K07819.01,FALSE POSITIVE,0.769358923,1.5364,44.8,131.57827
5513897,K02591.01,FALSE POSITIVE,0.755109106,2.967,106.0,132.56239
10664416,K02599.01,FALSE POSITIVE,25.3239215,70.405,1379.7,138.49766
9602613,K02612.01,CONFIRMED,4.61225043,2.695,29.1,133.86134
5807769,K02614.01,CONFIRMED,7.99022379,3.273,165.9,132.268
11495766,K02630.01,FALSE POSITIVE,4.1749166,4.828,40.7,134.1713
7282154,K07830.01,FALSE POSITIVE,0.56678694,1.959,61.2,131.82489
3228988,K03992.01,FALSE POSITIVE,0.73094701,4.223,227.7,132.22433
2970804,K03993.01,FALSE POSITIVE,0.686994057,3.5252,2797.1,131.661024
7552701,K03994.01,FALSE POSITIVE,1.324247867,1.4759,83.3,131.51043
7418173,K03995.01,FALSE POSITIVE,0.780632043,1.4109,736.5,132.190835
3228804,K03996.01,FALSE POSITIVE,0.730947169,4.396,248.0,132.22192
11045383,K01645.01,FALSE POSITIVE,41.16676097,2.2133,5386.3,158.917777
11391667,K01652.01,FALSE POSITIVE,1.083736642,1.57912,8930.8,134.1369208
11392017,K01653.01,FALSE POSITIVE,2.45570369,3.1,273.8,133.03195
3446451,K01735.01,FALSE POSITIVE,0.64234875,1.3699,103.7,131.910695
6603756,K01729.01,FALSE POSITIVE,5.204286663,6.2598,35221.0,135.885314
8460600,K01730.01,FALSE POSITIVE,6.352090869,3.88771,75141.7,134.2069907
12121470,K02142.01,FALSE POSITIVE,1.877350712,1.7478,185.6,132.26591
3327993,K02157.01,FALSE POSITIVE,2.11552348,6.712,359.2,134.09961
5467124,K02161.01,FALSE POSITIVE,2.84573962,7.28,211.7,134.27578
7906739,K02165.01,FALSE POSITIVE,7.01476115,3.945,122.1,136.88345
2860114,K02170.01,FALSE POSITIVE,0.941603153,1.1886,462.1,132.976171
8501062,K02176.01,FALSE POSITIVE,24.40213373,12.57,,149.47431
7199644,K07821.01,FALSE POSITIVE,1.13357304,2.849,33.1,131.8204
11966253,K02772.01,FALSE POSITIVE,0.643468999,1.1108,108.0,131.83868
10275805,K02782.01,FALSE POSITIVE,112.645961,7.037,1957.9,182.99824
5709889,K02783.01,FALSE POSITIVE,0.526887517,0.8971,119.9,131.86561
3119256,K02784.01,FALSE POSITIVE,4.14244748,2.203,69.9,132.907
9943435,K02788.01,FALSE POSITIVE,0.777663575,1.1741,134.3,131.52537
2442359,K03997.01,FALSE POSITIVE,0.552834211,1.2887,145.7,131.75468
7707742,K03998.01,FALSE POSITIVE,0.758354475,4.56811,581782.0,132.623984
6041734,K02167.03,CONFIRMED,76.5369531,5.574,652.2,164.15644
2010191,K03999.01,FALSE POSITIVE,3.43525124,4.509,152.2,132.6333
5471675,K04000.01,FALSE POSITIVE,0.962828092,4.411,63.0,132.20697
7601665,K07842.01,CANDIDATE,3.11141514,3.074,28.4,132.4992
8845574,K01734.01,FALSE POSITIVE,1.878156188,2.058,787.5,136.2716
2021440,K01987.01,FALSE POSITIVE,7.81153999,5.984,912.8,136.33101
3122985,K01949.01,FALSE POSITIVE,0.993488979,1.9694,24327.0,131.607354
3248019,K01759.01,FALSE POSITIVE,1.334104585,3.14624,61690.8,132.3674913
3328026,K01994.01,FALSE POSITIVE,2.115498574,6.738,444.2,134.11259
7116024,K07812.01,FALSE POSITIVE,3.40076682,4.7,21.1,131.8405
2014991,K02178.01,FALSE POSITIVE,6.49676881,2.527,135.0,132.17439
12885212,K02184.01,FALSE POSITIVE,2.057499811,2.569,325.6,133.31318
5894073,K02187.01,FALSE POSITIVE,10.5856758,4.911,178.7,136.9685
10518424,K02188.01,FALSE POSITIVE,2.69633621,5.238,238.6,132.99538
4245933,K02190.01,FALSE POSITIVE,11.2580745,23.516,713.3,140.794
7199724,K07822.01,FALSE POSITIVE,0.566795586,4.124,39.4,131.83245
12935144,K02847.01,FALSE POSITIVE,1.099291188,1.765,282.6,131.50242
6185496,K02858.01,FALSE POSITIVE,0.47462889,1.0194,331.3,131.54237
6606438,K02860.01,CONFIRMED,103.4269873,5.03,950.1,220.22869
9149789,K02874.01,CANDIDATE,0.352515897,1.0525,168.2,132.01659
12170648,K02875.01,FALSE POSITIVE,0.299697755,0.8473,346.9,132.017121
7051984,K02879.01,CANDIDATE,0.339069751,1.1516,53.2,131.86957
7282168,K07831.01,FALSE POSITIVE,0.56681727,1.779,35.9,131.7715
9851943,K04001.01,FALSE POSITIVE,1.081935491,5.136,202.9,131.52874
5773121,K04002.01,CONFIRMED,0.524175803,0.7648,236.8,131.60105
2708420,K04003.01,FALSE POSITIVE,1.89129881,5.294,82.0,132.6639
4814502,K04004.01,CONFIRMED,4.94330596,2.9334,126.2,135.57568
8142787,K04005.01,CONFIRMED,178.139072,9.654,678.8,210.11802
7613620,K07843.01,CANDIDATE,0.619023176,1.496,77.9,131.92817
3345675,K01772.01,CANDIDATE,120.00336404,3.3803,39596.0,250.137832
3654950,K01766.01,FALSE POSITIVE,4.067371428,5.8962,63446.7,134.316022
3836453,K01903.01,FALSE POSITIVE,1.540395781,1.6305,173.4,131.99631
3952651,K01912.01,FALSE POSITIVE,32.9045733,4.402,662.3,141.29325
3966262,K01811.01,FALSE POSITIVE,2.46353343,2.954,830.0,135.3459
4144231,K01791.01,FALSE POSITIVE,22.91339043,3.94,5407.0,140.64839
9964670,K02192.01,FALSE POSITIVE,1.541350116,3.29,378.0,132.32528
6209798,K02196.01,FALSE POSITIVE,1.205412526,1.537,109.2,131.93619
6525249,K02197.01,FALSE POSITIVE,1.710316235,3.614,409.4,131.60973
11075429,K02198.01,CONFIRMED,23.9210408,5.174,158.3,139.07872
11705004,K02199.01,CONFIRMED,9.03326435,2.857,610.7,137.17738
6137681,K03932.01,FALSE POSITIVE,356.535835,5.467,3113.0,433.62066
11244682,K03933.01,CONFIRMED,3.490785878,1.4513,336.8,133.10269
9655419,K03934.01,FALSE POSITIVE,1.92149487,1.891,1006.0,133.2283
5895158,K03935.01,CONFIRMED,1.093665854,1.4399,218.4,132.47213
4947556,K03936.01,CANDIDATE,141.608555,7.685,1263.1,190.27633
7287028,K07832.01,CANDIDATE,3.6092231,2.8,52.4,132.463
5471690,K04006.01,FALSE POSITIVE,12.4247333,16.828,40.5,134.0338
8376848,K04007.01,CANDIDATE,11.4927112,7.764,291.5,133.3086
5350447,K04008.01,FALSE POSITIVE,70.7511986,6.198,858.1,175.37157
4173026,K02172.02,CONFIRMED,116.583183,5.8,819.0,246.6275
8934103,K04009.01,CONFIRMED,175.13892,10.767,634.5,296.03778
7618364,K07844.01,FALSE POSITIVE,1.302061421,1.8238,1046.1,132.56436
4150390,K01768.01,FALSE POSITIVE,55.25178622,6.094,39873.6,144.456513
4851464,K01757.01,FALSE POSITIVE,5.548250634,6.06772,42873.4,133.219686
4913000,K01775.01,FALSE POSITIVE,4.442520831,2.4779,531.5,133.607376
4945877,K01936.01,FALSE POSITIVE,1.339670241,1.895,28.6,132.16786
5110423,K01777.01,FALSE POSITIVE,2.685223546,4.0632,5494.6,133.731821
2581191,K02203.01,FALSE POSITIVE,1.99042642,3.083,133.8,132.71317
7379385,K02207.01,FALSE POSITIVE,67.230028,25.01,379.1,171.7451
6199702,K02211.01,FALSE POSITIVE,0.805259637,0.9779,341.8,132.100758
6307083,K02050.01,FALSE POSITIVE,75.3787816,5.268,387.7,167.10798
6780158,K02231.01,FALSE POSITIVE,2.464160779,2.427,116.7,131.92201
7199756,K07823.01,FALSE POSITIVE,0.566781152,3.995,133.4,131.85715
4947556,K03936.02,CONFIRMED,13.0267964,0.785,356.6,139.14777
7362696,K03937.01,FALSE POSITIVE,4.93129874,1.8626,676.1,134.82009
3865595,K03938.01,FALSE POSITIVE,5.59187448,1.6782,236.4,132.87618
9593528,K03939.01,FALSE POSITIVE,1.88665445,1.343,2098.0,132.3531
5195945,K03940.01,FALSE POSITIVE,14.53682228,3.195,1032.3,132.36831
7300182,K07833.01,CANDIDATE,172.820248,7.343,549.3,302.0399
5288577,K04010.01,FALSE POSITIVE,1.72853003,3.819,99.1,131.80572
11969988,K04011.01,FALSE POSITIVE,2.19068738,4.41,66.3,132.01727
8483258,K04012.01,FALSE POSITIVE,372.16478,11.288,2074.0,233.7717
4832225,K04013.01,FALSE POSITIVE,0.947730124,1.1171,152.5,132.39338
9009953,K04014.01,CONFIRMED,234.240739,12.925,464.1,210.8122
7664272,K07845.01,FALSE POSITIVE,341.01495,5.12,386.0,448.7233
5302006,K01755.01,FALSE POSITIVE,6.14631207,3.803,891.1,132.74983
5306720,K01991.01,FALSE POSITIVE,27.36432337,3.545,2282.5,143.46464
5389540,K01836.01,FALSE POSITIVE,10.26231992,3.568,813.9,133.20719
5444384,K01778.01,FALSE POSITIVE,1.519529227,5.1675,8372.5,132.55256
5450814,K01780.01,FALSE POSITIVE,6.487525901,2.4536,20209.0,137.625165
7116519,K07813.01,FALSE POSITIVE,0.56676437,2.326,76.5,131.8708
9635510,K02234.01,FALSE POSITIVE,2.35197616,5.304,268.0,131.90696
8076630,K02235.01,FALSE POSITIVE,0.861643331,2.4318,232.5,131.80744
4077901,K02239.01,FALSE POSITIVE,12.1097626,10.174,113.9,140.74725
10271691,K02240.01,FALSE POSITIVE,63.909601,11.85,143.0,136.6718
10544677,K02244.01,FALSE POSITIVE,19.7352868,5.097,319.4,138.58362
7199883,K07824.01,FALSE POSITIVE,0.566799125,3.072,30.7,131.81289
9904006,K02135.02,CANDIDATE,20.1890396,6.251,112.1,142.19429
8552587,K03941.01,FALSE POSITIVE,1.061935973,3.3177,337.9,131.723748
6019872,K03942.01,FALSE POSITIVE,1.485898163,2.446,224.6,132.74414
7679812,K03943.01,CONFIRMED,38.5763483,19.861,282.1,167.85725
4864734,K03944.01,FALSE POSITIVE,1.845610523,2.337,374.1,131.80574
7366501,K07834.01,CANDIDATE,7.3812344,2.802,104.5,137.5646
8282846,K04015.01,CONFIRMED,133.303247,7.342,1017.5,167.76042
5938970,K04016.01,CONFIRMED,125.4132302,2.3241,1345.0,195.62605
8381693,K04017.01,FALSE POSITIVE,21.5702917,40.4,148.7,137.2647
4929299,K04018.01,FALSE POSITIVE,0.868723418,1.4617,197.1,132.08264
7375348,K00266.01,CONFIRMED,25.30893566,5.7704,153.7,171.50611
10223615,K00065.01,FALSE POSITIVE,27.25471993,0.73,,176.52949
3342463,K00383.01,FALSE POSITIVE,34.10787519,4.1,,183.56881
6680177,K00860.01,FALSE POSITIVE,16.61474421,2.77,,177.04832
5565497,K01789.01,FALSE POSITIVE,1.412526202,5.49,150.3,131.70353
5730389,K01956.01,FALSE POSITIVE,2.759573341,6.999,382.0,131.71354
5802478,K01834.01,FALSE POSITIVE,3.79188234,2.15,417.0,134.1344
5942093,K01995.01,FALSE POSITIVE,14.38724729,1.9078,1914.1,131.85133
5992270,K01855.01,FALSE POSITIVE,58.4302648,7.18,1849.5,168.30179
7117126,K07814.01,FALSE POSITIVE,0.566717263,2.6079,18.5,131.9699708
4761060,K02249.01,FALSE POSITIVE,13.37935853,8.809,353.5,140.92523
5479802,K02251.01,FALSE POSITIVE,13.26255423,4.65,916.4,136.29135
5607631,K02254.01,FALSE POSITIVE,20.5696575,4.263,401.5,140.25123
4951249,K02258.01,FALSE POSITIVE,4.52342256,2.531,219.0,135.46854
9156585,K02054.01,FALSE POSITIVE,22.32423657,3.669,1299.3,134.44763
3121340,K03945.01,FALSE POSITIVE,0.723947772,2.125,242.7,132.06247
8636434,K03946.01,CONFIRMED,308.544422,18.503,586.8,296.0738
5952366,K03947.01,FALSE POSITIVE,0.905679492,2.1164,2299.0,132.196318
5952366,K03947.02,FALSE POSITIVE,22.735911,42.435,2311.0,144.077
6045250,K03948.01,FALSE POSITIVE,0.909310626,3.4411,12126.6,131.725419
5598595,K03949.01,FALSE POSITIVE,0.648774274,2.643,231.0,131.74545
6681233,K00562.01,FALSE POSITIVE,32.63286247,3.08,,177.22208
7296438,K00364.01,CANDIDATE,173.92851338,2.64,,223.7546088
7351237,K00879.01,FALSE POSITIVE,25.64384513,5.05,,177.41892
7436215,K00885.01,FALSE POSITIVE,25.58546721,2.28,,177.07745
9763754,K00589.01,FALSE POSITIVE,17.47702,54.52,138.3,186.5568
10216045,K00594.01,FALSE POSITIVE,16.88954693,3.41,,183.15557
8846163,K00962.01,FALSE POSITIVE,26.77891391,3.12,,186.20963
12366681,K00973.01,FALSE POSITIVE,13.33386985,6.51,,263.78932
1996399,K01026.01,FALSE POSITIVE,94.10628163,17.21,,184.9905063
2697169,K01027.01,FALSE POSITIVE,14.71266408,4.21,,366.02309
8435247,K01131.01,FALSE POSITIVE,0.696125302,2.0054,14966.0,354.767068
8332986,K01137.01,FALSE POSITIVE,302.38867822,3.1229,41320.0,309.18675
9425139,K01411.01,CANDIDATE,305.0762469,6.255,4042.8,294.06794
6364327,K01744.01,FALSE POSITIVE,5.24372504,17.136,234.4,132.7225
6762829,K01740.01,FALSE POSITIVE,18.795269797,9.9816,28241.1,138.6686066
7369865,K01918.01,FALSE POSITIVE,42.2625935,4.465,692.2,152.31269
7593110,K01748.01,FALSE POSITIVE,3.549386251,2.4342,50664.0,134.247174
7810483,K01943.01,CONFIRMED,29.92208104,2.7716,345.3,146.00807
7117147,K07815.01,FALSE POSITIVE,0.566812588,3.596,17.1,131.79719
6634133,K02262.01,FALSE POSITIVE,9.94221873,2.453,486.5,133.84961
7021534,K02267.01,FALSE POSITIVE,9.06557317,1.6208,243.4,135.15009
9277210,K02268.01,FALSE POSITIVE,4.9432827,40.01,27.1,132.8581
9728465,K02270.01,FALSE POSITIVE,7.35390869,2.061,92.9,132.01829
7124026,K02275.01,FALSE POSITIVE,15.7455586,13.877,161.1,145.54111
7200485,K07825.01,FALSE POSITIVE,0.566796615,1.999,47.8,131.8009
9904006,K02135.03,CONFIRMED,8.48651582,5.267,110.8,138.01698
4544572,K03950.01,FALSE POSITIVE,2.189092892,5.1128,1871.5,132.082757
5738634,K03951.01,FALSE POSITIVE,2.40435335,4.07,70.6,133.22999
10152836,K03952.01,FALSE POSITIVE,220.9290121,7.335,2456.5,240.81927
10651816,K03953.01,FALSE POSITIVE,3.1877519,14.836,452.3,134.418
7367164,K07835.01,CANDIDATE,3.76565247,1.557,92.4,132.52476
6964043,K01351.01,FALSE POSITIVE,10.72396374,3.8439,13518.0,357.14874
3644523,K01195.01,FALSE POSITIVE,119.67747,32.274,3254.1,415.4806
11909686,K01483.01,FALSE POSITIVE,185.9526325,3.5964,11106.9,288.874323
6678383,K00111.04,FALSE POSITIVE,103.62650922,6.89,,426.3726042
12644769,K01611.01,FALSE POSITIVE,41.077590334,6.20583,134484.0,173.7358974
6233890,K01624.01,FALSE POSITIVE,2.99540439,6.172,223.2,132.78128
7671950,K07846.01,CANDIDATE,10.5994606,9.484,128.8,134.8329
7918172,K01817.01,FALSE POSITIVE,63.934965,12.71,1119.5,162.84507
8009496,K01869.01,FALSE POSITIVE,38.4769457,5.825,259.4,150.56893
8081187,K01951.01,CONFIRMED,37.3228722,7.2146,307.5,152.83532
8111919,K02030.01,FALSE POSITIVE,1.664980224,1.7455,230.8,131.68433
8127586,K01752.01,FALSE POSITIVE,16.6094904,3.189,272.9,147.61311
7117485,K07816.01,FALSE POSITIVE,0.566789505,5.835,54.6,131.8313
2860793,K02277.01,FALSE POSITIVE,2.62982665,6.213,126.4,132.08013
3851130,K02284.01,FALSE POSITIVE,2.69787749,1.915,116.8,133.65962
7257363,K02292.01,FALSE POSITIVE,5.23340265,3.242,242.1,133.1457
11922722,K02301.01,FALSE POSITIVE,3.51289168,3.313,131.0,133.79619
12061969,K02061.01,CONFIRMED,14.092583189,4.1536,530.4,141.1447066
7203326,K07826.01,FALSE POSITIVE,9.087508013,2.7597,140.6,137.2042403
8030339,K03954.01,FALSE POSITIVE,0.65244373,1.471,610.7,132.05504
9899414,K03955.01,FALSE POSITIVE,1.332564704,5.9775,1049.5,132.04974
5471059,K03956.01,FALSE POSITIVE,2.636899795,0.9105,426.2,132.07629
7458309,K03957.01,FALSE POSITIVE,0.660629055,5.894,231.6,131.86099
7777372,K03958.01,FALSE POSITIVE,0.885123683,3.3865,113.3,131.88646
7377200,K07836.01,FALSE POSITIVE,471.65421,3.456,479.7,421.64532
6312314,K01625.01,FALSE POSITIVE,1.221204888,1.8511,111.6,133.61014
6387969,K01617.01,FALSE POSITIVE,135.90795753,1.83,,199.74974
6468337,K01620.01,FALSE POSITIVE,0.959853772,1.9163,55.8,131.85197
9084778,K01631.01,CANDIDATE,0.592243731,1.386,3992.4,131.654831
10357040,K01634.01,FALSE POSITIVE,46.882525,1.93,343.5,174.9031
10514429,K01614.01,FALSE POSITIVE,20.7191626,3.912,184.4,143.30626
7747103,K07847.01,CANDIDATE,399.37587,21.25,552.2,300.0792
8127607,K01919.01,FALSE POSITIVE,16.60973843,4.515,667.8,147.6085
8129042,K01743.01,FALSE POSITIVE,54.323118,25.863,538.0,153.7774
8180020,K01741.01,FALSE POSITIVE,5.803127153,4.9041,58570.0,136.101253
8223328,K01767.01,FALSE POSITIVE,35.51619219,2.5,10984.0,165.930432
8444552,K01769.01,FALSE POSITIVE,0.589049151,2.25397,61953.4,132.1792702
6342333,K02065.01,CONFIRMED,80.2321467,4.656,888.7,162.39301
10674871,K02068.01,CANDIDATE,41.88970036,1.35,1304.4,172.00102
6032517,K02070.01,FALSE POSITIVE,1.791406261,2.8159,345.5,132.99503
4768846,K02077.01,FALSE POSITIVE,1.25483232,2.67,117.6,132.18633
8260234,K02085.01,FALSE POSITIVE,5.71483873,2.748,286.2,132.13046
7210749,K07828.01,FALSE POSITIVE,17.5859472,3.815,509.5,138.7798
9282769,K03959.01,FALSE POSITIVE,1.332567005,6.3373,401.3,132.0492
10404582,K02147.02,CONFIRMED,10.32736351,1.889,126.9,139.37228
7777416,K03960.01,FALSE POSITIVE,2.54557259,5.636,529.0,132.69874
7597005,K03961.01,FALSE POSITIVE,0.704541784,1.0726,275.2,132.18236
5479717,K03962.01,FALSE POSITIVE,0.697996932,4.3323,9094.6,132.136059
3764714,K03963.01,FALSE POSITIVE,6.63449721,22.982,919.1,134.16545
11392618,K01623.01,FALSE POSITIVE,110.9215892,5.282,498.0,174.22374
4474645,K01657.01,FALSE POSITIVE,3.88673217,20.491,761.7,136.94489
4570949,K01658.01,CONFIRMED,1.544928892,1.43586,5817.3,133.5487914
4927315,K01663.01,FALSE POSITIVE,11.76921923,3.219,519.3,138.41222
4928119,K01664.01,FALSE POSITIVE,44.638983058,3.04001,36830.1,156.45087
11518201,K03104.01,CANDIDATE,1.236866732,1.242,187.2,132.1776
10861608,K03118.01,FALSE POSITIVE,174.95980475,5.23,,151.16448
10934313,K03121.01,FALSE POSITIVE,1.926888595,1.235,130.0,131.63323
11497958,K01422.05,CONFIRMED,34.1420506,2.945,788.0,136.03624
7516809,K03133.01,FALSE POSITIVE,0.241842544,0.7257,203.3,131.86819
6115516,K03134.01,FALSE POSITIVE,0.865759153,0.8408,191.6,131.57771
9758032,K03137.01,CANDIDATE,1.332035996,1.391,136.8,131.58386
6444896,K03138.01,CONFIRMED,8.68910764,1.1627,1679.0,133.23559
5640511,K03139.01,FALSE POSITIVE,0.63624396,4.0,,131.968841
7336093,K03143.01,FALSE POSITIVE,4.4040248,2.41,,134.00341
10196493,K03149.01,FALSE POSITIVE,9.81101738,2.09,,134.18676
11442793,K00351.05,CONFIRMED,8.71980135,3.7454,160.4,139.52134
11442793,K00351.06,CONFIRMED,7.00821787,3.812,116.4,137.67164
7812455,K02881.01,FALSE POSITIVE,0.903583394,1.5942,1027.1,131.877566
9520443,K02893.01,FALSE POSITIVE,0.99014722,0.9394,321.1,132.02928
10601465,K02902.01,FALSE POSITIVE,138.61227705,13.79,,170.98026
7461307,K02909.01,FALSE POSITIVE,0.77359329,1.7603,80.6,132.09232
7269881,K02916.01,FALSE POSITIVE,0.306937807,0.5925,119.2,131.635518
6974658,K02925.01,CANDIDATE,0.716531851,0.655,78.9,131.7213
10964265,K02934.01,FALSE POSITIVE,0.637487312,1.9626,211.3,131.97829
8672910,K00918.02,FALSE POSITIVE,5.71489488,2.0705,292.5,134.87432
3233043,K00966.02,FALSE POSITIVE,7.76967007,4.74,,133.0900444
7269493,K01961.02,FALSE POSITIVE,76.642481,5.476,64.5,143.224
9634821,K02037.02,CANDIDATE,5.47715718,1.3849,568.4,352.84857
8753896,K02473.02,FALSE POSITIVE,73.45736853,5.28,,373.2353172
11074835,K02533.02,FALSE POSITIVE,9.49361221,6.52,,136.1777807
10812504,K02570.02,FALSE POSITIVE,4.4296786,1.96,,133.1491002
9827149,K02586.02,FALSE POSITIVE,5.9703813,0.669,210.3,356.5416
9602613,K02612.02,CANDIDATE,7.57299816,2.645,30.2,131.94317
7584650,K02631.02,FALSE POSITIVE,3.95383243,2.37,,133.4182993
9758089,K01871.02,CONFIRMED,32.376183,4.4639,745.4,150.41557
10005758,K01783.02,CONFIRMED,284.063137,8.297,1628.1,200.83619
9823564,K02940.01,FALSE POSITIVE,129.68366098,7.86,,244.8914
9532424,K02941.01,FALSE POSITIVE,4.30908594,1.52,160.8,134.70804
9950316,K02947.01,FALSE POSITIVE,57.104588,11.5,144.3,151.083
6028860,K02950.01,FALSE POSITIVE,0.422015793,1.23416,1291.9,131.747838
6778019,K02953.01,FALSE POSITIVE,0.945825494,1.8496,104.7,131.62223
4571536,K02954.01,FALSE POSITIVE,0.676715927,0.63,264.5,131.7606
10904004,K02957.01,CANDIDATE,4.64490141,2.456,106.4,133.67436
3336283,K02974.01,FALSE POSITIVE,0.576441813,2.027,60.8,131.68331
5695904,K02983.01,FALSE POSITIVE,0.423854275,1.0198,235.3,132.19107
1725415,K02988.01,FALSE POSITIVE,2.43731228,1.89,,132.06982
11304987,K02993.01,FALSE POSITIVE,0.692693892,1.2804,1433.7,131.804922
11709423,K03001.01,FALSE POSITIVE,0.768934934,1.216,846.8,131.740302
8758136,K03006.01,FALSE POSITIVE,0.998212785,2.489,118.8,131.81898
12405333,K03009.01,CONFIRMED,0.764863517,1.16,150.2,132.13343
10617638,K03016.01,FALSE POSITIVE,0.710894157,1.0183,122.6,132.05192
12833566,K03024.01,FALSE POSITIVE,0.537839241,2.169,23.5,131.58521
9153554,K03044.01,FALSE POSITIVE,0.373684977,0.9621,456.8,131.963342
8161830,K03046.01,FALSE POSITIVE,1.10118564,5.2,,132.61692
6461850,K03054.01,FALSE POSITIVE,0.544962596,1.085,247.9,131.52348
7613246,K03062.01,FALSE POSITIVE,0.769127296,0.998,114.6,131.56425
11551715,K03076.01,FALSE POSITIVE,225.56791218,6.31,,262.51086
2715695,K03077.01,CONFIRMED,4.09578199,1.704,405.5,131.61992
11442793,K00351.04,CONFIRMED,91.9401253,9.195,482.9,134.3
6312171,K03079.01,FALSE POSITIVE,92.57337995,8.45,,171.1309675
10665043,K03080.01,FALSE POSITIVE,185.0097245,17.96,,307.67922
12352520,K03094.01,CONFIRMED,4.5770016,0.949,710.0,132.09921
7455981,K03096.01,CONFIRMED,14.4540329,7.183,79.7,135.4521
7107561,K03100.01,FALSE POSITIVE,0.812587678,1.1144,62.9,131.56261
9605552,K03102.01,CANDIDATE,9.3210841,1.81,294.2,138.09946
11237332,K03103.01,FALSE POSITIVE,19.3073774,3.437,31.7,139.1411
8669092,K00068.01,FALSE POSITIVE,1.000840564,1.3292,2714.4,121.293771
5474613,K01599.02,CONFIRMED,13.6164547,5.175,376.1,140.93263
9823519,K02793.02,CONFIRMED,1.766789509,1.3345,1009.8,133.08336
2715695,K03077.02,CANDIDATE,7.55842923,2.91,361.1,137.9981
10587105,K00339.03,CONFIRMED,35.8656484,8.035,250.9,135.92374
8558011,K00577.02,CONFIRMED,0.638162933,1.2313,109.7,131.74826
7885494,K07854.01,FALSE POSITIVE,1.72929014,3.609,84.5,132.5562
5281714,K05148.01,FALSE POSITIVE,40.301684,1.398,374.8,166.83148
5283728,K05149.01,CANDIDATE,43.681309,12.37,258.0,168.9218
5289857,K05150.01,FALSE POSITIVE,26.524553,2.359,174.5,156.16784
5303185,K05151.01,FALSE POSITIVE,26.1537851,1.802,228.6,145.2879
5308777,K05152.01,FALSE POSITIVE,0.944598153,4.018,200.9,132.2327
5364090,K05153.01,FALSE POSITIVE,354.63284,2.227,280.9,178.4349
5370944,K05154.01,FALSE POSITIVE,35.40103336,1.75,,135.1605852
5374838,K05155.01,CANDIDATE,230.180357,13.436,3689.3,230.05245
6364143,K05272.01,FALSE POSITIVE,5.2433865,12.472,65.4,132.786
6364307,K05273.01,FALSE POSITIVE,5.2435703,15.864,228.5,132.7496
6366559,K05274.01,CANDIDATE,55.7583803,2.497,132.7,160.0006
6367663,K05275.01,CANDIDATE,3.781123,8.15,90.4,135.204
6368905,K05276.01,CANDIDATE,220.720142,8.186,862.5,303.8527
6369548,K05277.01,FALSE POSITIVE,634.84739,16.186,542.6,248.0735
6372194,K05278.01,CANDIDATE,281.5921577,5.673,9312.0,261.81786
6387557,K05279.01,CANDIDATE,103.722152,6.061,296.9,176.0727
3098843,K03376.01,FALSE POSITIVE,29.9756697,2.987,258.0,135.45089
3958301,K03381.02,FALSE POSITIVE,387.56519,13.28,1083.0,269.7929
5353137,K03447.01,FALSE POSITIVE,31.5073649,7.362,330.5,159.1203
4932689,K03453.01,FALSE POSITIVE,18.1118457,6.309,328.7,134.7252
5294945,K03463.01,CANDIDATE,32.5474295,6.945,157.1,133.6742
7742408,K03478.01,CONFIRMED,33.4969115,4.833,163.5,163.7638
3968809,K05030.01,CANDIDATE,411.8969,6.203,502.8,379.0087
3970397,K05031.01,FALSE POSITIVE,34.33339948,2.45,,152.0693144
3973549,K05032.01,FALSE POSITIVE,1.389947459,1.193,1213.8,132.266549
3974928,K05033.01,CANDIDATE,127.671711,2.637,450.1,227.0906
4058169,K05034.01,FALSE POSITIVE,282.5363563,10.3088,29233.2,241.528666
4063943,K05035.01,CANDIDATE,115.23145073,2.01,,211.6353632
4068391,K05036.01,FALSE POSITIVE,289.490952,3.91,773.0,363.4177
4071638,K05037.01,CANDIDATE,349.58811,5.052,373.3,183.0587
5390913,K05156.01,CANDIDATE,1.680254289,12.585,51633.0,131.898828
5391911,K05157.01,FALSE POSITIVE,0.782068488,1.239,115.7,131.8940201
5394585,K05158.01,CANDIDATE,151.13008,3.49,358.0,278.463
5397106,K05159.01,FALSE POSITIVE,440.65087204,4.07,,421.7840447
5425643,K05160.01,CANDIDATE,258.63797782,7.11,,385.721676
5425908,K05161.01,FALSE POSITIVE,289.76961138,3.19,,194.4183952
5428199,K05162.01,CANDIDATE,628.15844,12.144,502.3,152.9787
5436415,K05163.01,FALSE POSITIVE,273.223848,3.787,469.9,272.069
6387887,K05280.01,FALSE POSITIVE,0.650701055,0.89164,371061.0,131.830637
6425377,K05281.01,CANDIDATE,263.90141,4.303,807.1,203.1723
6428602,K05282.01,FALSE POSITIVE,59.742966,6.78,284.9,188.0166
6442735,K05283.01,CANDIDATE,18.7821603,5.573,77.2,147.8508
6443093,K05284.01,CANDIDATE,389.316341,5.49,2599.8,351.36049
6447372,K05285.01,FALSE POSITIVE,405.32064,7.77,561.7,443.8561
6461675,K05286.01,FALSE POSITIVE,342.830882,3.826,450.7,430.438
6509282,K05287.01,CANDIDATE,3.98916186,1.913,318.0,132.21377
8231667,K03494.01,CONFIRMED,42.8774169,1.991,1068.8,156.06967
6697817,K03508.01,CANDIDATE,190.800788,8.082,287.6,236.0389
3439096,K03509.01,FALSE POSITIVE,2.97601892,5.5,306.1,132.96926
3324644,K03781.01,FALSE POSITIVE,2.882424694,25.91,67298.0,131.63584
5437945,K03791.02,CONFIRMED,220.142913,19.528,1796.4,245.94139
1161949,K04920.01,FALSE POSITIVE,473.95103,11.778,330.6,366.0309
4077252,K05038.01,FALSE POSITIVE,0.534109403,0.9513,78.3,131.80501
4077767,K05039.01,FALSE POSITIVE,168.77118,2.263,2045.0,233.3138
4135912,K05040.01,CANDIDATE,29.6094263,2.71,224.9,141.2485
4144238,K05041.01,FALSE POSITIVE,22.9138322,4.855,340.3,140.6387
4147171,K05042.01,FALSE POSITIVE,538.36855,19.26,545.5,232.5637
4149060,K05043.01,FALSE POSITIVE,65.5327181,2.256,373.4,151.4591
4150972,K05044.01,CANDIDATE,161.537665,2.65,101.8,280.9898
4160006,K05045.01,FALSE POSITIVE,1.018360336,7.622,393969.0,131.67768
5436455,K05164.01,CANDIDATE,209.967521,2.585,120.0,241.95921
5439000,K05165.01,CANDIDATE,369.73011,14.27,274.8,246.29
5440435,K05166.01,FALSE POSITIVE,78.04064906,2.15,,137.0269121
5440472,K05167.01,FALSE POSITIVE,396.349253,2.685,413.1,272.6416
5440651,K05168.01,FALSE POSITIVE,0.502807253,1.01493,4658.7,131.6152743
5443320,K05169.01,CANDIDATE,21.3684341,1.18,492.8,143.72266
5446961,K05170.01,FALSE POSITIVE,149.526152,3.033,753.0,196.8608
5467126,K05171.01,FALSE POSITIVE,2.845736321,11.5703,3127.0,134.280263
6511182,K05288.01,CANDIDATE,29.5632952,1.562,532.8,158.22504
6517064,K05289.01,CANDIDATE,181.81214,16.164,474.6,144.6702
6517200,K05290.01,CANDIDATE,435.50635,34.16,553.8,267.6857
6517255,K05291.01,CANDIDATE,525.560452,2.327,1196.0,440.33369
6522124,K05292.01,FALSE POSITIVE,43.60012467,1.48,,163.4367382
6525196,K05293.01,FALSE POSITIVE,1.710299164,3.92227,157266.0,131.6153344
6525398,K05294.01,FALSE POSITIVE,252.04444,5.13,1502.0,265.201
6526377,K05295.01,FALSE POSITIVE,1.39508873,2.09,,132.059107
1164301,K04921.01,CANDIDATE,95.688682,6.465,453.8,224.2893
1297263,K04922.01,FALSE POSITIVE,153.521361,3.893,255.2,281.2973
1429589,K04923.01,CANDIDATE,38.168652,5.086,90.6,144.4713
1572948,K04924.01,FALSE POSITIVE,3.0031801,2.814,374.7,132.1161
1725193,K04925.01,FALSE POSITIVE,2.96384168,5.4768,35652.8,134.119473
1865864,K04926.01,CANDIDATE,69.089357,6.207,475.1,135.4461
1870398,K04927.01,FALSE POSITIVE,43.142257,61.73,283.2,132.3007
1873513,K04928.01,CONFIRMED,3.290304098,1.7215,13552.6,131.90944
4164511,K05046.01,CANDIDATE,40.9882124,3.599,145.8,152.2483
4179201,K05047.01,FALSE POSITIVE,326.70552,3.36,794.0,439.648
4241238,K05048.01,CANDIDATE,138.333748,2.391,603.6,209.39452
4242806,K05049.01,FALSE POSITIVE,343.49816,7.46,431.0,340.5486
4245861,K05050.01,FALSE POSITIVE,11.2582311,16.89,300.4,140.7718
4246343,K05051.01,FALSE POSITIVE,139.54219147,3.42,,186.9535324
4253860,K05052.01,FALSE POSITIVE,155.046089,10.205,2238.0,166.60575
4274816,K05053.01,FALSE POSITIVE,14.3641542,2.629,89.2,144.2631
5470851,K05172.01,FALSE POSITIVE,12.4276185,18.56,147.0,141.3698
5471108,K05173.01,FALSE POSITIVE,12.427076,17.447,47.5,141.4085
5524229,K05174.01,CANDIDATE,22.4932751,3.172,152.0,132.2511
5525484,K05175.01,FALSE POSITIVE,315.502534,3.112,689.2,389.6319
5529385,K05176.01,CANDIDATE,215.732414,1.915,208.2,294.363
5547424,K05177.01,FALSE POSITIVE,276.54167976,7.76,,174.8709449
5551240,K05178.01,CONFIRMED,4.13960513,3.31,106.7,134.04705
6527229,K05296.01,FALSE POSITIVE,200.79976002,7.6419,92642.0,263.875635
6543192,K05297.01,CANDIDATE,8.0906952,2.648,82.4,136.7844
6543674,K05298.01,FALSE POSITIVE,1.195515364,6.08509,396401.0,132.3039982
6548429,K05299.01,FALSE POSITIVE,210.971635,3.578,519.0,243.576
6594945,K05300.01,CANDIDATE,188.954072,14.17,166.5,160.7576
6599305,K05301.01,FALSE POSITIVE,42.02646,2.553,190.0,172.228
6600515,K05302.01,FALSE POSITIVE,372.04697,14.29,673.4,259.4285
6608090,K05303.01,FALSE POSITIVE,438.81524,6.75,332.8,307.9493
2010607,K04929.01,FALSE POSITIVE,18.622214,4.42,5832.0,141.6268
2015013,K04930.01,FALSE POSITIVE,27.8923345,2.204,139.6,146.02135
2019199,K04931.01,CANDIDATE,579.81521,5.43,607.0,343.5587
2158460,K04932.01,CANDIDATE,19.12788374,2.0,,134.8576413
2163226,K04933.01,FALSE POSITIVE,452.10093,12.69,464.0,460.4884
2165352,K04934.01,FALSE POSITIVE,0.7906069,3.3996,689.2,132.077067
2305255,K04935.01,FALSE POSITIVE,24.5714867,29.96,506.4,156.0157
2305543,K04936.01,FALSE POSITIVE,0.681137796,2.7287,105189.0,131.57697
4276114,K05054.01,FALSE POSITIVE,3.722404453,2.5214,55368.0,133.56824
4281023,K05055.01,FALSE POSITIVE,230.385488,3.134,568.1,268.65697
4281700,K05056.01,FALSE POSITIVE,222.84909312,2.43,,340.6821732
4346339,K05057.01,CANDIDATE,493.74242,5.685,506.1,149.1145
4365461,K05058.01,FALSE POSITIVE,1.714414962,5.17207,110132.0,131.8661453
4366923,K05059.01,FALSE POSITIVE,646.28789332,5.39144,58605.3,234.150707
4449752,K05060.01,FALSE POSITIVE,290.438547,12.85,212.9,283.0998
4455763,K05061.01,FALSE POSITIVE,0.766298172,1.78462,19400.9,131.687569
5563057,K05179.01,FALSE POSITIVE,1.049468616,4.848,22.0,132.26871
5565261,K05180.01,FALSE POSITIVE,2.362348096,3.5979,724.7,131.705479
5602409,K05181.01,FALSE POSITIVE,136.830243,2.956,464.3,138.5183
5603270,K05182.01,FALSE POSITIVE,103.284757,1.674,78.4,147.79022
5612111,K05183.01,FALSE POSITIVE,36.1904638,1.919,263.3,146.55956
5616628,K05184.01,FALSE POSITIVE,419.75224,4.154,754.0,525.0002
5623137,K05185.01,FALSE POSITIVE,419.95929,13.86,196.2,354.2265
6611779,K05304.01,FALSE POSITIVE,206.309658,1.498,277.1,231.818
6612411,K05305.01,FALSE POSITIVE,8.46184728,35.525,411.2,134.13323
6612973,K05306.01,FALSE POSITIVE,681.01756,8.74,133.9,136.3997
6615600,K05307.01,FALSE POSITIVE,2.19509634,1.796,227.7,132.74891
6634112,K05308.01,CANDIDATE,9.942228056,2.45451,31067.9,133.8474942
6635813,K05309.01,FALSE POSITIVE,141.00582791,3.0,,135.4379543
6675757,K05310.01,CANDIDATE,22.2903562,1.623,130.4,152.37929
6677415,K05311.01,FALSE POSITIVE,73.9239955,1.699,634.0,168.2132
2309910,K04937.01,FALSE POSITIVE,1.8437362,21.04,341.1,132.23042
2310993,K04938.01,CANDIDATE,55.180772,9.791,474.6,147.7141
2437209,K04939.01,FALSE POSITIVE,281.36926,66.892,12435.0,215.41653
2437653,K04940.01,CANDIDATE,84.6405853,2.657,784.0,183.17243
2438406,K04941.01,FALSE POSITIVE,262.71162,7.72,1449.0,134.3692
2452289,K04942.01,FALSE POSITIVE,6.0353643,9.211,47.2,133.1818
2555080,K04943.01,CANDIDATE,15.2024426,8.11,834.0,136.9199
2569488,K04944.01,FALSE POSITIVE,1.52327807,3.813,924.2,132.3306
4459503,K05062.01,FALSE POSITIVE,260.31119904,3.23,,314.5841346
4464689,K05063.01,FALSE POSITIVE,574.37064,11.89,227.6,391.2165
4469825,K05064.01,FALSE POSITIVE,253.87706,11.18,265.6,197.0254
4470888,K05065.01,FALSE POSITIVE,523.36921,1.007,9918.0,185.174
4471313,K05066.01,CANDIDATE,110.089267,1.575,1018.0,174.2529
4478142,K05067.01,CANDIDATE,219.931324,4.818,641.0,329.3836
4484179,K05068.01,CANDIDATE,385.29212,19.417,218.5,440.5319
5623839,K05186.01,FALSE POSITIVE,80.292171,1.936,158.6,145.8825
5650420,K05187.01,FALSE POSITIVE,1.049406508,3.0072,447.5,131.80328
5650930,K05188.01,CANDIDATE,455.195496,3.565,293.6,312.331
5653152,K05189.01,FALSE POSITIVE,3.58957045,3.418,1221.2,132.99426
5653163,K05190.01,FALSE POSITIVE,2.40435325,6.825,349.6,133.2257
5685113,K05191.01,FALSE POSITIVE,37.078668,4.403,147.4,142.0615
5697395,K05192.01,CANDIDATE,50.55398,6.159,199.7,160.0628
5698524,K05193.01,FALSE POSITIVE,228.196872,3.525,145.3,323.9146
6784887,K05328.01,FALSE POSITIVE,44.714450094,5.7615,90229.6,135.3418468
6805414,K05329.01,CANDIDATE,200.2350497,23.612,10812.1,305.44985
6864891,K05330.01,FALSE POSITIVE,40.8801539,5.472,395.8,163.3624
6869373,K05331.01,CANDIDATE,31.5034587,3.315,210.6,159.9712
6875342,K05332.01,CANDIDATE,22.2381062,2.68,104.2,148.3792
6879183,K05333.01,CANDIDATE,20.5477769,4.634,253.8,149.1769
7891264,K07855.01,FALSE POSITIVE,25.166806,2.111,1350.0,150.271
6880123,K05334.01,FALSE POSITIVE,323.972022,1.25,462.0,260.24288
6891512,K05335.01,FALSE POSITIVE,1.752562808,6.1245,368004.0,132.7222455
2569516,K04945.01,FALSE POSITIVE,45.5827119,3.193,76.5,138.6761
2570432,K04946.01,FALSE POSITIVE,1.89140138,9.52,557.6,132.6124
2574543,K04947.01,FALSE POSITIVE,6.70258007,4.632,859.0,134.37408
2578811,K04948.01,FALSE POSITIVE,6.2095391,2.752,47.9,135.2715
7897936,K07856.01,FALSE POSITIVE,363.17077,28.26,384.6,401.1646
2582800,K04949.01,FALSE POSITIVE,615.16033,3.958,267.1,226.4594
2707916,K04950.01,FALSE POSITIVE,1.89124738,4.697,410.0,132.6891
2708270,K04951.01,FALSE POSITIVE,1.89125883,4.656,274.5,132.687
4540508,K05069.01,FALSE POSITIVE,362.1273,6.719,1098.0,302.6897
4565943,K05070.01,FALSE POSITIVE,353.36705,3.279,34.1,412.2698
4566848,K05071.01,CANDIDATE,180.4118581,3.29,4268.0,142.86513
4570555,K05072.01,FALSE POSITIVE,4.750256809,1.9278,395.1,134.63889
4586482,K05073.01,FALSE POSITIVE,623.005238,23.5615,140332.0,201.386299
4647949,K05074.01,FALSE POSITIVE,45.41810604,5.3,,166.3910358
4678873,K05075.01,FALSE POSITIVE,1.878877205,5.8768,104026.0,133.074035
4732015,K05076.01,FALSE POSITIVE,0.938857507,3.98767,12960.3,132.206796
5709014,K05194.01,FALSE POSITIVE,287.46579664,9.06,,242.2768409
5732636,K05195.01,FALSE POSITIVE,32.245486,13.86,93.6,158.2607
5734702,K05196.01,CANDIDATE,392.47291,7.867,345.6,155.4624
5779606,K05197.01,FALSE POSITIVE,142.20400109,3.0,,140.9358759
5780194,K05198.01,FALSE POSITIVE,149.237142,2.503,772.0,168.1563
5781991,K05199.01,FALSE POSITIVE,501.51698,3.809,487.0,449.5543
5784803,K05200.01,FALSE POSITIVE,357.77096,12.999,216.3,309.1578
5791713,K05201.01,FALSE POSITIVE,531.33282,3.702,669.0,295.2843
6681473,K05312.01,FALSE POSITIVE,396.048721,16.376,931.8,471.22802
6688318,K05313.01,FALSE POSITIVE,326.370361,4.526,568.8,190.3324
6690523,K05314.01,FALSE POSITIVE,148.666527,4.353,319.4,156.8241
6692742,K05315.01,FALSE POSITIVE,163.104677,2.129,576.0,140.3163
6695801,K05316.01,FALSE POSITIVE,1.10656965,1.669,86.4,132.3665
6699562,K05317.01,FALSE POSITIVE,46.270524872,8.93033,66244.1,173.6558757
6707260,K05318.01,FALSE POSITIVE,13.4256161,11.781,142.3,144.7838
6718474,K05319.01,FALSE POSITIVE,590.44065,7.55,125.7,199.918
2710101,K04952.01,FALSE POSITIVE,28.88008607,1.35,,144.4386895
2711123,K04953.01,FALSE POSITIVE,2.858879267,2.3753,644.5,134.17606
2833632,K04954.01,FALSE POSITIVE,241.647602,1.742,361.7,325.21488
2836076,K04955.01,FALSE POSITIVE,528.07962334,3.49,,466.1720499
2850321,K04956.01,FALSE POSITIVE,25.2218929,14.84,,143.6316
2861126,K04957.01,FALSE POSITIVE,105.52127462,2.52,,145.4682374
2861298,K04958.01,CANDIDATE,581.729006,6.647,186.7,341.09187
2987433,K04959.01,FALSE POSITIVE,420.92920358,17.3985,86013.1,196.685958
4732137,K05077.01,FALSE POSITIVE,393.946106,6.012,747.5,334.4022
4736439,K05078.01,FALSE POSITIVE,194.896925,2.504,557.4,252.0208
4737848,K05079.01,CANDIDATE,56.001782,1.706,125.2,144.09684
4740375,K05080.01,FALSE POSITIVE,471.95076253,5.03,,172.3928906
4741777,K05081.01,FALSE POSITIVE,101.928291,2.171,243.5,182.2662
4750406,K05082.01,FALSE POSITIVE,379.63135,16.78,1036.2,245.0035
4750962,K05083.01,CANDIDATE,69.932459,2.03,264.4,145.91179
4760478,K05084.01,CONFIRMED,287.377314,18.821,4376.9,348.83318
5793275,K05202.01,CANDIDATE,535.93723,11.85,337.2,135.5316
5794687,K05203.01,FALSE POSITIVE,367.72767,3.104,926.0,265.14033
5817712,K05204.01,FALSE POSITIVE,4.20601251,6.82,106.7,132.2794
5857656,K05205.01,CANDIDATE,313.051405,10.969,594.9,408.62595
5858519,K05206.01,FALSE POSITIVE,4.18236124,6.70175,193983.0,134.053289
5859725,K05207.01,CANDIDATE,18.9828305,6.303,49.1,139.257
5869272,K05208.01,FALSE POSITIVE,186.59466,16.57,685.0,317.713
5905728,K05209.01,FALSE POSITIVE,7.87173698,2.619,34.7,132.35405
6719052,K05320.01,CANDIDATE,357.437578,15.903,272.3,195.2194
6721603,K05321.01,CANDIDATE,215.634356,15.097,148.0,230.7211
6756369,K05322.01,CANDIDATE,30.928898,3.436,203.3,153.90647
6762188,K05323.01,FALSE POSITIVE,7.155547398,4.5711,2568.8,133.998101
6765563,K05324.01,CANDIDATE,293.392635,3.661,518.8,341.2263
6766583,K05325.01,FALSE POSITIVE,63.024229,5.77,294.6,188.2057
6767337,K05326.01,FALSE POSITIVE,506.771836,10.535,195.2,158.7498
6776555,K05327.01,CANDIDATE,5.43361347,1.0338,1421.0,136.711
2992634,K04960.01,CANDIDATE,47.82278681,1.19,,134.1402656
3001955,K04961.01,CANDIDATE,348.96347,13.84,585.2,184.8658
3003673,K04962.01,FALSE POSITIVE,57.1143966,2.182,268.8,166.4525
3101178,K04963.01,CANDIDATE,59.4037839,10.041,123.5,159.80356
3117115,K04964.01,FALSE POSITIVE,485.91276,2.42,1368.0,213.3906
3120397,K04965.01,FALSE POSITIVE,20.5311708,5.67,284.6,136.4829
3222680,K04966.01,FALSE POSITIVE,2.31164074,2.317,488.7,132.12133
3239171,K04967.01,CANDIDATE,43.581043,6.883,348.7,148.4352
4761427,K05085.01,CANDIDATE,327.063,8.06,1006.0,438.3693
4769799,K05086.01,FALSE POSITIVE,21.92866538,9.7526,22178.4,135.528574
4770798,K05087.01,CANDIDATE,651.07431,5.603,153.7,216.3882
4813750,K05088.01,CANDIDATE,49.1782244,5.8,449.0,165.7659
4814168,K05089.01,FALSE POSITIVE,545.54618,6.944,177.7,406.0538
4815612,K05090.01,FALSE POSITIVE,1.928420823,3.8253,191238.0,131.58805
4819158,K05091.01,FALSE POSITIVE,328.84846,5.45,901.0,385.9456
4833409,K05092.01,CANDIDATE,271.790292,2.944,318.4,195.52243
5942112,K05210.01,FALSE POSITIVE,125.95781975,8.63,,134.667118
5946568,K05211.01,CANDIDATE,3.5645249,2.062,53.9,134.4518
5949765,K05212.01,FALSE POSITIVE,426.34444,14.139,90.2,464.9081
5954894,K05213.01,CANDIDATE,48.2455501,1.375,60.5,141.14725
5956038,K05214.01,FALSE POSITIVE,256.846143,6.289,1706.0,331.8595
5963591,K05215.01,FALSE POSITIVE,146.931518,23.78,257.0,190.4351
5965629,K05216.01,CANDIDATE,377.311149,3.33,804.0,411.6189
6934045,K05336.01,CANDIDATE,265.741374,18.078,273.4,167.0573
6939913,K05337.01,CANDIDATE,470.65357,3.458,985.0,173.647
6947062,K05338.01,FALSE POSITIVE,309.19347,23.51,1445.0,318.487
6948815,K05339.01,FALSE POSITIVE,1.541530919,4.8691,213262.0,131.98454
6952570,K05340.01,FALSE POSITIVE,122.713036,3.999,290.7,135.2952
7009548,K05341.01,CANDIDATE,15.18575582,0.633,256.7,144.63985
7011044,K05342.01,FALSE POSITIVE,25.50236699,1.8,,141.3438916
7013635,K05343.01,FALSE POSITIVE,290.625016,4.411,147.6,349.7098
3240049,K04968.01,FALSE POSITIVE,2.945414866,2.702,968.7,133.95496
3242039,K04969.01,CANDIDATE,59.14382117,1.74,,180.5653307
3245638,K04970.01,FALSE POSITIVE,232.822285,0.99,22617.0,253.934
3329985,K04971.01,FALSE POSITIVE,146.355097,5.034,820.0,226.299
3340165,K04972.01,CANDIDATE,26.092284,6.623,122.4,149.1087
3341760,K04973.01,FALSE POSITIVE,0.523493764,0.9015,54.0,131.6968
3341982,K04974.01,FALSE POSITIVE,514.14221,4.153,1491.0,439.365
3355104,K04975.01,CANDIDATE,47.0628978,1.545,1647.0,171.94782
4840327,K05093.01,FALSE POSITIVE,26.737139497,4.68919,53516.1,146.8472356
4843751,K05094.01,FALSE POSITIVE,310.61299,2.562,920.0,267.0451
4856592,K05095.01,FALSE POSITIVE,461.1417,3.875,382.0,388.34717
4863260,K05096.01,FALSE POSITIVE,0.987069622,1.0092,384.8,131.9133173
4902673,K05097.01,FALSE POSITIVE,329.71491,12.11,337.0,347.1667
4912650,K05098.01,CANDIDATE,100.345648,7.939,372.3,152.8425
4914221,K05099.01,CANDIDATE,111.187116,3.569,110.8,195.2257
4914399,K05100.01,FALSE POSITIVE,1.23708565,5.743,803.8,132.7235
5967194,K05217.01,FALSE POSITIVE,498.24938,8.73,522.6,313.7462
5980354,K05218.01,FALSE POSITIVE,1.573020098,15.574,292.2,132.28063
5981058,K05219.01,CANDIDATE,27.765596,19.49,147.6,132.0878
5986270,K05220.01,FALSE POSITIVE,1.534679933,1.7237,456.6,132.331163
5989391,K05221.01,FALSE POSITIVE,71.59889,10.53,654.0,135.431
6021840,K05222.01,CANDIDATE,367.6758,23.5,699.5,370.244
6023571,K05223.01,CANDIDATE,354.21154,18.594,821.3,218.299
6025174,K05224.01,CANDIDATE,171.028691,11.784,394.2,301.7487
3356156,K04976.01,CANDIDATE,624.90338,12.169,249.0,241.5869
3425363,K04977.01,CANDIDATE,25.5338535,2.076,368.0,153.586
3428127,K04978.01,CANDIDATE,339.18998,5.117,822.0,300.2366
3428359,K04979.01,FALSE POSITIVE,77.66967809,3.01,,151.0243323
3439031,K04980.01,FALSE POSITIVE,2.976012511,6.52033,449091.0,132.9704424
3441795,K04981.01,CANDIDATE,349.73652,3.428,886.0,268.2946
3449540,K04982.01,FALSE POSITIVE,1.606003121,4.88602,402550.0,132.4945147
3449870,K04983.01,FALSE POSITIVE,61.438007,3.861,253.0,136.9729
4915582,K05101.01,CANDIDATE,436.18813,11.35,118.0,185.8184
4917357,K05102.01,FALSE POSITIVE,147.863607,1.948,560.0,259.53
4917658,K05103.01,FALSE POSITIVE,586.91711807,5.32,,275.4739232
4918303,K05104.01,CANDIDATE,21.1579573,4.706,215.9,150.5824
4927738,K05105.01,FALSE POSITIVE,19.545185,1.597,40.2,147.733
4937140,K05106.01,FALSE POSITIVE,215.044269,3.517,351.1,225.6177
4940376,K05107.01,CANDIDATE,169.330666,2.6,532.7,208.7974
4945035,K05108.01,FALSE POSITIVE,1.174683069,2.5167,356.4,131.835254
6033602,K05225.01,FALSE POSITIVE,33.2948005,2.997,215.7,141.5302
6034379,K05226.01,CANDIDATE,249.35154,13.76,1637.0,133.929
6034834,K05227.01,CANDIDATE,371.56492,14.736,375.5,259.8491
6036286,K05228.01,CANDIDATE,546.53309,16.04,758.0,334.0585
6038152,K05229.01,CANDIDATE,364.63189,22.93,302.8,145.6294
6043490,K05230.01,CANDIDATE,330.738115,4.998,333.3,422.7107
6045404,K05231.01,CANDIDATE,78.876125,4.912,472.3,205.1282
6047853,K05232.01,FALSE POSITIVE,476.39752,12.13,287.8,227.0486
3459529,K04984.01,FALSE POSITIVE,231.364508,4.747,1488.0,299.729
3532510,K04985.01,FALSE POSITIVE,106.779168,1.905,163.0,146.11456
3540873,K04986.01,CANDIDATE,444.04257,10.9,417.4,334.6734
3542117,K04987.01,FALSE POSITIVE,12.5748872,3.549,731.0,143.1278
3542928,K04988.01,FALSE POSITIVE,484.172005,4.566,518.2,545.2208
3545749,K04989.01,FALSE POSITIVE,277.77499,7.07,1078.0,351.829
3546821,K04990.01,FALSE POSITIVE,561.08191,14.94,229.1,133.5178
3548645,K04991.01,CANDIDATE,211.330867,4.66,531.0,244.953
4946581,K05109.01,FALSE POSITIVE,28.615014,24.74,70.5,147.7816
4953262,K05110.01,CANDIDATE,105.5904748,2.188,292.4,192.30383
4996558,K05111.01,FALSE POSITIVE,3.017155419,13.3898,1381.8,133.68607
5006817,K05112.01,FALSE POSITIVE,94.818136,83.31,,186.3262
5008775,K05113.01,FALSE POSITIVE,52.6727624,3.039,248.0,178.5395
5015027,K05114.01,FALSE POSITIVE,34.4886903,1.22,59.9,137.00685
5016163,K05115.01,FALSE POSITIVE,2.6228301,7.29719,409714.0,131.8572135
5024476,K05116.01,FALSE POSITIVE,222.068928,1.938,643.0,290.58724
6058896,K05233.01,FALSE POSITIVE,0.56493398,2.4385,2067.0,131.787277
6062298,K05234.01,FALSE POSITIVE,246.12174,18.0,6847.0,301.8089
6065010,K05235.01,FALSE POSITIVE,159.05846,10.08,194.3,209.213
6067545,K05236.01,CANDIDATE,550.86514,14.548,346.5,307.6878
6115356,K05237.01,CANDIDATE,380.39474,10.775,603.0,502.2332
6116605,K05238.01,FALSE POSITIVE,419.21314,6.385,2084.0,164.0745
6118840,K05239.01,FALSE POSITIVE,350.98474,14.49,600.0,164.2084
6129632,K05240.01,FALSE POSITIVE,298.4688,3.748,315.4,303.902
3553900,K04992.01,CANDIDATE,12.5747207,2.896,323.3,142.34553
3554819,K04993.01,FALSE POSITIVE,43.22793081,1.39,,144.4486525
3555178,K04994.01,FALSE POSITIVE,528.10984,18.01,89.8,155.1493
3632330,K04995.01,FALSE POSITIVE,63.12379762,1.87,,147.195046
3641216,K04996.01,FALSE POSITIVE,358.54455552,11.46,,376.8056254
3644399,K04997.01,FALSE POSITIVE,119.669671,20.67,421.9,176.1667
3644649,K04998.01,FALSE POSITIVE,598.31791,16.07,283.2,295.9314
5027859,K05117.01,CANDIDATE,33.3726538,3.663,618.4,153.5967
5032842,K05118.01,FALSE POSITIVE,18.40783671,1.55,,139.3507372
5036052,K05119.01,CANDIDATE,143.163697,4.854,390.3,243.7133
5037742,K05120.01,FALSE POSITIVE,250.4858,12.72,674.6,183.25
5039053,K05121.01,FALSE POSITIVE,401.38712,32.21,166.2,328.5916
5080565,K05122.01,FALSE POSITIVE,49.312677,4.057,1713.0,162.638
5091808,K05123.01,FALSE POSITIVE,288.94276,11.43,160.6,193.4457
6139220,K05241.01,FALSE POSITIVE,273.6857427,8.3881,15350.5,350.85157
6143819,K05242.01,FALSE POSITIVE,28.1117095,1.689,119.4,138.30651
6145939,K05243.01,FALSE POSITIVE,17.745456135,4.0678,80258.0,137.697754
6149980,K05244.01,FALSE POSITIVE,603.3102,8.025,517.9,151.0618
6184894,K05245.01,CONFIRMED,7.20281185,2.8305,1832.6,135.19499
6195792,K05246.01,FALSE POSITIVE,36.4772788,2.092,463.0,137.1924
6197658,K05247.01,CANDIDATE,282.0309,14.69,782.0,162.5448
6198670,K05248.01,CANDIDATE,179.25465,22.35,272.4,154.3773
3646449,K04999.01,CANDIDATE,65.752109,6.854,382.5,183.3112
3646515,K05000.01,FALSE POSITIVE,249.61377295,3.2,,201.4461838
3647097,K05001.01,CANDIDATE,59.9655175,1.89,310.1,140.9936
3730176,K05002.01,FALSE POSITIVE,399.49671,5.351,139.3,368.4202
3748239,K05003.01,CANDIDATE,112.951287,4.284,555.6,172.0238
3751118,K05004.01,CANDIDATE,103.363691,6.012,359.1,194.152
3755522,K05005.01,FALSE POSITIVE,251.958533,4.742,204.1,367.3803
5094412,K05124.01,CANDIDATE,276.879492,3.779,1762.0,176.52152
5105886,K05125.01,FALSE POSITIVE,389.169027,3.759,513.3,388.2063
5110453,K05126.01,CANDIDATE,418.04355,10.777,481.6,194.7139
5113146,K05127.01,FALSE POSITIVE,18.78970984,4.13997,40789.1,143.82465
5130563,K05128.01,FALSE POSITIVE,0.915782856,2.24,301.0,132.27591
5131276,K05129.01,FALSE POSITIVE,0.66882716,1.069,68.2,131.8692
5166811,K05130.01,CANDIDATE,370.05918,11.86,669.8,311.474
5174677,K05131.01,FALSE POSITIVE,43.5428781,3.6768,5447.0,150.4229
6203955,K05249.01,CANDIDATE,19.4534296,4.873,149.0,139.3373
6205384,K05250.01,FALSE POSITIVE,3.72273683,8.552,37.8,134.6473
6205405,K05251.01,FALSE POSITIVE,3.7229369,10.57,65.2,134.6174
6206470,K05252.01,FALSE POSITIVE,1.80455062,2.166,39.7,132.4262
6263468,K05253.01,FALSE POSITIVE,10.1955065,2.447,221.4,140.26643
6266866,K05254.01,CANDIDATE,232.916142,7.037,64.8,162.1441
6277594,K05255.01,FALSE POSITIVE,3.66115536,14.807,34.3,133.7708
9002278,K00701.04,CONFIRMED,267.282521,7.788,471.9,589.71975
6026438,K02045.03,CONFIRMED,16.9348104,3.408,346.3,137.2502
3229150,K02150.02,CANDIDATE,44.7055876,6.262,471.8,149.6448
11360805,K02422.02,CANDIDATE,57.3888262,3.543,344.4,141.62516
3757521,K05006.01,CANDIDATE,126.51457638,2.15,,167.3005742
3758499,K05007.01,CANDIDATE,14.5168151,5.796,86.0,137.5579
3763724,K05008.01,FALSE POSITIVE,225.43420422,13.02,,210.1832295
3834728,K05009.01,CANDIDATE,359.98653,3.866,671.0,352.5338
3836450,K05010.01,FALSE POSITIVE,1.540399732,1.63,57.6,131.99296
3836509,K05011.01,FALSE POSITIVE,1.540389045,1.8325,485.7,131.99987
3836522,K05012.01,FALSE POSITIVE,1.540393027,1.75,526.2,131.998449
3846515,K05013.01,FALSE POSITIVE,0.888045184,2.1961,90.6,131.84685
5179609,K05132.01,FALSE POSITIVE,43.9311596,12.9395,9304.4,134.214029
5181086,K05133.01,FALSE POSITIVE,494.62409,8.36,307.0,242.5567
5181299,K05134.01,CANDIDATE,573.23826,2.641,470.1,343.313
5184144,K05135.01,CANDIDATE,314.765374,3.325,732.0,283.1235
5192660,K05136.01,FALSE POSITIVE,110.75214125,2.09,,174.9520694
5193813,K05137.01,FALSE POSITIVE,121.1825045,2.97,,213.3594926
5199426,K05138.01,FALSE POSITIVE,78.60436061,4.65559,78104.0,143.9949276
5211631,K05139.01,FALSE POSITIVE,294.202469,2.36,248.2,221.2782
6281127,K05256.01,FALSE POSITIVE,588.10504,15.474,326.6,289.5538
6285906,K05257.01,FALSE POSITIVE,116.170346,2.656,435.2,205.5026
6287131,K05258.01,FALSE POSITIVE,452.30053,5.918,809.0,261.1684
6289459,K05259.01,FALSE POSITIVE,39.5931053,2.306,156.6,141.0746
6289897,K05260.01,FALSE POSITIVE,1.55935718,2.892,49.7,132.54264
6290467,K05261.01,FALSE POSITIVE,100.629443,1.708,355.7,189.6247
6309307,K05262.01,CANDIDATE,438.98396,9.62,745.2,487.8174
6342980,K05263.01,FALSE POSITIVE,273.169948,2.701,283.3,309.84052
8753896,K02473.03,CONFIRMED,14.5123622,4.163,355.8,143.8154
4150611,K03156.02,FALSE POSITIVE,1.434200327,5.968,3097.3,132.0647
4150611,K03156.03,FALSE POSITIVE,8.653098686,3.9071,60715.0,136.657941
4909707,K03175.01,FALSE POSITIVE,2.302365255,23.88,62160.0,132.4231
7919516,K07857.01,FALSE POSITIVE,0.575445783,0.8463,29.3,132.0648853
6850665,K03244.01,FALSE POSITIVE,214.715417,34.146,5211.2,275.49823
4948730,K03272.01,FALSE POSITIVE,23.0295222,7.96,548.2,151.14686
3848665,K05014.01,FALSE POSITIVE,359.04147,14.04,3658.0,274.206
3848919,K05015.01,FALSE POSITIVE,0.52363021,3.45121,367102.0,131.7669254
3848948,K05016.01,FALSE POSITIVE,0.523632451,1.99,8.1,131.76512
3852865,K05017.01,FALSE POSITIVE,492.25299,5.077,372.7,520.86
3854101,K05018.01,FALSE POSITIVE,293.5056071,3.4075,6824.0,328.7269
3858926,K05019.01,FALSE POSITIVE,25.95247,12.945,80.8,149.0004
3859890,K05020.01,FALSE POSITIVE,4.34573349,2.246,73.5,134.40693
3863877,K05021.01,CANDIDATE,288.07937,3.161,991.0,355.49261
5213005,K05140.01,FALSE POSITIVE,484.58335927,3.2,,569.5386194
5213811,K05141.01,FALSE POSITIVE,288.285213,5.343,378.1,325.0419
5255259,K05142.01,CANDIDATE,198.895864,4.193,1779.0,225.4944
5260419,K05143.01,FALSE POSITIVE,19.93826636,1.77,,145.9495067
5262539,K05144.01,FALSE POSITIVE,491.08027,7.42,335.6,202.7762
5263802,K05145.01,FALSE POSITIVE,3.350209754,4.43333,28325.4,131.838052
5265982,K05146.01,FALSE POSITIVE,628.592314,3.603,393.7,270.9081
5271637,K05147.01,FALSE POSITIVE,471.37787,16.91,102.9,365.397
6346894,K05264.01,CANDIDATE,52.69092296,2.31,,138.799777
6347434,K05265.01,FALSE POSITIVE,425.22927,6.76,829.0,268.3096
6347890,K05266.01,CANDIDATE,37.71508287,1.8,,165.6372891
6350031,K05267.01,CANDIDATE,5.1779065,5.366,129.5,135.756
6359881,K05268.01,CANDIDATE,474.22897,13.05,475.2,161.0544
6359929,K05269.01,CANDIDATE,371.50631,8.854,992.0,260.1243
6363560,K05270.01,FALSE POSITIVE,606.91488768,5.96,,132.3897061
6364064,K05271.01,FALSE POSITIVE,5.24331899,11.137,106.8,132.7859
11177676,K03281.01,CONFIRMED,47.0320478,5.892,367.8,175.473
4936990,K03290.01,FALSE POSITIVE,10.31453308,3.6641,2004.1,132.53723
7130418,K03317.01,FALSE POSITIVE,15.52861675,2.131,500.0,145.70184
12208887,K03333.01,FALSE POSITIVE,53.501860974,5.25334,456778.0,132.211255
10711551,K03359.01,FALSE POSITIVE,10.692230094,5.46939,376651.0,139.953907
7919867,K07858.01,FALSE POSITIVE,1.60375114,1.498,51.0,132.16816
11081512,K03364.01,FALSE POSITIVE,15.7397651,3.297,287.7,132.7942
3865815,K05022.01,CANDIDATE,117.26808432,2.2,,146.7201011
3867593,K05023.01,FALSE POSITIVE,73.3377984,9.029,114900.0,136.58646
3941219,K05024.01,FALSE POSITIVE,282.159571,5.069,196.3,259.9132
3953106,K05025.01,FALSE POSITIVE,6.58729511,8.3582,127965.0,133.3652
3953212,K05026.01,FALSE POSITIVE,459.23193,17.722,418.7,192.7716
3955444,K05027.01,CANDIDATE,62.312419,5.561,123.0,146.119
3962728,K05028.01,FALSE POSITIVE,25.9493253,12.17,354.5,155.024
3965326,K05029.01,FALSE POSITIVE,212.76701,12.8,74.3,167.485
9265521,K05646.01,FALSE POSITIVE,386.62189,17.72,193.2,319.129
9268456,K05647.01,FALSE POSITIVE,84.644104,48.182,512.0,132.5301
9271739,K05648.01,FALSE POSITIVE,575.95408,8.618,1210.0,188.4547
9274092,K05649.01,CANDIDATE,426.942225,3.965,1209.0,485.38171
9274431,K05650.01,FALSE POSITIVE,117.844963,1.951,1043.0,229.8693
9282853,K05651.01,CANDIDATE,83.499618,16.03,501.0,163.5093
9292100,K05652.01,CANDIDATE,91.507044,5.019,539.0,184.2723
9300066,K05653.01,CANDIDATE,188.664098,5.179,960.0,154.3037
10186761,K05772.01,CANDIDATE,75.636309,2.588,174.6,131.9468
10189542,K05773.01,FALSE POSITIVE,24.614775,2.395,229.4,142.51094
10191056,K05774.01,FALSE POSITIVE,1.21374744,5.79293,185129.0,131.7423095
10191449,K05775.01,CANDIDATE,492.23808,12.53,676.8,247.5842
10199984,K05776.01,CANDIDATE,198.6004,3.53,300.8,163.566
10201891,K05777.01,FALSE POSITIVE,372.30881,3.874,535.2,379.1454
10208477,K05778.01,FALSE POSITIVE,454.244158,3.399,241.0,494.92901
10222603,K05779.01,FALSE POSITIVE,112.48226,1.923,195.7,177.56967
7581535,K05400.01,FALSE POSITIVE,218.56734012,2.38,,246.0741577
7592339,K05401.01,FALSE POSITIVE,229.948531,1.813,154.2,339.4719
7598326,K05402.01,FALSE POSITIVE,403.5637828,3.64,,424.8697825
7599004,K05403.01,FALSE POSITIVE,2.41172358,2.6311,3364.7,133.8617
7618231,K05404.01,FALSE POSITIVE,92.9314146,2.35,,147.8009148
7619667,K05405.01,FALSE POSITIVE,103.22293786,2.63,,145.1458222
7625138,K05406.01,CANDIDATE,5.71966537,3.938,19.1,131.78147
8507073,K05527.01,FALSE POSITIVE,209.06299275,10.0389,250913.0,300.828345
8507586,K05528.01,CANDIDATE,201.621794,3.172,480.0,261.7721
8509781,K05529.01,FALSE POSITIVE,70.335879746,4.65625,24418.4,198.9473258
8510197,K05530.01,FALSE POSITIVE,591.37382,4.35,245.0,333.48076
8516349,K05531.01,FALSE POSITIVE,559.28332,4.245,1360.0,228.2959
8525101,K05532.01,CANDIDATE,24.6777128,5.088,131.3,136.5139
8525286,K05533.01,CANDIDATE,113.05980069,19.03,,241.0089927
8542879,K05534.01,FALSE POSITIVE,136.355967,3.17,165.1,157.0974
9304976,K05654.01,CANDIDATE,54.6957124,6.89,1096.0,155.2574
9306677,K05655.01,FALSE POSITIVE,532.9307,3.89,181.4,285.017
9330740,K05656.01,CANDIDATE,169.84787744,2.82,,178.6902845
9334027,K05657.01,CANDIDATE,284.699924,3.709,371.1,257.6791
9357578,K05658.01,FALSE POSITIVE,171.69799,2.904,878.0,221.34517
9362842,K05659.01,FALSE POSITIVE,444.89411,7.937,363.0,240.274
9363944,K05660.01,CANDIDATE,402.20969,5.298,472.5,369.5086
9368524,K05661.01,FALSE POSITIVE,229.86928,12.91,1659.0,265.1432
10227881,K05780.01,FALSE POSITIVE,5.14108479,25.93,611.2,134.9699
10266852,K05781.01,FALSE POSITIVE,179.27230765,2.21,,149.1729837
10272858,K05782.01,CANDIDATE,584.55603,3.671,346.7,388.63685
10292000,K05783.01,FALSE POSITIVE,200.83849979,2.37,,268.6842367
10319341,K05784.01,FALSE POSITIVE,40.1043796,3.471,187.3,158.8392
10319834,K05785.01,CANDIDATE,70.31252504,13.66,,178.7486804
10320341,K05786.01,FALSE POSITIVE,30.114681501,5.68713,87057.3,158.5292451
10339000,K05787.01,CANDIDATE,69.775633,9.205,140.9,147.9367
7625143,K05407.01,CANDIDATE,58.5029431,1.633,117.0,185.75495
7631138,K05408.01,CANDIDATE,415.748785,3.313,463.7,510.09961
7658229,K05409.01,FALSE POSITIVE,36.1826854,4.2546,9471.7,144.69811
7662502,K05410.01,CANDIDATE,24.1527864,4.451,78.1,146.4101
7672215,K05411.01,CANDIDATE,11.1734401,4.545,61.3,142.5962
7674050,K05412.01,FALSE POSITIVE,472.2265706,4.8732,156143.0,363.713605
7690782,K05413.01,CANDIDATE,428.379308,4.066,386.6,522.3881
7700561,K05414.01,FALSE POSITIVE,1.507099289,4.8361,1282.0,132.09341
8546464,K05535.01,FALSE POSITIVE,253.652263,3.85,26456.0,230.25666
8547213,K05536.01,CANDIDATE,392.72811,12.48,499.7,371.411
8547366,K05537.01,FALSE POSITIVE,128.66825288,2.67,,142.6652144
8547525,K05538.01,FALSE POSITIVE,485.57785,6.67,853.0,327.5177
8547537,K05539.01,CANDIDATE,374.05697,22.53,961.1,177.0559
8548403,K05540.01,FALSE POSITIVE,643.4528,9.346,585.1,204.0423
8548454,K05541.01,CANDIDATE,339.633833,8.859,517.8,260.9552
8552607,K05542.01,FALSE POSITIVE,1.061934307,3.211,264.8,131.72622
9390655,K05662.01,FALSE POSITIVE,9.5497037,1.881,706.7,137.5008
9391817,K05663.01,CANDIDATE,140.884533,10.245,158.0,243.1411
9394762,K05664.01,FALSE POSITIVE,77.138911,7.229,603.3,166.5847
9394953,K05665.01,CANDIDATE,100.494129,2.679,57.6,153.8021
9397862,K05666.01,CANDIDATE,182.453195,2.721,184.0,282.5445
9402670,K05667.01,FALSE POSITIVE,0.536551592,4.89,153.2,132.02205
9402859,K05668.01,FALSE POSITIVE,68.54443156,2.05,,161.4962975
9407689,K05669.01,FALSE POSITIVE,130.110715,2.227,251.9,165.4972
10356840,K05788.01,FALSE POSITIVE,242.484764,6.451,361.7,367.222
10387792,K05789.01,CANDIDATE,383.26217,4.84,448.4,216.192
10394802,K05790.01,CANDIDATE,178.266978,5.276,1857.0,229.75414
10399137,K05791.01,FALSE POSITIVE,385.593209,2.799,282.9,393.8276
10416390,K05792.01,FALSE POSITIVE,215.737826,7.257,8476.0,330.88376
10419108,K05793.01,FALSE POSITIVE,507.48249,8.19,232.1,251.1107
10453009,K05794.01,CANDIDATE,30.9771151,3.188,125.0,145.6475
10459749,K05795.01,CANDIDATE,19.11280242,1.58,,143.6245952
7701809,K05415.01,FALSE POSITIVE,30.2111162,4.202,92.6,160.3175
7731281,K05416.01,CONFIRMED,76.377855,4.809,11004.0,146.3485
7743464,K05417.01,FALSE POSITIVE,55.249007325,5.15147,205671.0,164.9788729
7747091,K05418.01,CANDIDATE,14.2673439,3.171,217.5,133.9655
7747197,K05419.01,FALSE POSITIVE,22.52907,1.373,327.1,142.2496
7750342,K05420.01,FALSE POSITIVE,66.247851,4.04,666.0,162.2694
7751133,K05421.01,FALSE POSITIVE,370.91308,17.655,270.3,261.1884
7757620,K05422.01,CANDIDATE,360.64485255,11.19,,186.8852982
8560475,K05543.01,FALSE POSITIVE,7.41505161,2.061,937.0,133.31055
8561192,K05544.01,FALSE POSITIVE,2.742590902,10.4143,680398.0,132.6997
8570210,K05545.01,CANDIDATE,541.04472,12.47,181.5,372.4781
8571421,K05546.01,CANDIDATE,514.271499,3.46,688.9,416.76798
8574794,K05547.01,CANDIDATE,571.14302,10.06,531.3,251.0392
8575061,K05548.01,FALSE POSITIVE,216.453511,3.321,1137.0,299.1452
8612291,K05549.01,FALSE POSITIVE,37.0488669,2.48,,142.0283185
8613769,K05550.01,CANDIDATE,540.39267,9.233,1780.0,196.0854
9412267,K05670.01,FALSE POSITIVE,542.16158927,8.77,,428.8111364
9417931,K05671.01,CANDIDATE,190.905243,2.529,227.1,193.3008
9418508,K05672.01,FALSE POSITIVE,11.0153889,2.666,3446.0,140.6804
9449320,K05673.01,FALSE POSITIVE,28.34230575,1.65,,141.4055394
9451521,K05674.01,FALSE POSITIVE,231.521608,2.819,478.7,341.06653
9455322,K05675.01,FALSE POSITIVE,180.890384,1.901,205.3,162.9617
9455526,K05676.01,FALSE POSITIVE,60.0546149,3.435,326.1,181.8867
9456887,K05677.01,CANDIDATE,20.5142642,3.524,153.2,148.7293
10470779,K05796.01,CANDIDATE,495.854189,8.65,548.6,241.49594
10480952,K05797.01,FALSE POSITIVE,2.037453129,5.43155,315914.0,131.5522356
10487228,K05798.01,CANDIDATE,318.25858,4.39,756.0,276.1817
10519727,K05799.01,CANDIDATE,184.883155,3.025,304.1,283.41765
10525077,K05800.01,CANDIDATE,11.006795,5.112,146.4,135.9925
10535708,K05801.01,CANDIDATE,177.37583,21.14,459.7,169.0841
10547378,K05802.01,FALSE POSITIVE,35.164087,86.05,1528.9,147.7597
10548411,K05803.01,FALSE POSITIVE,107.11003503,2.12,,148.1046554
7762153,K05423.01,CANDIDATE,366.55705,11.62,582.5,238.1402
7762717,K05424.01,FALSE POSITIVE,462.26052152,4.05,,185.8488415
7767781,K05425.01,CANDIDATE,39.42516213,2.18,,133.1963483
7770901,K05426.01,CANDIDATE,124.887214,8.599,176.5,133.7933
7800285,K05427.01,FALSE POSITIVE,0.533000886,1.54684,4398.5,131.735703
7804128,K05428.01,FALSE POSITIVE,200.35091012,3.78,,170.6693855
7809049,K05429.01,FALSE POSITIVE,114.32859485,2.64,,153.6678346
7811057,K05430.01,FALSE POSITIVE,99.97889,8.76,117.9,186.4888
8622875,K05551.01,FALSE POSITIVE,374.71687,52.986,1126.2,505.6954
8644545,K05552.01,CANDIDATE,295.958914,4.244,464.1,138.92548
8644911,K05553.01,CANDIDATE,120.938669,8.818,782.1,246.252
8652997,K05554.01,CANDIDATE,362.22202,14.29,52.5,385.738
8655076,K05555.01,FALSE POSITIVE,42.070868,1.293,386.2,161.03377
8656535,K05556.01,CANDIDATE,631.99116,2.99,345.6,147.27452
8671707,K05557.01,FALSE POSITIVE,401.73243,1.535,366.4,393.61848
8676061,K05558.01,FALSE POSITIVE,428.1186,6.56,443.8,243.23
9457533,K05678.01,FALSE POSITIVE,37.3683802,2.8,206.6,135.1439
9463329,K05679.01,FALSE POSITIVE,615.81928,14.93,168.0,261.7343
9466486,K05680.01,CANDIDATE,557.92882,4.788,262.2,210.68
9472328,K05681.01,CANDIDATE,77.51257,3.15,1510.0,199.556
9472341,K05682.01,CANDIDATE,46.969389,1.944,1875.0,173.8395
9474485,K05683.01,FALSE POSITIVE,0.512581525,2.54719,384482.0,131.781117
9475697,K05684.01,CANDIDATE,206.801125,6.6,716.0,246.8488
9481235,K05685.01,CANDIDATE,14.0019064,4.257,376.1,136.311
10551346,K05804.01,FALSE POSITIVE,1.42796645,12.8653,6012.3,132.604851
10552151,K05805.01,CANDIDATE,525.757041,4.995,830.2,306.89848
10552263,K05806.01,CANDIDATE,313.82752,4.187,168.0,166.4928
10554421,K05807.01,CANDIDATE,236.09799849,3.65,,210.0045018
10556891,K05808.01,FALSE POSITIVE,70.61977122,2.09,,139.6638405
10579570,K05809.01,FALSE POSITIVE,216.10910854,3.95,,150.9246541
10581308,K05810.01,CANDIDATE,425.593391,3.815,237.6,225.3273
10591578,K05811.01,FALSE POSITIVE,44.51439331,1.55,,172.4645281
7812990,K05431.01,CANDIDATE,43.08410127,1.38,,163.7383276
7819520,K05432.01,FALSE POSITIVE,230.80401566,3.57,,231.8142184
7829836,K05433.01,CANDIDATE,237.819002,11.324,614.2,320.1617
7830953,K05434.01,CANDIDATE,581.87357,14.64,905.6,389.8661
7836096,K05435.01,CANDIDATE,15.9961296,1.656,500.7,138.93316
7837526,K05436.01,FALSE POSITIVE,28.297207229,3.94247,23193.1,137.2347229
7881464,K05437.01,CANDIDATE,213.63312404,2.54,,161.1886697
7884986,K05438.01,FALSE POSITIVE,412.227551,4.303,819.5,380.0972
8677186,K05559.01,FALSE POSITIVE,586.63177,7.299,199.9,227.5013
8678345,K05560.01,FALSE POSITIVE,364.95068,0.636,824.0,183.717
8682751,K05561.01,FALSE POSITIVE,44.36123319,2.49,,145.3581805
8715564,K05562.01,FALSE POSITIVE,438.00974,11.46,79.2,358.2924
8715589,K05563.01,CANDIDATE,7.62210397,1.902,146.1,138.65231
8718273,K05564.01,FALSE POSITIVE,3.479508244,3.9097,3000.4,133.389072
8737343,K05565.01,FALSE POSITIVE,406.29695,5.32,136.5,404.6352
8741367,K05566.01,CANDIDATE,0.9886684,2.023,126.6,131.99354
9489348,K05686.01,FALSE POSITIVE,3.34465934,10.796,57.6,134.7267
9517242,K05687.01,FALSE POSITIVE,513.14417,14.13,223.8,359.6183
9532603,K05688.01,CANDIDATE,14.5555096,2.07,725.0,132.8686
9534832,K05689.01,CANDIDATE,114.12716,1.719,974.0,226.87991
9536727,K05690.01,CANDIDATE,17.0497376,3.271,478.6,146.73363
9543302,K05691.01,FALSE POSITIVE,13.0366377,3.184,154.6,138.22895
9575728,K05692.01,CANDIDATE,2.64181261,2.127,70.0,132.53192
10799291,K05828.01,FALSE POSITIVE,270.98477,6.718,13883.0,279.048
10802364,K05829.01,CANDIDATE,583.8531,5.09,491.0,362.1416
10809888,K05830.01,CANDIDATE,72.782432,3.726,245.8,188.2117
10813078,K05831.01,CANDIDATE,10.552241908,2.7355,954.0,132.652083
10817600,K05832.01,FALSE POSITIVE,2.74703312,2.655,152.2,131.79105
10850327,K05833.01,CANDIDATE,440.171272,12.217,783.5,470.35369
10855545,K05834.01,CANDIDATE,37.537859,6.513,269.0,159.7364
10858504,K05835.01,CANDIDATE,474.96952,4.58,595.0,281.948
7885558,K05439.01,FALSE POSITIVE,0.864651455,3.461,67.7,131.69239
7888863,K05440.01,CANDIDATE,74.624063,8.881,346.9,194.3704
7900450,K05441.01,FALSE POSITIVE,25.4805211,10.701,159.0,145.4404
7900695,K05442.01,FALSE POSITIVE,512.11636,9.557,315.4,403.34
7900727,K05443.01,FALSE POSITIVE,348.61891,3.567,689.0,227.3466
7902719,K05444.01,FALSE POSITIVE,368.70839,6.08,957.0,232.613
7916058,K05445.01,FALSE POSITIVE,7.1091096,10.67,156.7,133.4379
7917068,K05446.01,CANDIDATE,416.9504,4.026,479.8,227.392
8742270,K05567.01,FALSE POSITIVE,397.3958488,6.1014,29825.0,374.57082
8745553,K05568.01,CONFIRMED,62.134919,8.711,147.5,154.0853
8747222,K05569.01,FALSE POSITIVE,1.667482003,1.5931,545.5,133.17729
8747910,K05570.01,CANDIDATE,574.65297,4.37,725.0,365.2946
8766285,K05571.01,FALSE POSITIVE,5.29730786,4.02,190.8,135.55681
8807988,K05572.01,CANDIDATE,21.9578446,1.038,96.6,135.06742
8812360,K05573.01,FALSE POSITIVE,77.395279,5.26,437.0,165.805
8814872,K05574.01,CANDIDATE,373.41509,6.617,1806.0,346.9457
9579072,K05693.01,FALSE POSITIVE,612.882452,2.024,631.0,274.9048
9579606,K05694.01,CANDIDATE,107.904526,2.053,249.4,159.9493
9591728,K05695.01,FALSE POSITIVE,11.03571773,5.62958,144955.0,137.28413
9594184,K05696.01,FALSE POSITIVE,42.093314,4.649,886.0,141.1113
9594992,K05697.01,FALSE POSITIVE,274.10859251,6.59,,182.1603339
9596820,K05698.01,CANDIDATE,282.029084,4.686,312.8,170.69
9598315,K05699.01,FALSE POSITIVE,339.18109,5.34,157.9,415.078
9602595,K05700.01,FALSE POSITIVE,3.55650976,12.7364,687454.0,133.5221921
10601163,K05812.01,CANDIDATE,3.1318392,1.632,159.9,132.123
10616317,K05813.01,FALSE POSITIVE,38.27772448,1.73,,157.8294108
10616656,K05814.01,FALSE POSITIVE,25.285232337,4.76313,63021.6,135.9662009
10618044,K05815.01,CANDIDATE,207.767894,5.21,320.6,224.425
10656842,K05816.01,CANDIDATE,82.508054,3.806,351.9,162.3992
10658177,K05817.01,CANDIDATE,113.083522,10.315,130.7,217.1521
10661679,K05818.01,FALSE POSITIVE,1.23138339,3.943,72.7,131.7865
10663976,K05819.01,CANDIDATE,381.37504,16.57,286.5,490.55
7935997,K05447.01,FALSE POSITIVE,322.55663046,3.74,,321.7790604
7938499,K05448.01,FALSE POSITIVE,7.2269859,14.241,160.3,136.1514
7941635,K05449.01,FALSE POSITIVE,0.762724045,1.98818,9782.2,131.650802
7948619,K05450.01,FALSE POSITIVE,206.76425774,2.57,,325.9501578
7950158,K05451.01,CANDIDATE,529.39169,10.869,319.9,387.3915
7967210,K05452.01,FALSE POSITIVE,362.49906,12.17,522.5,404.3391
7970194,K05453.01,FALSE POSITIVE,190.65896,35.472,552.8,164.9278
7978202,K05454.01,CONFIRMED,509.997402,8.481,1267.0,276.73122
8823893,K05575.01,FALSE POSITIVE,1.50650036,2.762,45.4,132.9895
8836224,K05576.01,FALSE POSITIVE,194.48732212,3.6,,155.0535312
8841297,K05577.01,CANDIDATE,495.51899,3.592,297.6,452.8313
8868481,K05578.01,CANDIDATE,388.048463,3.456,149.6,295.8353
8888745,K05579.01,CANDIDATE,34.0269868,1.586,361.7,164.79638
8890417,K05580.01,CANDIDATE,173.219879,1.875,239.5,201.2993
8891684,K05581.01,CONFIRMED,374.878133,10.556,914.6,491.064
8904714,K05582.01,FALSE POSITIVE,5.2362026,3.148,2019.5,133.7395
9645188,K05701.01,FALSE POSITIVE,48.55059299,1.79,,148.6714009
9659022,K05702.01,CANDIDATE,511.882,4.822,610.0,533.7435
9662475,K05703.01,FALSE POSITIVE,247.372131,3.271,513.4,277.35008
9674789,K05704.01,CANDIDATE,96.16705,2.775,270.7,134.6749
9705620,K05705.01,FALSE POSITIVE,95.254421,3.379,465.4,181.4574
9715631,K05706.01,CONFIRMED,425.483539,17.856,996.6,149.0438
9723746,K05707.01,CANDIDATE,208.800733,1.964,594.0,328.6955
9724993,K05708.01,FALSE POSITIVE,7.863361238,3.42771,18156.7,131.685485
10677763,K05820.01,FALSE POSITIVE,120.16983803,3.19,,222.0869054
10678912,K05821.01,CANDIDATE,113.71363032,2.45,,179.5299204
10685764,K05822.01,CANDIDATE,17.634272,1.387,76.7,133.29332
10724569,K05823.01,FALSE POSITIVE,0.745086745,4.29,270.0,131.82655
10734441,K05824.01,FALSE POSITIVE,247.47724314,7.6,,195.2104849
10737437,K05825.01,CANDIDATE,208.047137,3.22,287.5,321.9021
10747162,K05826.01,CANDIDATE,30.561533,2.227,585.7,136.05488
10777591,K05827.01,CONFIRMED,6.10968225,5.735,60.3,133.80253
7979297,K05455.01,CANDIDATE,292.09809,14.43,528.8,324.4378
7982917,K05456.01,FALSE POSITIVE,11.8045536,3.195,128.9,141.8433
8005002,K05457.01,CANDIDATE,578.21623,2.707,120.6,347.643
8007174,K05458.01,CANDIDATE,56.648588,4.534,648.9,168.47002
8009811,K05459.01,CANDIDATE,53.554546,5.533,127.6,160.3983
8016211,K05460.01,FALSE POSITIVE,3.1748772,7.089,1741.0,133.7621
8016650,K05461.01,CANDIDATE,119.079642,16.268,422.5,134.0349
8025718,K05462.01,FALSE POSITIVE,371.18648,19.929,317.9,260.7045
8915379,K05583.01,CANDIDATE,20.5858591,3.069,260.2,140.6753
8935352,K05584.01,FALSE POSITIVE,10.90962154,17.8024,499921.0,135.36692
8937555,K05585.01,CANDIDATE,113.573945,3.007,249.6,216.47178
8939211,K05586.01,FALSE POSITIVE,27.0779813,138.54,347.5,135.6789
8939650,K05587.01,FALSE POSITIVE,1.827660875,3.986,46676.8,132.821298
8946267,K05588.01,CANDIDATE,542.91133,15.9,750.1,409.6919
8949512,K05589.01,FALSE POSITIVE,376.554588,3.182,481.0,247.6177
8955741,K05590.01,FALSE POSITIVE,538.4263,12.751,242.0,154.9034
9758615,K05709.01,FALSE POSITIVE,94.20561159,6.62,,169.2951411
9771920,K05710.01,FALSE POSITIVE,378.70643955,14.66,,470.6725521
9775475,K05711.01,FALSE POSITIVE,78.4286313,3.7368,83303.0,169.312404
9776907,K05712.01,CANDIDATE,287.75613,5.487,1987.0,385.4564
9780149,K05713.01,FALSE POSITIVE,2.53021,21.79,367.9,132.0918
9786017,K05714.01,FALSE POSITIVE,2.249000963,9.6022,58776.2,132.651415
9832379,K05715.01,CANDIDATE,189.961729,12.46,699.9,288.3907
9837659,K05716.01,FALSE POSITIVE,121.62387378,2.73,,207.4934505
10865043,K05836.01,CANDIDATE,202.18722766,2.77,,174.3624491
10878117,K05837.01,CANDIDATE,280.92070688,3.48,,154.8994005
10879247,K05838.01,FALSE POSITIVE,432.074696,4.763,1088.0,481.2681
10879899,K05839.01,CANDIDATE,169.415073,3.884,239.9,283.3498
10905641,K05840.01,FALSE POSITIVE,460.77905,15.541,239.3,533.8441
10920086,K05841.01,FALSE POSITIVE,3.21318517,15.47,2046.1,132.044475
10933306,K05842.01,CANDIDATE,57.7749373,4.731,283.6,154.2915
10958972,K05843.01,FALSE POSITIVE,331.78248134,4.94,,431.8146374
8029848,K05463.01,FALSE POSITIVE,1.20608769,2.2272,1660.6,132.0861
8035322,K05464.01,FALSE POSITIVE,613.82905,18.18,148.2,263.471
8036863,K05465.01,FALSE POSITIVE,476.80454,10.65,143.6,158.1644
8037038,K05466.01,CONFIRMED,4.09513876,2.462,181.7,131.67784
8040308,K05467.01,CANDIDATE,502.8356901,9.97,,234.1810504
8040457,K05468.01,CANDIDATE,81.704814,1.468,297.0,151.4216
8043968,K05469.01,FALSE POSITIVE,0.779615874,3.932,81.5,131.68006
8044083,K05470.01,CANDIDATE,578.21805,4.18,637.0,273.3259
8959240,K05591.01,CANDIDATE,317.009388,3.013,326.9,183.1035
8971044,K05592.01,CANDIDATE,482.51701,14.791,573.0,276.2043
8975776,K05593.01,FALSE POSITIVE,224.469892,2.952,458.6,230.1638
8979500,K05594.01,FALSE POSITIVE,113.556471,2.383,278.7,186.2321
9003126,K05595.01,FALSE POSITIVE,208.02789,10.82,255.0,324.5074
9008125,K05596.01,FALSE POSITIVE,308.024953,2.665,352.6,159.18628
9011877,K05597.01,CANDIDATE,7.77710639,3.418,77.4,133.86539
9838414,K05717.01,FALSE POSITIVE,1.33261458,5.161,1335.3,132.0098
9838582,K05718.01,CANDIDATE,233.64574,10.05,2268.0,297.494
9839030,K05719.01,CANDIDATE,27.285315,7.47,396.5,153.656
9845362,K05720.01,FALSE POSITIVE,105.895315,2.581,1227.0,231.4441
9845931,K05721.01,FALSE POSITIVE,61.224558,4.103,544.2,181.701
9847239,K05722.01,FALSE POSITIVE,28.507877538,3.13331,24372.3,132.793009
9848760,K05723.01,FALSE POSITIVE,444.46522,0.767,4084.0,389.693
9850843,K05724.01,FALSE POSITIVE,8.48039,6.134,133.7,135.853
7018210,K05344.01,CANDIDATE,445.351255,6.516,420.4,558.63755
7019580,K05345.01,FALSE POSITIVE,72.0153825,2.548,177.7,168.8166
7022603,K05346.01,FALSE POSITIVE,21.12752693,2.253,51.8,142.67722
7024045,K05347.01,FALSE POSITIVE,23.9341825,1.607,228.1,145.76028
7035812,K05348.01,FALSE POSITIVE,87.775799,1.862,450.0,183.4282
7038988,K05349.01,FALSE POSITIVE,65.67350728,2.73,,189.2618327
7041972,K05350.01,FALSE POSITIVE,222.06409878,2.89,,339.0218658
7047299,K05351.01,FALSE POSITIVE,35.882272887,3.95004,101231.0,165.5325652
8075618,K05471.01,FALSE POSITIVE,8.780603773,3.16989,90027.8,137.923785
8076215,K05472.01,CANDIDATE,97.5137491,2.655,279.8,156.92462
8094942,K05473.01,CANDIDATE,549.42772,6.09,719.1,132.9476
8099517,K05474.01,CANDIDATE,284.666844,2.752,418.0,322.5718
8105398,K05475.01,CONFIRMED,224.150923,12.455,348.6,341.02756
8105719,K05476.01,CANDIDATE,148.179343,12.733,466.6,202.2788
8106139,K05477.01,FALSE POSITIVE,551.49832,40.92,1874.4,387.3411
8108437,K05478.01,FALSE POSITIVE,351.2878737,11.2066,134634.0,207.294303
9012244,K05598.01,CANDIDATE,376.934014,4.28,382.4,267.4192
9016592,K05599.01,FALSE POSITIVE,46.50446209,1.37,,142.7268259
9018021,K05600.01,CANDIDATE,17.168095,13.04,143.1,134.637329
9024568,K05601.01,FALSE POSITIVE,124.091252,2.172,281.4,135.5509
9026007,K05602.01,CANDIDATE,403.163148,5.735,681.1,434.7531
9026248,K05603.01,CANDIDATE,341.557931,3.365,433.0,244.88596
9044060,K05604.01,CANDIDATE,476.91977,5.07,193.6,390.4731
9047416,K05605.01,CANDIDATE,9.011888,4.167,987.6,138.658
9851638,K05725.01,CANDIDATE,351.25069,3.648,1324.0,226.8377
9875101,K05726.01,FALSE POSITIVE,212.771978,2.115,1239.0,328.1461
9881660,K05727.01,CANDIDATE,65.3558881,2.165,1158.0,154.47727
9896438,K05728.01,FALSE POSITIVE,18.0766788,3.06,28831.0,146.25271
9899514,K05729.01,FALSE POSITIVE,1.33255577,4.282,126.5,132.0672
9899607,K05730.01,FALSE POSITIVE,1.33259275,4.014,79.1,132.01197
9908486,K05731.01,FALSE POSITIVE,36.6092739,1.835,1102.0,138.77398
9910043,K05732.01,CANDIDATE,39.399926,5.729,341.4,160.2611
7101726,K05352.01,CANDIDATE,270.1430241,6.32,,210.960799
7107567,K05353.01,FALSE POSITIVE,0.812592362,1.5646,6945.8,131.55642
7109680,K05354.01,FALSE POSITIVE,81.871309,1.606,98.2,169.94965
7115671,K05355.01,FALSE POSITIVE,0.566805859,3.835,61.1,131.80997
7123580,K05356.01,FALSE POSITIVE,326.36595188,3.75,,253.1342058
7123614,K05357.01,FALSE POSITIVE,520.58269,2.264,348.0,221.425
7125794,K05358.01,CANDIDATE,126.586058,5.41,124.9,222.9909
7130612,K05359.01,CANDIDATE,2.7200197,1.874,869.0,133.3342
8125917,K05479.01,CANDIDATE,18.347081,2.825,1126.6,145.001
8129333,K05480.01,CANDIDATE,57.140035,5.684,1567.0,145.8694
8155368,K05481.01,FALSE POSITIVE,0.718643659,2.51246,124930.0,131.889141
8158429,K05482.01,CANDIDATE,31.707574649,7.6771,787.3,138.2539898
8179747,K05483.01,FALSE POSITIVE,17.946328114,8.15905,102994.0,136.9472719
8192427,K05484.01,FALSE POSITIVE,204.818268,1.93,303.6,209.59041
8197176,K05485.01,CANDIDATE,9.3589254,3.169,1527.0,133.482
8197406,K05486.01,CANDIDATE,4.15472242,1.791,2243.0,132.61089
9049550,K05606.01,FALSE POSITIVE,23.81490574,1.9948,79201.0,135.92167
9049697,K05607.01,FALSE POSITIVE,1.3274511,3.465,123.6,131.59052
9073549,K05608.01,CANDIDATE,87.565484,2.527,396.0,134.2932
9079671,K05609.01,CANDIDATE,535.1515,2.826,362.3,477.1303
9079767,K05610.01,CANDIDATE,495.40462,0.63,904.0,241.0
9087071,K05611.01,FALSE POSITIVE,209.238576,2.245,154.7,321.1236
9087853,K05612.01,CANDIDATE,353.65927,4.543,1018.0,482.263
9097470,K05613.01,CANDIDATE,346.4174,9.23,662.0,460.5646
9911112,K05733.01,FALSE POSITIVE,1.166835206,2.17596,15527.2,131.912321
9933600,K05734.01,FALSE POSITIVE,230.70578883,2.69,,260.3639847
9934274,K05735.01,FALSE POSITIVE,4.99471597,3.44,53.0,136.1833
9935983,K05736.01,CANDIDATE,161.651504,2.509,253.6,289.32322
9941136,K05737.01,CANDIDATE,376.24253,4.064,185.7,392.8316
9941387,K05738.01,FALSE POSITIVE,27.659607786,4.16321,318404.0,141.2478883
9941550,K05739.01,FALSE POSITIVE,476.727302,9.327,1035.7,496.4298
9942658,K05740.01,CANDIDATE,21.7997515,4.756,109.5,144.3188
7132462,K05360.01,CANDIDATE,54.595746,2.21,135.8,156.83764
7138841,K05361.01,FALSE POSITIVE,22.0495604,3.428,134.5,133.82677
7174911,K05362.01,FALSE POSITIVE,150.70039392,2.82,,278.5397643
7176424,K05363.01,FALSE POSITIVE,44.48477463,1.67,,142.9633835
7184556,K05364.01,FALSE POSITIVE,93.6452481,2.12,,157.28348
7186436,K05365.01,CANDIDATE,585.64118,13.97,565.2,248.4981
7189825,K05366.01,FALSE POSITIVE,574.69029,4.269,276.8,392.483
7191523,K05367.01,CANDIDATE,502.98283916,2.94,,283.5049194
8223445,K05487.01,CANDIDATE,48.8130123,1.538,702.0,157.60638
8223655,K05488.01,FALSE POSITIVE,280.1604956,2.8637,12946.0,286.93817
8229361,K05489.01,FALSE POSITIVE,370.46262,9.541,347.9,261.4078
8234889,K05490.01,FALSE POSITIVE,116.301793,2.253,649.0,168.3304
8241258,K05491.01,FALSE POSITIVE,480.19416,10.76,372.3,257.1738
8241736,K05492.01,FALSE POSITIVE,368.49828,14.903,581.9,233.4248
8242350,K05493.01,FALSE POSITIVE,6.993576155,21.2695,2924.0,131.988507
8244947,K05494.01,FALSE POSITIVE,223.52131732,3.27,,185.1827031
9101279,K05614.01,FALSE POSITIVE,1.811461128,8.42343,921671.0,132.9324534
9108058,K05615.01,FALSE POSITIVE,2.17491508,8.4418,635412.0,131.93954
9114614,K05616.01,CANDIDATE,441.61919,5.372,820.0,348.5033
9116075,K05617.01,FALSE POSITIVE,24.5002702,4.079,153.5,154.6193
9116510,K05618.01,CANDIDATE,318.49078,3.012,630.0,167.0042
9117123,K05619.01,FALSE POSITIVE,2.16402661,2.78,,133.5762679
9118858,K05620.01,FALSE POSITIVE,392.89275632,4.93,,436.2879702
9137257,K05621.01,FALSE POSITIVE,114.734287,3.724,242.9,231.5017
9953491,K05741.01,CANDIDATE,362.0619,14.02,886.2,154.1605
9954225,K05742.01,FALSE POSITIVE,1.340649911,5.0912,627633.0,132.05521
9957659,K05743.01,FALSE POSITIVE,30.69537638,5.6634,19941.0,155.71927
9957668,K05744.01,FALSE POSITIVE,30.69533113,5.94855,88771.2,155.7207691
9962595,K05745.01,CANDIDATE,11.374442708,2.30694,27904.9,142.4558524
9967398,K05746.01,FALSE POSITIVE,49.873958,1.351,562.0,167.55502
9968924,K05747.01,CANDIDATE,411.447056,3.481,285.2,522.27374
9993683,K05748.01,CANDIDATE,29.9371143,4.435,194.3,145.1081
7192680,K05368.01,FALSE POSITIVE,114.25041494,2.11,,235.8523992
7198587,K05369.01,CANDIDATE,651.358046,4.384,570.8,213.18162
7203858,K05370.01,FALSE POSITIVE,407.97623,14.69,237.5,378.6999
7204233,K05371.01,CANDIDATE,33.3037881,3.003,272.4,149.4642
7205717,K05372.01,CANDIDATE,212.60398,5.74,188.5,213.4113
7206422,K05373.01,CANDIDATE,50.550788,2.353,154.5,131.5846
7207081,K05374.01,FALSE POSITIVE,239.25578975,5.21,,133.1367334
7213311,K05375.01,CANDIDATE,285.374561,4.865,482.3,311.29883
8255058,K05495.01,FALSE POSITIVE,6.279888981,5.5086,1514.6,135.296067
8265239,K05496.01,FALSE POSITIVE,37.47695717,1.46,,150.6694873
8279146,K05497.01,CANDIDATE,93.359737,5.397,38.3,155.8348
8288404,K05498.01,FALSE POSITIVE,519.80221867,14.9678,77183.1,462.625278
8294683,K05499.01,CANDIDATE,122.58481,22.37,318.9,178.4735
8295087,K05500.01,CANDIDATE,84.934357,3.169,129.7,157.8966
8300828,K05501.01,FALSE POSITIVE,48.9200563,2.295,333.9,163.9628
8307489,K05502.01,CANDIDATE,421.98194,13.799,173.1,226.9386
9141355,K05622.01,CONFIRMED,469.61309,13.709,1234.7,422.5089
9142225,K05623.01,FALSE POSITIVE,583.73632,15.75,338.6,174.6085
9142334,K05624.01,FALSE POSITIVE,502.658,19.51,216.0,174.6294
9147012,K05625.01,CANDIDATE,116.454312,15.826,2125.3,161.9891
9147029,K05626.01,CANDIDATE,397.499229,8.019,2629.7,418.76194
9153246,K05627.01,FALSE POSITIVE,243.954706,2.562,291.7,221.2717
9157030,K05628.01,CANDIDATE,24.9093027,3.8,332.6,155.3824
9157523,K05629.01,CANDIDATE,192.138741,3.218,151.4,269.2098
9994381,K05749.01,CANDIDATE,281.95332,2.756,1039.0,231.2826
10002266,K05750.01,FALSE POSITIVE,12.71368909,1.875,192.2,136.9328
10004515,K05751.01,FALSE POSITIVE,25.26363805,2.72,,139.3088062
10004772,K05752.01,FALSE POSITIVE,1.391716834,1.421,41.0,132.09937
10006096,K05753.01,FALSE POSITIVE,70.516233809,4.09296,330180.0,142.8575773
10007492,K05754.01,FALSE POSITIVE,2.645596805,2.9095,1272.7,133.705953
10007916,K05755.01,CANDIDATE,388.67155,11.701,371.3,211.0496
10018364,K05756.01,FALSE POSITIVE,105.6327297,2.73,,229.1273427
7255910,K05376.01,FALSE POSITIVE,274.553579,5.95,218.3,158.0863
7256460,K05377.01,FALSE POSITIVE,251.02304011,3.11,,194.2011858
7258902,K05378.01,FALSE POSITIVE,1.80774253,2.637,592.6,132.9483
7282470,K05379.01,CANDIDATE,520.655224,12.94,314.9,160.5611
7289139,K05380.01,CANDIDATE,369.93355,7.6,995.0,175.282
7345136,K05381.01,FALSE POSITIVE,28.7369766,1.586,525.0,153.842
7352727,K05382.01,FALSE POSITIVE,2.45649061,2.844,287.8,133.21452
7375100,K05383.01,FALSE POSITIVE,98.51783198,1.65,,173.7083904
8308639,K05503.01,FALSE POSITIVE,457.513348,5.763,562.5,138.6556
8313697,K05504.01,FALSE POSITIVE,224.02589924,2.93,,335.8214821
8351919,K05505.01,FALSE POSITIVE,323.77153,17.57,353.7,191.0744
8352009,K05506.01,CANDIDATE,641.60204,16.762,237.3,170.8404
8352016,K05507.01,FALSE POSITIVE,40.0389613,1.711,109.4,156.35794
8364969,K05508.01,FALSE POSITIVE,22.571972634,4.00349,79325.7,145.0344991
8378278,K05509.01,CANDIDATE,28.406342,2.598,223.6,133.0507
8380743,K05510.01,FALSE POSITIVE,1.018861199,6.5005,291214.0,132.07252
9159461,K05630.01,FALSE POSITIVE,80.519237,4.044,92.5,164.0077
9164003,K05631.01,FALSE POSITIVE,149.356804,15.415,171.6,278.1387
9166700,K05632.01,CANDIDATE,264.466625,6.371,437.3,134.96749
9173014,K05633.01,CANDIDATE,151.77884,2.615,189.7,204.5209
9178502,K05634.01,FALSE POSITIVE,50.47759052,2.02,,141.7787075
9178894,K05635.01,CANDIDATE,113.993156,7.721,69.7,171.1834
9180282,K05636.01,FALSE POSITIVE,2.79123954,2.843,154.8,131.94858
9181402,K05637.01,FALSE POSITIVE,223.31769215,3.54,,233.6828323
10023469,K05757.01,FALSE POSITIVE,44.637111,5.868,282.5,157.2998
10027861,K05758.01,CANDIDATE,102.493119,2.814,636.1,166.0094
10064591,K05759.01,CANDIDATE,284.94212784,3.2,,359.5238684
10074700,K05760.01,FALSE POSITIVE,365.620697,32.263,27188.0,238.984
10083325,K05761.01,CANDIDATE,6.13292733,1.561,58.7,131.9926
10090854,K05762.01,CANDIDATE,12.63063129,2.212,300.8,136.70398
10096697,K05763.01,FALSE POSITIVE,191.272501,3.064,286.5,293.2441
10098540,K05764.01,CANDIDATE,286.02266,10.43,1036.0,373.7304
7377343,K05384.01,CANDIDATE,7.95445779,4.6012,6269.4,135.48462
7383840,K05385.01,CANDIDATE,331.70918,7.44,3463.0,312.6153
7386200,K05386.01,FALSE POSITIVE,575.42002,17.22,401.7,369.5923
7416016,K05387.01,CANDIDATE,297.78282,18.38,392.4,233.4002
7416306,K05388.01,CANDIDATE,137.396194,17.61,155.4,158.9242
7416646,K05389.01,CANDIDATE,365.739893,1.218,300.7,278.581
7440715,K05390.01,CANDIDATE,104.198102,3.2,652.2,161.4469
7456380,K05391.01,FALSE POSITIVE,368.72715,5.06,426.6,434.378
8395870,K05511.01,CANDIDATE,74.833577,3.247,86.4,196.5293
8396288,K05512.01,CANDIDATE,8.5852872,2.834,1406.0,137.39662
8414914,K05513.01,FALSE POSITIVE,100.303613,10.578,488038.0,176.75827
8415353,K05514.01,CANDIDATE,102.100752,2.009,194.2,148.9663
8429817,K05515.01,CANDIDATE,6.263491873,0.8513,2829.0,134.897906
8432034,K05516.01,FALSE POSITIVE,0.83620025,3.7127,331275.0,131.91663
8432249,K05517.01,CANDIDATE,335.43143,10.3,228.1,395.1813
8439618,K05518.01,CANDIDATE,558.21886,13.556,1539.4,419.8232
9209981,K05638.01,CANDIDATE,290.02002,23.87,172.5,138.2587
9210738,K05639.01,CANDIDATE,279.21957,10.015,333.5,179.9274
9214176,K05640.01,CANDIDATE,348.665961,3.849,391.2,165.8497
9216231,K05641.01,FALSE POSITIVE,616.34132,12.724,1287.0,154.168
9217583,K05642.01,CANDIDATE,222.28056,3.035,271.9,131.8546
9220614,K05643.01,CANDIDATE,570.01886,3.52,428.5,375.0523
9224514,K05644.01,CANDIDATE,378.93139106,14.11,,254.5741017
9229807,K05645.01,CANDIDATE,580.85326788,16.63,,386.2877879
10130646,K05765.01,FALSE POSITIVE,390.40832,7.916,251.9,265.436
10132552,K05766.01,FALSE POSITIVE,191.528018,2.342,171.8,260.9129
10132908,K05767.01,FALSE POSITIVE,386.59946,3.305,380.7,221.2945
10141271,K05768.01,FALSE POSITIVE,15.4032765,3.246,253.0,137.9906
10146103,K05769.01,CANDIDATE,7.58062893,3.484,86.1,132.89809
10158715,K05770.01,FALSE POSITIVE,61.0011095,1.049,408.0,144.84614
10161534,K05771.01,FALSE POSITIVE,198.232389,1.919,416.4,294.73515
7458433,K05392.01,FALSE POSITIVE,0.66062715,4.56,248.5,131.8646
7458743,K05393.01,CANDIDATE,248.421771,4.187,704.0,230.379
7468295,K05394.01,FALSE POSITIVE,456.5734,5.465,397.5,228.3838
7516073,K05395.01,FALSE POSITIVE,601.13797,15.26,172.8,226.686
7538450,K05396.01,FALSE POSITIVE,344.06248,15.6,136.3,451.4323
7539174,K05397.01,FALSE POSITIVE,39.94344731,1.71,,170.5021796
7539277,K05398.01,CANDIDATE,551.22396,5.896,570.7,185.7811
7550875,K05399.01,FALSE POSITIVE,466.90824,2.64,660.0,136.3731
8442463,K05519.01,FALSE POSITIVE,361.30991,12.968,275.6,469.7513
8474892,K05520.01,FALSE POSITIVE,199.4424134,7.2533,32171.9,240.8521
8480642,K05521.01,FALSE POSITIVE,31.59115876,2.6431,1434.4,162.501885
8482513,K05522.01,FALSE POSITIVE,356.99135,17.03,747.8,235.7367
8487777,K05523.01,FALSE POSITIVE,96.120478,1.125,285.4,166.9531
8495232,K05524.01,FALSE POSITIVE,9.63647672,2.999,47.6,134.93429
8499922,K05525.01,FALSE POSITIVE,45.680876,2.293,350.3,142.3574
8505674,K05526.01,FALSE POSITIVE,43.169798,9.686,120.8,159.086
11444772,K05897.01,CANDIDATE,395.94327,16.09,1506.0,183.6179
11444974,K05898.01,CANDIDATE,76.37924,0.645,276.3,205.0612
11446961,K05899.01,CANDIDATE,58.669218,3.712,169.4,168.6211
11453930,K05900.01,CANDIDATE,355.84731,16.68,123.9,447.657
11456256,K05901.01,CANDIDATE,61.611129,14.96,82.9,133.8909
11457664,K05902.01,CANDIDATE,150.728285,2.718,213.5,223.0487
11465658,K05903.01,CANDIDATE,253.790434,3.702,604.0,267.5242
11465869,K05904.01,FALSE POSITIVE,322.544807,11.236,88.0,267.9262
11493378,K05905.01,CANDIDATE,35.6606167,1.59,,151.4719632
11506938,K05906.01,FALSE POSITIVE,22.57494749,36.756,1344.1,149.09617
11513366,K05907.01,CANDIDATE,587.38162,11.973,863.6,188.1143
11513441,K05908.01,FALSE POSITIVE,85.5692223,4.954,539.2,188.06607
11520114,K05909.01,CANDIDATE,7.07987663,2.589,309.8,131.6046
11520465,K05910.01,CANDIDATE,91.240335,2.314,206.1,155.7237
11559493,K05911.01,CANDIDATE,357.41382,3.675,777.0,311.3642
11598638,K05912.01,CANDIDATE,359.854745,3.429,302.4,305.6179
11598894,K05913.01,CANDIDATE,89.366114,3.945,494.0,208.893
11599800,K05914.01,FALSE POSITIVE,422.255426,4.974,1935.0,160.6562
11599937,K05915.01,CANDIDATE,37.6259039,3.91,411.0,167.22072
11600299,K05916.01,CANDIDATE,100.41475198,1.72,,134.1167095
11601425,K05917.01,CANDIDATE,41.9934673,3.226,293.7,143.89297
11601633,K05918.01,CANDIDATE,94.67782,2.215,287.0,187.4731
11601972,K05919.01,CANDIDATE,290.196139,13.698,281.0,264.8759
11603298,K05920.01,FALSE POSITIVE,471.39698,10.714,329.9,247.0802
11614808,K05921.01,CANDIDATE,175.452812,2.734,141.8,204.8241
11615258,K05922.01,CANDIDATE,367.07446,5.887,368.3,182.838
11615521,K05923.01,CANDIDATE,366.684634,3.284,456.3,315.09143
11616434,K05924.01,CANDIDATE,291.306507,2.91,1132.0,362.2906
11651240,K05925.01,CANDIDATE,93.006,2.461,125.4,144.36
11652427,K05926.01,CANDIDATE,26.46288074,1.4,,133.4096502
11654039,K05927.01,FALSE POSITIVE,436.42852,13.8,163.9,452.2705
11674709,K05928.01,CANDIDATE,20.69920737,2.17,,132.7199526
11716643,K05929.01,CANDIDATE,466.002988,10.278,2363.6,435.01156
11722217,K05930.01,CANDIDATE,302.77571,3.183,1106.0,323.5739
11773174,K05931.01,CANDIDATE,115.19952922,2.67,,218.1108918
11803074,K05932.01,CANDIDATE,355.86134,23.39,1220.7,358.0075
11807906,K05933.01,CANDIDATE,236.506437,5.004,744.4,361.9687
11811382,K05934.01,CANDIDATE,19.3854894,1.031,4560.0,142.34859
11818566,K05935.01,CANDIDATE,416.87893121,4.45,,227.5106644
11819396,K05936.01,CANDIDATE,48.38798413,1.23,,176.4653521
11824578,K05937.01,CANDIDATE,357.588538,3.367,344.8,250.4138
11860294,K05938.01,CANDIDATE,545.205601,3.296,199.7,237.24091
11868941,K05939.01,CANDIDATE,105.053389,1.988,176.7,208.7282
11905398,K05940.01,CANDIDATE,24.7967294,4.278,970.5,131.91
11910670,K05941.01,CANDIDATE,44.7060191,0.25,292.0,154.40282
11911929,K05942.01,CANDIDATE,125.277815,4.442,432.3,170.8865
11923213,K05943.01,CANDIDATE,27.2020672,1.811,180.3,151.86606
11924426,K05944.01,FALSE POSITIVE,64.713168094,5.69869,312970.0,171.3677102
11959893,K05945.01,CANDIDATE,40.7282314,13.677,221.8,162.1513
11966643,K05946.01,CANDIDATE,183.38048452,3.25,,298.0782368
11968514,K05947.01,FALSE POSITIVE,1.036592136,2.296,2118.2,132.089545
12007270,K05948.01,CANDIDATE,398.51312,5.41,249.2,165.2177
12009917,K05949.01,CANDIDATE,559.785594,3.496,274.8,433.1966
12020376,K05950.01,CANDIDATE,109.43946,3.801,187.1,223.4128
12066767,K05951.01,CANDIDATE,194.25835342,3.15,,288.4461343
12071775,K05952.01,CANDIDATE,164.507439,11.428,433.8,212.7605
12102775,K05953.01,CANDIDATE,370.84786,13.966,1440.0,260.7921
12105086,K05954.01,CANDIDATE,73.908995,3.916,100.5,159.8067
12110901,K05955.01,CANDIDATE,96.32561456,2.28,,153.0316267
12121701,K05956.01,CANDIDATE,212.646179,2.539,953.0,221.6137
12156805,K05957.01,FALSE POSITIVE,371.54879,9.841,125.6,183.5693
12165063,K05958.01,FALSE POSITIVE,226.499243,1.328,127.4,131.6622
12168895,K05959.01,CANDIDATE,251.48808,6.8,305.0,192.461
12170767,K05960.01,CANDIDATE,32.4185265,5.154,110.7,161.4252
12253490,K05961.01,CANDIDATE,19.159760875,3.10166,32491.1,141.5680129
12257851,K05962.01,FALSE POSITIVE,2.61594288,6.45,72.1,132.415
12265150,K05963.01,FALSE POSITIVE,1.686009643,1.1818,390.4,133.060575
12300524,K05964.01,CANDIDATE,32.033211,5.289,71.3,146.8143
12349560,K05965.01,CANDIDATE,43.3975622,3.908,585.3,153.934
12350136,K05966.01,CANDIDATE,478.79185021,4.06,,184.4598838
10964747,K05844.01,FALSE POSITIVE,344.961485,3.023,427.9,208.2266
10967168,K05845.01,CANDIDATE,22.2659599,4.816,61.3,144.87
10977671,K05846.01,CANDIDATE,199.064336,13.623,265.0,180.0893
10978581,K05847.01,CANDIDATE,277.114286,3.926,567.1,196.18868
10979952,K05848.01,CANDIDATE,323.159363,2.427,368.6,149.1299
10989620,K05849.01,CANDIDATE,21.512259,4.337,131.3,139.0225
10991389,K05850.01,CANDIDATE,303.226376,1.802,1464.0,344.05409
12401859,K05967.01,CANDIDATE,22.8631517,1.659,103.3,143.1523
12402588,K05968.01,CANDIDATE,97.942437,2.575,100.2,157.97325
12405436,K05969.01,FALSE POSITIVE,163.820347,1.331,1196.0,232.6163
12417572,K05970.01,FALSE POSITIVE,151.577009,2.59,467.9,194.7958
12418418,K05971.01,CANDIDATE,493.30572,5.425,404.5,361.8842
12505590,K05972.01,CANDIDATE,449.87203,6.539,1130.0,298.195
12506986,K05973.01,CANDIDATE,419.93373,10.29,285.0,391.9313
10991431,K05851.01,CANDIDATE,322.221973,7.531,465.6,217.0496
11021266,K05852.01,CANDIDATE,235.413973,3.065,1027.0,307.0728
11021676,K05853.01,CANDIDATE,366.68293,3.854,1075.0,257.6476
11026582,K05854.01,CANDIDATE,240.57135,11.164,921.5,239.50353
11036168,K05855.01,CANDIDATE,217.792748,4.695,1487.0,210.6893
11037818,K05856.01,CONFIRMED,259.34304,16.04,349.7,165.6794
11046723,K05857.01,CANDIDATE,388.03884851,4.44,,513.4051356
11046870,K05858.01,FALSE POSITIVE,8.34410791,1.606,255.2,136.54528
12554212,K05974.01,CANDIDATE,4.76815507,2.115,61.0,131.85686
12645262,K05975.01,FALSE POSITIVE,545.45623972,5.91,,131.6984103
12645761,K05976.01,FALSE POSITIVE,2.709570339,5.57527,13170.8,134.084891
12690465,K05977.01,CANDIDATE,49.49059818,1.61,,160.3970528
12734110,K05978.01,CANDIDATE,364.18129,6.65,469.5,245.1789
12735793,K05979.01,CANDIDATE,37.7935113,1.718,67.2,167.4179
12736658,K05980.01,FALSE POSITIVE,0.855294909,2.89112,6771.6,131.6579596
12835139,K05981.01,FALSE POSITIVE,350.609298,1.621,369.5,163.1091
11069681,K05859.01,CANDIDATE,172.621943,4.435,788.0,170.014
11072982,K05860.01,CANDIDATE,264.708077,3.975,461.3,370.4525
11073238,K05861.01,FALSE POSITIVE,452.40428,17.2,216.7,189.0844
11076176,K05862.01,FALSE POSITIVE,0.699985822,3.02633,389433.0,131.840533
11080702,K05863.01,CANDIDATE,8.67237968,2.826,99.1,132.55073
11082795,K05864.01,CANDIDATE,35.9216912,0.585,221.3,148.93441
11090561,K05865.01,FALSE POSITIVE,35.8726918,4.402,916.3,131.5668
11090926,K05866.01,CANDIDATE,102.300622,4.473,781.2,208.6092
11097752,K05867.01,CANDIDATE,359.8455,34.84,503.9,210.5057
11098704,K05868.01,CANDIDATE,22.7783121,1.037,155.6,145.96798
11100170,K05869.01,CANDIDATE,114.406187,4.92,1306.0,225.7127
11129145,K05870.01,CANDIDATE,132.114,2.514,216.8,238.008
11145391,K05871.01,CANDIDATE,623.2344,14.448,602.8,274.3089
11145637,K05872.01,CANDIDATE,46.16051579,2.37,,137.0802908
11147785,K05873.01,CANDIDATE,217.170081,4.291,937.0,229.9068
11152511,K05874.01,CANDIDATE,287.33114,12.722,406.7,360.8412
11176166,K05875.01,CONFIRMED,9.8788502,2.951,454.7,134.3829
11182213,K05876.01,CANDIDATE,189.456089,3.077,453.0,233.6331
11183752,K05877.01,CANDIDATE,230.358183,2.031,1023.0,233.7677
11191364,K05878.01,CANDIDATE,211.54114,5.4,751.0,236.2702
11198419,K05879.01,CANDIDATE,88.523517,7.22,828.0,189.2756
11199233,K05880.01,FALSE POSITIVE,386.22400908,4.93,,506.1610851
11251991,K05881.01,CANDIDATE,134.35872,13.3,75.2,201.2636
11298442,K05882.01,CANDIDATE,55.01469183,2.34,,156.7945344
11305417,K05883.01,CANDIDATE,198.781156,6.77,138.3,284.3868
11338918,K05884.01,FALSE POSITIVE,588.63759,3.84,322.1,246.525
11340218,K05885.01,CANDIDATE,111.149082,2.911,394.2,193.6316
11341266,K05886.01,CANDIDATE,284.87177,15.63,106.7,333.9721
11341314,K05887.01,FALSE POSITIVE,9.8338474,14.585,57.6,132.5363
11348610,K05888.01,CANDIDATE,190.860818,2.823,512.0,256.5195
11351454,K05889.01,CANDIDATE,374.41813,17.9,430.2,462.0983
11355925,K05890.01,CANDIDATE,263.30198,2.213,377.6,308.8678
11391512,K05891.01,CANDIDATE,370.31761,12.588,1885.0,230.3001
11393248,K05892.01,CANDIDATE,37.959659,2.793,287.9,145.234
11393633,K05893.01,CANDIDATE,405.6296,11.26,304.3,245.7373
11401845,K05894.01,FALSE POSITIVE,1.080695116,7.449,312773.0,131.86822
11407847,K05895.01,CANDIDATE,11.8307724,8.791,136.0,140.1105
11414368,K05896.01,CANDIDATE,434.28175,8.14,663.1,363.313
8355178,K06178.02,CANDIDATE,33.814176,7.69,222.6,142.4542
8374077,K06179.01,CANDIDATE,16.2957847,5.16,409.8,133.6205
8494783,K06180.01,CANDIDATE,28.201998,3.86,,146.9903597
8494783,K06180.02,CANDIDATE,58.92565,14.56,44.7,176.6709
8517303,K06181.01,FALSE POSITIVE,24.0733775,19.612,1325.7,141.13539
8590149,K06182.01,CANDIDATE,19.2405821,4.99,207.4,138.7454
10055126,K01608.03,CONFIRMED,232.040326,12.235,290.8,262.2531
8590149,K06182.02,CANDIDATE,28.684308,4.64,282.3,148.2364
3559935,K00492.02,CANDIDATE,265.29617,4.1,608.0,297.8704
9285265,K03410.02,CONFIRMED,61.569765,9.75,298.3,182.0201
3559860,K03440.02,CANDIDATE,58.940569,4.769,570.3,159.6218
5384713,K03444.04,CANDIDATE,14.1502311,1.503,208.1,141.47344
6364582,K03456.02,CANDIDATE,486.12702,9.495,120.6,426.1722
6525209,K03479.02,FALSE POSITIVE,1.71029474,2.946,158.9,131.61307
6368175,K03503.02,CONFIRMED,31.8245304,4.17,79.0,144.5289
5471158,K03504.02,CANDIDATE,140.24408749,5.43,,217.2997957
10407086,K04568.02,CANDIDATE,48.04066636,1.62,,162.9114822
9947653,K04647.02,CANDIDATE,12.008552,4.613,76.6,141.7017
6527078,K04657.02,CANDIDATE,10.4314847,2.09,59.1,135.54229
12416597,K04895.02,CANDIDATE,47.5571352,1.708,339.0,135.8497
2309587,K05982.01,FALSE POSITIVE,1.838514245,3.2601,118965.0,132.101259
2445134,K05983.01,FALSE POSITIVE,8.412008943,5.41096,136113.0,139.6485198
3241344,K05984.01,FALSE POSITIVE,3.912679136,3.556,291510.0,133.4288498
3347485,K05985.01,FALSE POSITIVE,7.544804312,8.2678,6501.7,137.11963
2019477,K06093.02,CANDIDATE,27.2497521,11.609,102.0,131.8837
2161623,K06094.01,FALSE POSITIVE,2.283466438,7.7999,864260.0,132.34883
2707097,K06095.01,FALSE POSITIVE,0.692807507,1.49242,25338.3,131.88094
2719873,K06096.01,FALSE POSITIVE,17.279290765,5.07591,164308.0,135.2741342
8158127,K01015.03,CANDIDATE,16.9972894,2.585,225.0,143.87301
2852810,K06097.01,CANDIDATE,93.05654364,2.34,,174.8833198
2852810,K06097.02,CANDIDATE,88.433122,2.392,120.4,212.6803
2852810,K06097.03,CANDIDATE,282.34315,3.956,220.5,261.7746
8590780,K06183.01,FALSE POSITIVE,4.326946311,5.55905,409031.0,132.1921929
8613338,K06184.01,FALSE POSITIVE,527.29093,14.305,200.8,209.218
8646141,K06185.01,FALSE POSITIVE,168.858303,12.964,119.1,237.5792
8653134,K06186.01,CONFIRMED,5.34264143,2.453,691.3,134.38122
8702921,K06187.01,FALSE POSITIVE,19.38444245,20.5899,3372.0,137.214882
8822421,K06188.01,CANDIDATE,1.645319649,1.635,1082.0,132.13077
8957954,K06189.01,FALSE POSITIVE,2.179924994,4.87581,253149.0,132.1293516
8984706,K06190.01,FALSE POSITIVE,10.135401047,5.6831,256062.0,132.3238999
4247807,K03748.02,FALSE POSITIVE,2.02487934,1.621,145.8,131.9026
4472818,K03878.02,CANDIDATE,15.3573445,1.634,117.1,132.60166
8030339,K03954.02,CONFIRMED,5.71668787,1.97,431.7,136.32274
8037145,K00520.04,CONFIRMED,51.1658019,4.637,259.2,172.30921
5471059,K03956.02,FALSE POSITIVE,12.4249559,16.332,110.4,141.5823
5471675,K04000.02,FALSE POSITIVE,12.427135,12.81,32.5,141.4159
8934103,K04009.02,CANDIDATE,77.792718,6.08,287.9,190.1476
9551430,K04030.02,CANDIDATE,163.51489847,3.08,,144.8531292
3530668,K05986.01,FALSE POSITIVE,1.946198513,4.0336,130722.0,132.314091
3532985,K05987.01,CANDIDATE,5.288547653,3.2646,2185.3,135.807213
10718726,K00600.02,CANDIDATE,294.055263,14.32,770.0,421.853
3831911,K05988.01,FALSE POSITIVE,30.4838006,2.6,18441.0,149.8133
3852258,K05989.01,FALSE POSITIVE,5.7584367,2.587,736.6,135.11279
3858919,K05990.01,FALSE POSITIVE,25.9522913,10.977,557.8,154.8689
3869326,K05991.01,FALSE POSITIVE,8.58599537,2.4078,818.0,136.21367
3971315,K05992.01,FALSE POSITIVE,9.892240848,4.1774,5283.2,136.693856
2852810,K06097.04,CANDIDATE,126.505657,8.836,95.5,239.693
2997455,K06098.01,FALSE POSITIVE,1.129848432,2.07578,4658.5,131.789871
3003991,K06099.01,FALSE POSITIVE,7.244778994,3.3873,99147.1,131.8598491
3003991,K06099.02,FALSE POSITIVE,110.1552727,2.04,,211.5620379
3229028,K06100.01,FALSE POSITIVE,0.730964241,2.483,44.0,132.19448
3229028,K06100.02,CANDIDATE,117.684591,2.219,134.6,157.4182
3230787,K06101.01,FALSE POSITIVE,17.734020239,7.27595,186680.0,143.9226707
5956656,K01053.02,CANDIDATE,46.245164,5.663,492.1,136.47891
9093086,K06191.01,CANDIDATE,9.7043379,3.515,129.0,138.1975
9015738,K01616.02,CANDIDATE,34.775371,2.93,38.8,162.2065
7954278,K07859.01,CANDIDATE,0.306702491,0.9074,138.8,131.51216
9093086,K06191.02,CANDIDATE,12.7713826,3.347,141.8,141.3553
9101400,K06192.01,FALSE POSITIVE,0.829019343,4.8401,278264.0,131.46667
9119652,K06193.01,FALSE POSITIVE,1.1080999,3.3542,380934.0,131.7222
9145861,K06194.01,CANDIDATE,42.294739,34.63,254.2,133.8808
9145861,K06194.02,FALSE POSITIVE,215.778765,3.737,377.6,180.324
9153823,K06195.01,CANDIDATE,1.444486083,1.437,980.7,132.31096
7100673,K04032.03,CONFIRMED,5.99273265,2.6502,69.8,131.75079
7100673,K04032.04,CONFIRMED,5.10110666,2.657,65.1,132.42955
10089911,K04034.02,CANDIDATE,11.6089351,2.957,199.6,142.73625
4150496,K04046.02,FALSE POSITIVE,94.22498,22.445,346.3,196.1757
3747817,K04103.02,CANDIDATE,14.2378417,4.86,193.0,140.4771
6129694,K04131.02,FALSE POSITIVE,241.0122,1.19,216.1,263.077
8162789,K00521.02,CANDIDATE,10.8206034,2.848,116.7,140.5078
9899315,K04181.02,FALSE POSITIVE,164.689421,1.847,521.0,287.2483
4037428,K05993.01,FALSE POSITIVE,4.264729569,2.2075,22672.0,135.198495
4049124,K05994.01,FALSE POSITIVE,4.804469712,3.51946,132624.0,136.0047256
4275328,K05995.01,FALSE POSITIVE,6.150529292,4.4562,2417.1,132.522141
4753561,K05996.01,FALSE POSITIVE,4.944927575,3.4648,1028.7,131.61124
4912991,K05997.01,FALSE POSITIVE,4.442517008,2.43922,25341.5,133.608114
5613330,K00649.02,CANDIDATE,10.2090268,6.264,36.7,140.6805
5036966,K05998.01,FALSE POSITIVE,62.7356439,10.7925,243702.0,152.22026
5254230,K05999.01,FALSE POSITIVE,7.035518449,3.5286,2139.0,137.950087
3545840,K06102.01,CANDIDATE,54.2916336,3.364,97.8,172.0219
3634051,K06103.01,CONFIRMED,453.54212,17.026,861.0,360.0617
7967517,K07860.01,FALSE POSITIVE,0.579516759,1.342,27.0,132.00256
3634051,K06103.02,CANDIDATE,122.8054416,2.663,313.0,179.31732
3761319,K06104.01,FALSE POSITIVE,16.2480865,8.232,438.7,143.96708
3761319,K06104.02,FALSE POSITIVE,466.9407,30.56,979.2,244.7508
3762553,K06105.01,FALSE POSITIVE,289.788624,2.857,473.9,370.8039
3965879,K06106.01,FALSE POSITIVE,55.00402906,6.06,,134.2268671
4035675,K06107.01,FALSE POSITIVE,2.873657901,2.1054,43895.0,132.5847
9282687,K06196.01,FALSE POSITIVE,1.680425996,5.4548,277249.0,132.33173
9289960,K06197.01,FALSE POSITIVE,0.53345831,1.32,,132.001459
9291629,K06198.01,FALSE POSITIVE,20.686460198,37.7424,136154.0,133.8900931
9304842,K06199.01,FALSE POSITIVE,131.68018,14.73,2067.0,229.6497
6975129,K01628.03,CANDIDATE,37.8404232,6.408,232.6,146.77624
9304923,K06200.01,FALSE POSITIVE,200.762693,2.215,1920.0,308.7451
9343862,K06201.01,FALSE POSITIVE,1.123258617,4.27355,377575.0,132.02671
9389245,K06202.01,CANDIDATE,47.25643291,2.0,,158.8207171
9828127,K04192.02,CANDIDATE,32.0273169,5.144,161.7,150.635
5177859,K04246.02,CANDIDATE,8.75630628,2.852,81.9,132.47009
11081504,K04287.02,CANDIDATE,9.6183111,4.215,25.0,138.3435
5385410,K04323.02,FALSE POSITIVE,12.4250319,1.4446,29.5,141.4868672
3645438,K04385.02,CONFIRMED,386.370512,11.007,1336.4,452.874
8110757,K07865.01,CANDIDATE,0.518060209,1.8062,2258.4,131.9425
3645438,K04385.03,CANDIDATE,17.3695112,4.012,314.0,136.6159
8278685,K04435.02,CANDIDATE,17.8693759,6.886,63.0,140.2811
5511659,K04541.02,CANDIDATE,17.236085,4.209,330.0,148.4127
5385139,K06000.01,FALSE POSITIVE,12.4297161,15.078,192.7,141.2846
5385150,K06001.01,FALSE POSITIVE,12.4288476,16.43,165.4,141.2012
5385269,K06002.01,FALSE POSITIVE,12.4258252,21.841,130.2,141.5229
8210370,K07872.01,FALSE POSITIVE,153.725848,117.52,5257.7,284.07258
5385509,K06003.01,FALSE POSITIVE,12.4257907,19.859,340.1,141.5345
5385566,K06004.01,FALSE POSITIVE,12.4253356,27.49,374.4,141.58
5385773,K06005.01,FALSE POSITIVE,12.4254201,18.56,144.5,141.5458
5386163,K06006.01,FALSE POSITIVE,12.424995,20.282,51.5,141.5904
5470960,K06007.01,FALSE POSITIVE,12.4227918,27.29,202.6,141.7972
4139254,K06108.01,CANDIDATE,485.92297,3.756,122.9,299.5015
4144236,K06109.01,FALSE POSITIVE,22.913446297,4.11699,251835.0,140.6466918
10141900,K01082.04,CANDIDATE,9.6550473,2.752,313.1,137.07505
4144236,K06109.02,FALSE POSITIVE,10.0046881,2.389,50.6,136.47719
4150701,K06110.01,FALSE POSITIVE,8.65315602,2.627,417.5,136.64735
4255944,K06111.01,CANDIDATE,228.65412,2.487,179.1,282.7548
4285087,K06112.01,FALSE POSITIVE,2.243015737,4.31675,277946.0,133.450825
4346875,K06113.01,FALSE POSITIVE,4.694218481,4.53365,175471.0,133.780334
9394605,K06203.01,FALSE POSITIVE,0.87683182,1.96,,132.06142
9471755,K06204.01,FALSE POSITIVE,0.953734449,1.7616,1240.4,132.413233
9479460,K06205.01,FALSE POSITIVE,2.073873563,6.5605,603811.0,132.59754
9549472,K06206.01,FALSE POSITIVE,15.713787218,11.3122,60384.4,132.0981464
9576197,K06207.01,FALSE POSITIVE,7.964440392,9.1701,68454.0,136.194674
8110758,K07866.01,FALSE POSITIVE,0.518071538,1.7865,2195.5,131.92715
9579860,K06208.01,FALSE POSITIVE,2.151214629,2.226,332.6,131.74391
9655711,K06209.01,CANDIDATE,12.7143635,3.101,524.8,134.79818
5856571,K01839.02,CANDIDATE,80.4103783,3.487,591.4,171.29626
8222395,K07873.01,CANDIDATE,1.93188768,1.087,37.8,133.1676
5796186,K00651.02,FALSE POSITIVE,320.18471858,11.94,,423.2096375
5471068,K06008.01,FALSE POSITIVE,12.426469,25.71,180.5,141.4649
5471192,K06009.01,FALSE POSITIVE,12.4262889,18.764,94.2,141.4617
5471217,K06010.01,FALSE POSITIVE,12.424747,25.24,139.0,141.6151
5471769,K06011.01,FALSE POSITIVE,12.4255705,28.88,139.4,141.5298
5471770,K06012.01,FALSE POSITIVE,12.426173,30.64,115.1,141.5013
5556804,K06013.01,FALSE POSITIVE,12.4244306,26.15,214.1,141.647
5597970,K06014.01,FALSE POSITIVE,6.71738328,3.60057,164979.0,137.2100078
4459068,K06114.01,FALSE POSITIVE,24.955998503,2.76331,4856.1,149.094437
8107150,K07863.01,CANDIDATE,5.2449156,8.367,35.5,136.0365
4464394,K06115.01,CANDIDATE,168.66934782,4.07,,132.5942053
4547480,K06116.01,FALSE POSITIVE,4.426942241,1.6116,2896.6,133.564383
4739229,K06118.01,CANDIDATE,571.280892,21.827,460.7,368.0081
4739229,K06118.02,CANDIDATE,4.66185924,3.164,49.3,133.58514
8620565,K01250.02,CANDIDATE,1.213672208,1.3644,2731.0,131.94978
4740676,K06119.01,FALSE POSITIVE,3.454241684,4.69505,88194.9,131.711253
4742420,K06120.01,CANDIDATE,90.097375,12.697,282.6,143.8471
9655711,K06209.02,CANDIDATE,7.72966941,2.091,426.7,138.92566
9727765,K06210.01,CANDIDATE,51.85656556,2.21,,167.340205
9767392,K06211.01,FALSE POSITIVE,1.457256942,6.51381,364905.0,131.60891
9774400,K06212.01,FALSE POSITIVE,10.818248422,18.2848,13695.9,137.17026
9839081,K06213.01,FALSE POSITIVE,2.559236603,1.6706,11273.0,132.263863
9974142,K06214.01,FALSE POSITIVE,281.35877,7.74,278.5,390.582
9974142,K06214.02,CANDIDATE,154.536881,15.44,258.5,177.697
10163066,K06215.01,FALSE POSITIVE,462.12345,8.46,699.0,408.2031
9008103,K03283.03,CANDIDATE,87.707513,2.184,578.0,205.7369
8780959,K03741.03,CONFIRMED,5.1117547,3.281,267.8,133.76122
8780959,K03741.04,CONFIRMED,9.6310258,5.255,297.2,132.7273
7429287,K04260.02,FALSE POSITIVE,101.889228,2.71,80.9,213.9353
11296045,K04396.04,CANDIDATE,437.51586139,4.16,,522.0553193
6592335,K04777.02,FALSE POSITIVE,48.5023669,1.053,740.0,168.2091
5951416,K04781.02,FALSE POSITIVE,524.14139,11.603,403.7,344.9169
5769810,K04913.02,CANDIDATE,8.97377221,2.135,106.5,139.73978
5643492,K06015.01,FALSE POSITIVE,41.86539723,6.663,4309.3,161.17679
5795648,K06016.01,FALSE POSITIVE,4.553370029,3.2209,23692.1,135.433898
5961350,K06017.01,FALSE POSITIVE,5.262652179,2.85554,22650.6,135.6269856
10340423,K00736.03,FALSE POSITIVE,345.98207283,2.97,,392.1763832
5979863,K06018.01,FALSE POSITIVE,16.621853404,3.91517,55296.7,133.5526451
6117415,K06019.01,FALSE POSITIVE,19.741616041,3.07231,88821.5,136.446922
6128027,K06020.01,FALSE POSITIVE,5.455766383,2.8923,104538.0,136.907217
6146418,K06021.01,FALSE POSITIVE,22.44620704,7.5491,1626.8,149.1595
4742420,K06120.02,CANDIDATE,205.41415,10.26,283.8,295.6538
4826439,K06121.01,FALSE POSITIVE,1.237147407,7.06623,435364.0,132.6581514
4933476,K06122.01,FALSE POSITIVE,1.28619671,1.114,137.2,131.87462
4990977,K06123.01,FALSE POSITIVE,2.649026189,2.4698,52172.0,133.379281
5034333,K06124.01,FALSE POSITIVE,6.932281325,11.0301,6405.9,134.876198
5039441,K06125.01,FALSE POSITIVE,2.151384476,3.34471,263861.0,133.1088143
8231299,K07874.01,FALSE POSITIVE,0.562273947,3.1572,67.0,131.52433
5121173,K06126.01,FALSE POSITIVE,17.4352218,51.666,603.3,143.2261
5306984,K06127.01,CANDIDATE,114.27173902,2.19,,163.3628542
10198662,K06216.01,CANDIDATE,26.40805532,2.7,,155.746607
10198662,K06216.02,CANDIDATE,46.07931317,1.87,,159.6728081
4157325,K01860.04,CANDIDATE,24.8434837,4.8,217.4,148.1777
10200627,K06217.01,CANDIDATE,7.7016694,10.898,155.7,134.2294
10219361,K06218.01,FALSE POSITIVE,117.634213,3.82,253.1,176.0874
10228942,K06219.01,FALSE POSITIVE,21.025447023,6.52216,115743.0,148.2226428
10341878,K06220.01,FALSE POSITIVE,0.933753371,4.438,47.3,131.50945
10357831,K06221.01,FALSE POSITIVE,1.72153588,1.9227,39929.0,131.7292
8332521,K04567.02,CANDIDATE,4.67250377,4.441,79.6,135.23678
6150977,K06022.01,FALSE POSITIVE,2.765621941,2.3191,8342.2,133.680095
6182019,K06023.01,FALSE POSITIVE,3.664964374,3.9058,90827.0,134.152879
6191945,K06024.01,FALSE POSITIVE,6.8072842,1.9477,14578.0,135.5474
6209347,K06025.01,FALSE POSITIVE,2.136577151,2.4682,79078.0,133.026579
6268722,K06026.01,FALSE POSITIVE,2.638432816,2.42989,48488.0,133.003946
6301030,K06027.01,FALSE POSITIVE,11.991000357,6.4648,375940.0,139.598337
10480982,K00744.02,FALSE POSITIVE,2.03746414,2.895,138.8,131.54567
6606934,K06028.01,FALSE POSITIVE,37.80694072,3.84264,106334.0,153.8409531
8242769,K07875.01,CANDIDATE,21.9711574,5.012,178.1,137.6914
10964440,K01310.02,CANDIDATE,144.688915,9.468,397.1,256.343
5385548,K06128.01,FALSE POSITIVE,12.42555055,28.492,409.0,141.5457
5385778,K06129.01,FALSE POSITIVE,12.42592247,31.5,8707.6,141.54848
5428657,K06130.01,CANDIDATE,1.54287434,1.1121,401.4,132.61697
5471617,K06131.01,FALSE POSITIVE,12.4237327,18.15,30.1,133.9642
5471617,K06131.02,FALSE POSITIVE,94.38163,11.87,91.2,171.3362
5629353,K06132.01,CANDIDATE,33.3200908,6.5265,6186.9,150.0494
5629353,K06132.02,CONFIRMED,7.5844241,3.918,1005.0,137.847
10363233,K06222.01,FALSE POSITIVE,210.899577,2.167,3345.0,230.1954
10385682,K06223.01,FALSE POSITIVE,3.103730697,6.93402,369228.0,132.8744585
10414727,K06224.01,CANDIDATE,91.20573037,4.17,,210.1533987
10414727,K06224.02,FALSE POSITIVE,253.40538,7.43,240.8,273.6514
10483644,K06225.01,FALSE POSITIVE,5.110771787,2.48392,50681.0,133.315344
4736569,K01996.02,CANDIDATE,7.07394528,2.319,228.3,136.64371
10601549,K06226.01,FALSE POSITIVE,1.463773705,1.9123,64776.0,132.807589
10614158,K06227.01,FALSE POSITIVE,4.46255312,14.0957,22720.0,133.64977
8505215,K00099.02,FALSE POSITIVE,79.87804945,3.19,,184.7704412
10662202,K00750.03,CANDIDATE,14.516741,2.706,227.2,138.83799
9008103,K03283.02,CANDIDATE,20.5718107,3.399,379.0,142.80267
6614926,K06029.01,FALSE POSITIVE,3.026764871,4.32532,66719.9,133.3279059
6628237,K06030.01,FALSE POSITIVE,3.840130917,2.8951,60401.0,135.139765
6694186,K06031.01,FALSE POSITIVE,5.554227226,4.77434,142313.0,135.16203
6934587,K06032.01,FALSE POSITIVE,1.570919281,3.2232,65124.0,132.47362
7219906,K06033.01,FALSE POSITIVE,35.08976902,3.9623,5754.6,153.396702
7257373,K06034.01,FALSE POSITIVE,5.233450136,8.57374,430422.0,133.1261573
7295570,K06035.01,FALSE POSITIVE,3.6037011,2.994,16112.0,131.6711
7362852,K06036.01,FALSE POSITIVE,3.518356021,6.90375,316750.0,131.8005089
5629353,K06132.03,CANDIDATE,11.867172,4.815,595.6,142.985
5641294,K06133.01,FALSE POSITIVE,2.6160943,21.34,29.3,132.5162
5738698,K06134.01,FALSE POSITIVE,2.404386969,7.40348,313168.0,133.2105484
4078157,K01319.02,CANDIDATE,142.685885,3.792,1195.0,175.9722
5768927,K06135.01,FALSE POSITIVE,4.390513938,2.9472,46829.0,132.550761
5814635,K06136.01,FALSE POSITIVE,3.86963822,2.29,,131.6242
5816144,K06137.01,CANDIDATE,12.4970599,3.877,180.0,140.8987
5816144,K06137.02,FALSE POSITIVE,7.384681,3.548,142.8,132.1721
10717220,K06228.01,CONFIRMED,21.0907909,4.751,417.6,133.96316
10728219,K06229.01,FALSE POSITIVE,3.371796653,3.4421,366901.0,134.876289
10735988,K06230.01,FALSE POSITIVE,1.927177921,2.7742,136135.0,132.571474
8112324,K07867.01,FALSE POSITIVE,0.575925434,2.4676,137404.0,131.92458
10971944,K06231.01,FALSE POSITIVE,496.17566,11.63,293.0,174.0663
10973583,K06232.01,FALSE POSITIVE,6.256352128,2.3512,3289.3,133.543181
10989274,K06233.01,CONFIRMED,16.17803,5.18,449.0,132.326
11099351,K06234.01,FALSE POSITIVE,2.37795507,2.4329,4391.1,132.557333
11147460,K06235.01,FALSE POSITIVE,2.053866175,4.8045,5021.3,132.944062
10662202,K00750.04,FALSE POSITIVE,36.5521313,2.481,282.9,165.0716
11607193,K00983.02,FALSE POSITIVE,5.177577252,2.4777,1325.4,132.9009561
10743597,K00989.04,FALSE POSITIVE,4.08029328,2.8343,1128.4,131.7047
4247991,K02311.03,CONFIRMED,104.3519624,3.695,243.8,190.10261
11968463,K02433.06,CANDIDATE,6.06330298,3.275,200.7,136.17607
11968463,K02433.07,CANDIDATE,86.431871,7.374,415.1,423.0356
11074835,K02533.03,CANDIDATE,26.1152887,12.54,70.0,145.5641
8042747,K07861.01,FALSE POSITIVE,469.52303,5.487,355.7,381.4073
9008737,K02768.03,FALSE POSITIVE,11.83271013,6.152,176.3,137.5928634
7373877,K06037.01,FALSE POSITIVE,32.669962587,3.581,365.4,159.4801924
5792202,K00841.04,CANDIDATE,269.306232,14.931,1708.0,285.6272
7436177,K06038.01,FALSE POSITIVE,19.93364711,8.6122,174830.0,143.94041
7537945,K06039.01,FALSE POSITIVE,1.071911311,3.8559,9817.8,131.607529
7624297,K06040.01,FALSE POSITIVE,18.019651402,5.08572,176998.0,148.6673673
8109692,K07864.01,FALSE POSITIVE,117.934158,9.25,187.5,197.8657
7695093,K06041.01,FALSE POSITIVE,4.032762189,4.14212,119350.0,133.3016604
7749318,K06042.01,FALSE POSITIVE,2.371589507,3.5116,235104.0,132.743293
7777397,K06043.01,FALSE POSITIVE,5.09112124,2.159,115.1,135.17945
5817566,K06138.01,FALSE POSITIVE,4.206070484,10.6988,119812.0,132.248423
5952403,K06139.01,FALSE POSITIVE,0.905677864,2.2432,3670.4,132.197687
6032730,K06141.01,CANDIDATE,96.509214,0.589,1528.0,223.808
6116172,K06142.01,CANDIDATE,69.64679311,3.71,,138.283056
6116172,K06142.02,CANDIDATE,111.65546,1.051,2887.0,148.8939
6116172,K06142.03,CANDIDATE,86.13201864,3.11,,164.2236993
4150539,K01330.02,FALSE POSITIVE,94.219289,24.312,1025.9,196.1952
6182093,K06143.01,FALSE POSITIVE,297.113395,4.529,275.4,309.1459
9839821,K02012.02,CONFIRMED,180.921729,8.99,742.4,234.3344
11252617,K06236.01,FALSE POSITIVE,4.478116695,3.357,117981.0,132.8719936
8245108,K07876.01,FALSE POSITIVE,0.579108481,1.659,68.4,131.7753
11252617,K06236.02,FALSE POSITIVE,1.27620899,2.169,186.2,131.6866
11296437,K06237.01,FALSE POSITIVE,528.50344,6.394,133.8,209.8264
11296437,K06237.02,CANDIDATE,47.14404783,4.35,,172.855768
11341164,K06238.01,CANDIDATE,197.05431574,6.38,,266.1346771
11462969,K06239.01,CANDIDATE,406.496216,3.495,380.2,325.9025
11462969,K06239.02,CANDIDATE,491.61516814,6.31,,295.3512988
7830321,K06044.01,FALSE POSITIVE,2.027383251,1.5528,3856.2,131.686117
7841986,K06045.01,FALSE POSITIVE,10.73370737,7.6706,6155.3,141.11176
7877820,K06046.01,FALSE POSITIVE,9.449438672,5.5479,12867.3,136.025779
7914906,K06047.01,FALSE POSITIVE,8.752913958,3.4546,41770.0,138.724933
5792202,K00841.05,CANDIDATE,499.47338,12.248,1662.0,455.5672
8019043,K06048.01,FALSE POSITIVE,1.985586627,2.53163,72584.2,132.9336782
8023317,K06049.01,FALSE POSITIVE,16.579028045,7.803,37979.8,146.733098
8126531,K07868.01,FALSE POSITIVE,513.42784,6.278,523.2,174.3904
8121067,K06050.01,FALSE POSITIVE,2.064900876,6.8769,10939.4,132.874485
6197038,K06144.01,FALSE POSITIVE,9.751720174,16.1937,332900.0,138.538319
6221385,K06145.01,CONFIRMED,19.672324,4.812,649.9,134.3013
6221385,K06145.02,CONFIRMED,32.657035,5.953,620.4,152.881
6221385,K06145.03,CANDIDATE,7.3138454,2.273,247.7,137.561
6362386,K06146.01,FALSE POSITIVE,4.592401261,4.96038,87426.1,133.139791
8260269,K07877.01,FALSE POSITIVE,6.70995253,2.297,86.0,134.02352
6449358,K06147.01,FALSE POSITIVE,5.776794344,6.33505,121544.0,133.6275034
6593968,K06148.01,FALSE POSITIVE,23.19923256,2.09,,146.6907294
6674908,K06149.01,FALSE POSITIVE,0.503199724,1.117,275.6,131.90627
11516930,K06240.01,FALSE POSITIVE,4.768540307,0.9938,347.6,133.8648842
11558882,K06241.01,FALSE POSITIVE,73.91858615,6.9735,184074.0,154.696798
11656928,K06242.01,CANDIDATE,212.43503674,4.26,,239.8349648
11566064,K00353.03,CANDIDATE,11.1619384,5.195,124.4,133.5538
8042835,K07862.01,FALSE POSITIVE,2.38793696,17.302,114.3,133.22902
2853780,K02081.02,FALSE POSITIVE,589.17968,10.2,253.4,185.0175
11656928,K06242.02,CANDIDATE,76.83994597,3.11,,171.7707187
11656928,K06242.03,CANDIDATE,78.86684,4.5,86.1,143.7314
11673686,K06243.01,FALSE POSITIVE,4.618767943,6.03,32609.2,133.386655
8153568,K06051.01,FALSE POSITIVE,3.60727417,14.0841,841897.0,133.77548
8167938,K06052.01,FALSE POSITIVE,2.565717939,1.7084,1941.7,133.22148
8167978,K06053.01,FALSE POSITIVE,22.05274533,5.5924,13857.7,151.552457
8168581,K06054.01,FALSE POSITIVE,2.881338104,3.5943,2533.7,132.909319
8230809,K06055.01,FALSE POSITIVE,4.078355243,6.4649,36133.0,132.160073
8364115,K06056.01,FALSE POSITIVE,7.73590441,4.4389,465.3,137.98785
8458207,K06057.01,FALSE POSITIVE,3.530164642,4.11466,69923.0,134.77535
7825899,K00896.03,CANDIDATE,28.8672107,3.782,347.1,156.19578
6946681,K06150.01,CANDIDATE,48.9528113,1.66,,139.6768278
4150624,K01334.02,FALSE POSITIVE,94.225938,22.08,530.4,196.1319
6946708,K06151.01,CANDIDATE,431.78556,9.135,332.6,507.3561
6967278,K06152.01,FALSE POSITIVE,395.07333,7.844,645.1,244.4858
7108433,K06153.01,FALSE POSITIVE,1.51918335,5.45573,499989.0,131.913532
7119080,K06154.01,FALSE POSITIVE,13.59940118,2.52,,133.0874188
7129465,K06155.01,FALSE POSITIVE,2.745910734,4.02594,286812.0,133.1719105
7174617,K06156.01,FALSE POSITIVE,1.608363345,2.1988,96134.0,131.58432
11724210,K06244.01,FALSE POSITIVE,5.746017234,3.6347,29236.3,132.042549
11775507,K06245.01,CANDIDATE,144.102562,2.753,171.3,198.0696
11775507,K06245.02,CANDIDATE,112.317402,3.471,182.4,241.6462
11856178,K06246.01,CANDIDATE,9.13315062,2.1557,231.2,139.9861
11867071,K06247.01,FALSE POSITIVE,3.963787093,3.10316,25015.2,135.029951
11975363,K06248.01,FALSE POSITIVE,1.759208679,4.60837,362327.0,132.6537254
12207117,K06249.01,FALSE POSITIVE,1.6031794,0.91,,131.5678
6768394,K02086.04,CANDIDATE,335.56311,13.06,158.0,340.6688
8580438,K06058.01,FALSE POSITIVE,6.496031958,5.21924,108889.0,135.4687416
8581232,K06059.01,FALSE POSITIVE,4.012537983,2.0101,19796.0,134.652406
8655458,K06060.01,FALSE POSITIVE,1.594162001,5.4958,9876.3,132.634679
8695779,K06061.01,FALSE POSITIVE,10.238939876,3.4851,3153.1,132.722552
8953059,K06062.01,FALSE POSITIVE,5.499941387,5.1339,40110.4,136.869403
9048145,K06063.01,FALSE POSITIVE,8.667826242,5.06514,43491.0,137.3415297
9214712,K06064.01,FALSE POSITIVE,265.2996227,8.8452,100158.0,316.91977
9214715,K06065.01,FALSE POSITIVE,265.2999623,8.8577,31778.0,316.91821
7190639,K06157.01,FALSE POSITIVE,98.1020983,1.225,184.4,170.33189
7198881,K06158.01,FALSE POSITIVE,182.467019,7.607,1020.0,215.019
7198881,K06158.02,FALSE POSITIVE,126.57837267,2.5,,198.1194352
7422883,K06159.01,FALSE POSITIVE,11.41437505,6.276,45966.0,142.59649
10545066,K00337.02,CANDIDATE,154.607419,9.225,279.9,250.5204
7663405,K01519.02,CANDIDATE,57.132855,4.958,414.1,152.9919
7464205,K06160.01,FALSE POSITIVE,151.31847,16.45,105.4,148.9275
7622059,K06161.01,FALSE POSITIVE,10.4032399,23.85,1056.2,138.18443
12367464,K06250.01,FALSE POSITIVE,1.853209359,1.7543,12319.1,132.249661
12470041,K06251.01,FALSE POSITIVE,14.66769462,2.4462,29862.0,139.161736
11358389,K02163.03,CANDIDATE,28.2251049,2.354,201.3,153.7452
5706595,K02183.03,CANDIDATE,150.381954,4.968,396.1,205.2811
12885212,K02184.02,CANDIDATE,95.906433,4.08,836.2,226.921
8179286,K07869.01,FALSE POSITIVE,11.4132144,2.371,76.4,140.11988
3548044,K02194.03,CANDIDATE,445.21685,16.37,211.6,202.847
2581191,K02203.02,FALSE POSITIVE,172.178768,1.19,501.0,139.442
8168187,K02209.02,CANDIDATE,35.502865,8.149,115.9,150.4186
9221398,K06066.01,FALSE POSITIVE,13.787520532,2.55435,12978.3,136.762097
9411317,K06067.01,FALSE POSITIVE,8.2904597,2.6002,173007.0,132.24956
9605514,K00945.03,CANDIDATE,66.789347,4.08,358.5,184.4713
9418619,K06068.01,CANDIDATE,6.150251376,1.68923,2128.7,134.4228253
9532123,K06069.01,FALSE POSITIVE,8.214204254,4.5905,74177.0,135.01403
9549471,K06070.01,FALSE POSITIVE,15.71377375,7.464,9482.0,132.09973
9649222,K06071.01,FALSE POSITIVE,5.918619554,3.94804,94124.0,132.924716
9664215,K06072.01,FALSE POSITIVE,3.319523463,3.3465,38832.0,131.923046
7750740,K06162.01,FALSE POSITIVE,5.874197307,4.26585,205698.0,134.3187261
7779942,K06163.01,FALSE POSITIVE,19.7959731,5.342,334.0,135.93667
7835312,K06164.01,CANDIDATE,29.5126153,6.314,188.2,134.7234
7835312,K06164.02,FALSE POSITIVE,209.00055019,2.52,,149.8223238
7838906,K06165.01,FALSE POSITIVE,5.614892073,3.7294,2373.0,132.842964
7908367,K06166.01,CONFIRMED,12.2064304,2.407,1337.2,134.053
7908367,K06166.02,CONFIRMED,6.6513189,2.135,1058.4,135.289
7940533,K06167.01,FALSE POSITIVE,3.905532605,6.8091,73081.0,133.349361
4142847,K02210.02,CONFIRMED,210.631486,8.419,1657.8,300.72292
9221517,K02281.02,CANDIDATE,455.27405,2.4,366.0,367.95
11623629,K00365.02,CANDIDATE,117.761,3.454,53.9,175.5599
10730703,K02327.02,CANDIDATE,46.331703,4.514,299.9,173.2164
4665571,K02393.02,CONFIRMED,0.766691517,1.2638,244.0,132.19667
6364215,K02404.02,FALSE POSITIVE,5.2438528,10.539,135.8,132.6659
7047363,K02432.02,FALSE POSITIVE,93.6273251,1.92,,222.5881699
7289317,K02450.02,CANDIDATE,7.1931193,2.935,125.6,137.2737
9714358,K06073.01,FALSE POSITIVE,6.474202359,3.35989,203491.0,134.3950738
9851123,K06074.01,FALSE POSITIVE,8.4803048,7.5348,2672.9,135.85228
9966115,K06075.01,FALSE POSITIVE,8.947426242,4.89701,85995.2,132.0457395
10026458,K06076.01,FALSE POSITIVE,9.93443795,8.098,2750.0,132.87307
10139305,K06077.01,FALSE POSITIVE,2.173552528,1.6107,3026.0,132.3118
7375348,K00266.02,CANDIDATE,47.7439509,2.99,96.9,160.15905
1432789,K00992.02,CANDIDATE,4.57834367,3.987,140.7,132.2982
10288922,K06078.01,FALSE POSITIVE,10.157715971,2.9526,9520.1,139.442275
12266636,K01522.02,CANDIDATE,12.654896,4.325,100.6,134.6826
7974634,K06168.01,CANDIDATE,131.258668,4.89,153.0,182.3187
8182107,K07870.01,CANDIDATE,92.552007,2.135,282.6,221.5872
7974634,K06168.02,CANDIDATE,75.072964,9.21,74.3,147.1591
7974634,K06168.03,FALSE POSITIVE,404.701927,3.981,236.2,196.6089
8043882,K06169.01,FALSE POSITIVE,0.779609509,4.013,88.5,131.67843
8058507,K06170.01,FALSE POSITIVE,15.80529628,1.56,,135.9561178
8095099,K06171.01,FALSE POSITIVE,2.103239235,7.08365,314928.0,132.8681395
8163784,K06172.01,CANDIDATE,31.8134892,1.422,234.2,137.82331
2305866,K02610.02,CANDIDATE,115.230655,17.735,164.4,176.644
12206313,K02714.03,CONFIRMED,184.262741,11.94,292.2,255.2287
5184911,K02719.02,CANDIDATE,106.25976,6.101,354.0,132.2417
6436029,K02828.02,CANDIDATE,505.462916,10.127,1724.0,458.07755
7767162,K02869.02,CANDIDATE,274.743032,9.137,309.0,300.5018
9478990,K00423.02,CANDIDATE,360.477635,4.332,604.0,253.9112
10793172,K02871.03,CANDIDATE,18.0811429,4.44,71.2,140.5222
10122538,K02926.03,CONFIRMED,20.9569985,3.493,1917.9,139.07664
10659313,K06079.01,FALSE POSITIVE,15.249335907,3.82224,34565.1,143.662829
10710755,K06080.01,FALSE POSITIVE,4.816610903,3.82353,80226.0,133.763636
10727668,K06081.01,FALSE POSITIVE,2.305903447,3.3828,23268.7,131.7928588
10735519,K06082.01,FALSE POSITIVE,1.814128042,3.0646,2063.6,131.938871
8197767,K07871.01,FALSE POSITIVE,1.247121237,9.363,966.7,132.39461
10935310,K06083.01,FALSE POSITIVE,4.128795314,2.771,154870.0,132.5796644
11021252,K06084.01,FALSE POSITIVE,3.269176601,2.7233,59095.0,133.257825
11404644,K06085.01,CANDIDATE,5.902596818,5.5711,54894.0,136.388994
11408935,K06086.01,FALSE POSITIVE,15.995094054,8.45037,44315.3,147.305407
8165617,K06173.01,CANDIDATE,214.013044,7.87,123.2,179.8607
8181016,K06174.01,FALSE POSITIVE,0.70914232,1.936,2560.0,132.1761
8197761,K06175.01,FALSE POSITIVE,9.86869589,2.876,5915.0,138.99584
4840513,K01541.02,FALSE POSITIVE,66.34455122,3.64,,153.314206
8223568,K06176.01,CANDIDATE,143.09688,17.74,125.0,143.701
8223568,K06176.02,CANDIDATE,73.4567573,2.74,,172.3647107
8265156,K06177.01,FALSE POSITIVE,0.978362973,1.206,37.1,132.126
8355178,K06178.01,CANDIDATE,13.0327301,3.902,242.3,133.6778
10122538,K02926.04,CONFIRMED,37.6333868,4.49,1661.7,158.8156
4770174,K02971.02,CANDIDATE,31.9533679,8.424,106.1,159.6588
9838804,K03028.02,CANDIDATE,458.16754,6.97,683.0,462.2522
9020114,K03088.02,CANDIDATE,67.8766605,2.598,389.2,187.3703
6609270,K03090.02,FALSE POSITIVE,15.0367776,3.042,503.5,133.6558
7983117,K03214.02,CANDIDATE,25.0901574,8.273,37.7,138.4988
11125797,K03371.02,CONFIRMED,12.25384348,2.373,147.7,143.70549
9966219,K03401.02,CANDIDATE,326.6708,10.84,386.4,327.7185
11974540,K00129.02,CANDIDATE,143.21109362,2.71,,221.7556468
7219825,K00238.03,CANDIDATE,362.97828,14.083,260.6,256.5011
9958962,K00593.04,CANDIDATE,240.192808,9.72,605.8,168.3047
11519226,K06087.01,FALSE POSITIVE,22.16127178,3.699,5259.0,148.46378
1718189,K00993.03,CANDIDATE,86.723653,4.852,241.0,195.3511
11756821,K06088.01,FALSE POSITIVE,2.745121487,2.9845,14608.0,133.619276
11769146,K06089.01,FALSE POSITIVE,282.9656538,21.4259,467860.0,193.502758
11812199,K06090.01,FALSE POSITIVE,37.32030954,6.9616,4325.0,135.426946
8263187,K07878.01,CANDIDATE,36.566324,4.832,2943.0,141.4473
11826400,K06091.01,FALSE POSITIVE,5.889372452,4.94674,56841.0,134.779685
12010534,K06092.01,FALSE POSITIVE,2.581595167,4.9153,171132.0,132.947414
2019477,K06093.01,CANDIDATE,20.5736113,11.222,76.0,149.1939
7116117,K03163.01,FALSE POSITIVE,0.566801886,5.733,5.9,131.8258
7868092,K03169.01,FALSE POSITIVE,180.71809,10.85,31.2,222.2962
3337061,K03172.01,FALSE POSITIVE,6.5583706,3.286,136.0,133.83031
9826171,K03173.01,FALSE POSITIVE,434.39148,13.02,120.3,131.4436
3936658,K03180.01,FALSE POSITIVE,71.1577054,4.85,,178.29611
4577484,K03181.01,FALSE POSITIVE,73.26417,5.54,38.4,173.8331
4735826,K03184.02,CONFIRMED,11.3220104,5.86,17.1,142.7143
5005618,K03186.01,FALSE POSITIVE,681.9363102,7.94066,186528.0,289.0653808
4663658,K03187.01,FALSE POSITIVE,0.705891195,5.281,15.0,131.62062
10467815,K03191.01,FALSE POSITIVE,377.88909,9.259,92.8,143.4845
10847721,K03192.01,FALSE POSITIVE,199.21638,9.23,62.5,293.6619
10118942,K03195.01,FALSE POSITIVE,121.70747,1.37,98.2,229.2617
9471539,K03198.01,FALSE POSITIVE,273.528359,22.346,408.5,246.3207
5482603,K03199.01,FALSE POSITIVE,3.88258905,2.741,57.8,134.82111
2305819,K03201.01,FALSE POSITIVE,135.57186,9.94,41.2,245.3504
9518710,K03207.01,CANDIDATE,0.954388314,6.26,57.2,132.44537
10284575,K03210.01,FALSE POSITIVE,173.06929,12.84,576.7,221.2582
3342952,K03215.01,FALSE POSITIVE,1.039046871,1.689,24.4,131.54272
10338624,K03222.01,FALSE POSITIVE,0.607538435,5.549,34.9,131.70989
5307990,K03228.01,FALSE POSITIVE,0.98762513,1.127,28.6,131.97212
2142501,K03233.01,FALSE POSITIVE,113.0707574,9.03,,171.705
2713018,K03235.01,FALSE POSITIVE,66.713573,4.487,63.9,170.075
8413968,K03251.01,FALSE POSITIVE,135.223193,8.989,56.3,246.3872
9008103,K03283.01,FALSE POSITIVE,195.7093855,10.78,,177.4118
4376629,K03378.01,FALSE POSITIVE,27.6775212,2.513,293.9,146.1243
3958301,K03381.01,FALSE POSITIVE,35.2340413,11.874,465.5,164.0831
8211605,K03405.01,FALSE POSITIVE,20.9794338,3.762,2388.2,147.72605
11098573,K03406.01,FALSE POSITIVE,15.6937855,5.149,367.7,131.9841
7289338,K03420.01,CANDIDATE,5.77451117,3.752,156.3,134.51434
9837586,K03442.01,FALSE POSITIVE,20.73376301,5.8043,104599.0,132.84493
6021655,K03488.01,FALSE POSITIVE,63.571688,6.01,591.0,186.4598
8308682,K03507.01,FALSE POSITIVE,338.20075,15.23,678.2,263.5018
11442793,K00351.07,CONFIRMED,124.922516,11.942,498.7,129.7295
3344427,K03764.01,FALSE POSITIVE,1.303570451,2.28163,332340.0,146.145985
6205481,K03774.01,FALSE POSITIVE,3.72277264,15.869,1114.6,136.51757
4474637,K03829.01,FALSE POSITIVE,3.886730304,16.1723,372425.0,135.0201
8435232,K03833.01,FALSE POSITIVE,49.5740154,63.196,8772.9,201.97177
6462874,K01231.02,FALSE POSITIVE,10.42360821,5.404,878.3,138.01504
8218379,K01920.02,CANDIDATE,10.1384691,4.026,92.8,137.7149
11450414,K01992.03,CONFIRMED,85.517344,9.331,270.2,181.351
5217733,K03155.01,FALSE POSITIVE,161.2529031,24.3711,94008.0,189.10446
4150611,K03156.01,FALSE POSITIVE,0.761119678,1.43,1112.0,131.68986
4150611,K03156.04,FALSE POSITIVE,94.212787,14.48,55654.0,196.3636
5706592,K06618.01,CANDIDATE,8.6040858,3.01,87.6,138.163
5716244,K06619.01,FALSE POSITIVE,1.330333096,5.045,61867.0,132.785555
5725851,K06620.01,FALSE POSITIVE,1.140133012,9.251,223.2,132.34077
5731312,K06621.01,FALSE POSITIVE,7.946367138,2.58667,278086.0,135.0947711
5735878,K06622.01,FALSE POSITIVE,16.832079803,7.79748,48374.6,133.1746947
5736461,K06623.01,FALSE POSITIVE,7.346159047,6.5974,121807.0,136.8912771
5737869,K06624.01,FALSE POSITIVE,26.2402438,3.024,174.0,151.5242
5771589,K06625.01,FALSE POSITIVE,10.738427243,2.3544,1684.2,139.893962
8364232,K07882.01,CANDIDATE,65.415183,4.224,417.1,140.2325
6670742,K06753.01,CANDIDATE,72.28198,2.478,1265.0,156.753
6672229,K06754.01,FALSE POSITIVE,23.832382513,7.06068,278997.0,143.2182023
6676725,K06755.01,FALSE POSITIVE,1.428766771,3.9753,92.2,132.1908553
6695622,K06756.01,FALSE POSITIVE,14.5567427,1.421,185.1,135.6994
6695889,K06757.01,FALSE POSITIVE,1.106560721,2.64151,253683.0,132.3745985
6697716,K06758.01,FALSE POSITIVE,0.721624431,2.54242,157754.0,131.859672
6697976,K06759.01,CANDIDATE,371.70965709,4.65,,163.4814151
6698670,K06760.01,FALSE POSITIVE,10.81589054,4.73495,45399.6,139.7935811
7541746,K06886.01,FALSE POSITIVE,4.1747072,11.13,,134.604
7584778,K06887.01,FALSE POSITIVE,0.622303871,1.84,80.9,132.0916
7588436,K06888.01,FALSE POSITIVE,23.3924063,3.416,62.3,139.7612
7592529,K06889.01,CANDIDATE,75.906736,11.64,26.9,185.6963
7592922,K06890.01,CANDIDATE,2.15888911,1.791,102.4,131.97752
7597703,K06891.01,FALSE POSITIVE,4.608901433,8.73393,378548.0,133.9949845
7602351,K06892.01,CANDIDATE,17.5806026,4.17,138.8,148.6715
7605600,K06893.01,FALSE POSITIVE,3.326193904,2.08375,178470.0,133.329774
8312222,K07017.01,FALSE POSITIVE,12.823275455,5.32062,121991.0,136.1765764
8314801,K07018.01,FALSE POSITIVE,37.183276326,14.0996,221205.0,158.645758
8316503,K07019.01,FALSE POSITIVE,5.065329723,4.90392,155614.0,134.9819163
8330575,K07020.01,FALSE POSITIVE,0.957079167,3.85011,48673.6,131.7737065
8345358,K07021.01,FALSE POSITIVE,9.380632783,4.295,65832.8,132.5586444
8358008,K07022.01,FALSE POSITIVE,10.064687893,3.59854,10088.0,135.251088
8362974,K07023.01,CANDIDATE,2.71772323,3.22,70.3,133.9451
8364119,K07024.01,FALSE POSITIVE,7.73591011,5.01919,315131.0,137.9876592
9278021,K07152.01,FALSE POSITIVE,3.359470825,2.14715,2707.8,133.952372
9284741,K07153.01,FALSE POSITIVE,20.729255112,7.53677,341973.0,134.55034
9286728,K07154.01,FALSE POSITIVE,3.04459739,7.638,66.1,132.4989
9291368,K07155.01,FALSE POSITIVE,3.796448299,11.5917,522879.0,131.37037
9291368,K07155.02,FALSE POSITIVE,3.79654367,11.4071,70781.0,133.2353
9291748,K07156.01,FALSE POSITIVE,15.926990634,11.5142,394232.0,144.4526221
9301564,K07157.01,CANDIDATE,23.9830523,8.77,83.2,136.7741
9304561,K07158.01,FALSE POSITIVE,1.219049953,1.477,53.5,132.09455
9328852,K07159.01,FALSE POSITIVE,0.64585177,1.97644,308504.0,131.889136
10089123,K07283.01,CANDIDATE,134.413808,13.907,206.1,227.9768
10091257,K07284.01,FALSE POSITIVE,1.70192371,3.0271,49833.0,131.955498
10093664,K07285.01,FALSE POSITIVE,1.20693963,6.881,20.0,132.63953
10095512,K07286.01,FALSE POSITIVE,3.008602107,4.34296,120272.0,132.923023
10098534,K07287.01,FALSE POSITIVE,41.81145,2.208,302.0,166.5262
10129482,K07288.01,FALSE POSITIVE,0.846291334,1.79962,190191.0,132.1935855
10155080,K07289.01,FALSE POSITIVE,1.930451347,3.87956,53075.2,131.770748
10156064,K07290.01,FALSE POSITIVE,2.427967843,4.7847,126975.0,133.598772
8555967,K07894.01,CANDIDATE,347.97611,16.77,341.3,169.433
11198723,K07417.01,FALSE POSITIVE,6.840305932,4.32742,124933.0,137.5713643
11199725,K07418.01,FALSE POSITIVE,1.032967155,1.17,127.3,131.92284
11200773,K07419.01,FALSE POSITIVE,2.489550708,2.84685,29838.9,132.044138
11228612,K07420.01,FALSE POSITIVE,2.980479588,3.72527,375343.0,134.40206
11232745,K07421.01,FALSE POSITIVE,4.81712182,2.45699,35756.4,133.10276
11233911,K07422.01,FALSE POSITIVE,2.479948394,5.7219,150682.0,133.643169
11234677,K07423.01,FALSE POSITIVE,1.58742695,2.66475,76162.0,131.9849807
11235323,K07424.01,FALSE POSITIVE,19.668404822,21.1764,352808.0,132.523858
3765917,K04526.02,CANDIDATE,11.8187288,4.017,249.0,132.51
3547760,K04535.02,CANDIDATE,5.78901936,3.102,110.3,136.9845
8652360,K04562.02,FALSE POSITIVE,0.968065631,1.772,92.5,131.97214
5476671,K04598.02,FALSE POSITIVE,0.824181335,2.4864,224.7,131.68906
11290515,K04716.02,CANDIDATE,12.26708306,2.7,,141.2841427
4919550,K04766.02,FALSE POSITIVE,2.45261841,1.9,85.5,133.60879
8216763,K04838.02,CANDIDATE,6.33342309,3.46,123.3,133.7198
6767227,K04871.02,CANDIDATE,5.522479,2.666,33.1,133.1184
8094120,K04881.02,FALSE POSITIVE,0.706423768,1.0597,46.1,132.15228
3854496,K06368.01,CANDIDATE,9.4588054,3.66,270.0,136.8156
3858757,K06369.01,FALSE POSITIVE,25.9534494,6.001,528.9,154.8716
3858767,K06370.01,FALSE POSITIVE,3.49550335,3.799,60.9,132.0754
3858884,K06371.01,FALSE POSITIVE,25.95193721,15.9897,399167.0,154.881253
3936061,K06372.01,CANDIDATE,71.008017,5.395,170.2,140.865
3938073,K06373.01,FALSE POSITIVE,31.024310431,7.63621,96480.3,158.8651537
3972391,K06374.01,FALSE POSITIVE,0.634131057,2.851,27.1,131.78951
3972432,K06375.01,CANDIDATE,2.90805147,2.812,103.1,134.3193
3973002,K06376.01,FALSE POSITIVE,1.992098705,4.03833,69414.0,132.891052
5025217,K06496.01,FALSE POSITIVE,1.78752921,5.315,62.9,132.4646
5025234,K06497.01,FALSE POSITIVE,1.77555333,14.41,83.5,131.92
5025294,K06498.01,FALSE POSITIVE,5.462689263,3.2605,4184.6,134.26516
5026187,K06499.01,FALSE POSITIVE,3.58966681,18.534,421.3,134.56621
5031804,K06500.01,FALSE POSITIVE,1.37347867,12.62,289.9,132.22105
5031882,K06501.01,FALSE POSITIVE,1.00960235,7.847,31.9,131.6797
5036516,K06502.01,FALSE POSITIVE,1.060996585,2.6494,41142.0,132.53457
5036530,K06503.01,FALSE POSITIVE,2.735152701,0.1046,283.3,133.6322499
5781192,K06626.01,FALSE POSITIVE,9.459993213,5.3012,237595.0,138.3433458
5802285,K06627.01,FALSE POSITIVE,1.208524388,1.8478,4759.6,131.985195
5802470,K06628.01,FALSE POSITIVE,3.79187443,3.5521,230736.0,134.134368
5807579,K06629.01,FALSE POSITIVE,17.844323157,5.07999,222364.0,133.6947708
5809372,K06630.01,FALSE POSITIVE,34.6506368,10.287,502.5,143.0279
5860347,K06631.01,CANDIDATE,2.56271232,2.163,29.4,131.69665
5871918,K06632.01,FALSE POSITIVE,12.643303542,5.48853,236718.0,139.7603975
5894825,K06633.01,FALSE POSITIVE,1.36293943,10.32,54.4,132.7485
8374394,K07883.01,FALSE POSITIVE,185.103836,4.19,581.4,296.7426
6706287,K06761.01,FALSE POSITIVE,1.267693801,3.57993,333641.0,132.120397
6715997,K06762.01,CANDIDATE,15.08186,4.004,81.6,141.7289
6763884,K06763.01,CANDIDATE,2.44693823,0.954,26.4,133.00092
6766748,K06764.01,FALSE POSITIVE,7.002865192,5.90232,349695.0,136.013297
6768616,K06765.01,CANDIDATE,13.05609,3.498,170.8,140.7128
6774408,K06766.01,FALSE POSITIVE,0.85450941,3.723,13.7,132.2059
6778289,K06767.01,FALSE POSITIVE,30.130130001,13.4919,280751.0,152.231115
6781047,K06768.01,FALSE POSITIVE,7.0435762,15.76,,136.2789
6781535,K06769.01,FALSE POSITIVE,9.12208711,4.62417,58790.4,138.8352077
8440062,K07886.01,FALSE POSITIVE,366.71923,9.8,246.4,185.6459
7622072,K06894.01,FALSE POSITIVE,6.373454978,3.9377,6084.6,136.899832
7630658,K06895.01,FALSE POSITIVE,1.075577069,4.11779,140584.0,131.558551
7631194,K06896.01,FALSE POSITIVE,0.811390968,1.0114,139.9,131.8759
7662209,K06897.01,FALSE POSITIVE,14.6494599,2.883,221.0,132.1027
7663804,K06898.01,FALSE POSITIVE,321.00742,13.01,307.1,301.0957
7668648,K06899.01,FALSE POSITIVE,27.81892382,8.3777,238224.0,158.10282
7670485,K06900.01,FALSE POSITIVE,8.467706136,4.05376,77323.6,139.412302
7670617,K06901.01,FALSE POSITIVE,24.70361995,6.9719,217538.0,136.13429
8367298,K07025.01,FALSE POSITIVE,5.1348689,48.69,115.8,134.236
8374499,K07026.01,FALSE POSITIVE,5.251918489,5.59653,296478.0,136.74098
8378656,K07027.01,FALSE POSITIVE,3.62944008,5.94104,130083.0,134.701164
8378922,K07028.01,FALSE POSITIVE,43.263305017,10.0915,359086.0,150.3780757
8379547,K07029.01,FALSE POSITIVE,6.042029838,8.0666,132864.0,132.205367
8381592,K07030.01,FALSE POSITIVE,2.892087553,3.16757,71631.0,133.201742
8382339,K07031.01,FALSE POSITIVE,5.40597608,2.79,461.0,131.61052
8394475,K07032.01,CANDIDATE,3.64049242,1.194,42.1,134.96786
8398290,K07033.01,FALSE POSITIVE,0.510804497,2.539,42.7,131.88057
9328864,K07160.01,FALSE POSITIVE,0.645850521,1.2082,54.9,131.88911
9334490,K07161.01,FALSE POSITIVE,18.84497113,4.9442,4143.4,149.94759
9340411,K07162.01,CANDIDATE,5.1581317,7.773,37.9,131.7314
9344623,K07163.01,FALSE POSITIVE,14.759477667,9.7746,357470.0,139.7828128
9353182,K07164.01,FALSE POSITIVE,10.476258265,7.77203,120206.0,136.5282906
9357275,K07165.01,FALSE POSITIVE,1.588298157,4.37027,165034.0,132.1833032
9357375,K07166.01,FALSE POSITIVE,1.58826263,2.655,78.9,132.19139
9392702,K07167.01,FALSE POSITIVE,3.909314318,5.36124,97123.4,131.8944811
9394920,K07168.01,FALSE POSITIVE,1.38385822,1.0,,132.762
8524110,K07891.01,FALSE POSITIVE,0.79708975,3.301,19.3,131.8481
10163067,K07291.01,CANDIDATE,25.9136674,10.498,109.7,131.8232
10164018,K07292.01,FALSE POSITIVE,8.5412411,3.654,298.8,131.6163
10189523,K07293.01,FALSE POSITIVE,1.013922622,1.6393,34957.0,132.414157
10198109,K07294.01,FALSE POSITIVE,17.918743061,4.36387,118355.0,146.3929572
10208759,K07295.01,FALSE POSITIVE,2.287515702,10.0879,358575.0,132.3567704
10214328,K07296.01,FALSE POSITIVE,659.2907,22.106,338.1,254.33
10215422,K07297.01,FALSE POSITIVE,24.847087207,7.28274,317670.0,154.1275658
10257903,K07298.01,FALSE POSITIVE,0.85574731,2.01,,131.8240876
10258558,K07299.01,FALSE POSITIVE,20.867855659,5.73122,82601.4,136.4038679
11240948,K07425.01,FALSE POSITIVE,3.401949837,16.5797,2477.0,134.6247
11241560,K07426.01,CANDIDATE,6.96197304,2.806,151.3,135.55021
11244571,K07427.01,CANDIDATE,7.8935324,3.444,47.6,133.8053
11250867,K07428.01,FALSE POSITIVE,2.252822538,3.41062,269847.0,131.6331462
11251058,K07429.01,FALSE POSITIVE,2.25284817,3.069,60.0,131.6206
11282568,K07430.01,CANDIDATE,1.320499473,1.184,204.0,132.61488
11285625,K07431.01,FALSE POSITIVE,5.39525573,7.8377,104242.0,131.542553
11286311,K07432.01,CANDIDATE,13.1538409,11.56,104.6,143.31
4732015,K05076.02,FALSE POSITIVE,0.939740093,3.682,106.5,131.7401
8043638,K00460.02,CANDIDATE,36.0484798,5.763,127.6,150.0591
11176166,K05875.02,CANDIDATE,4.2742605,2.687,263.8,133.0463
9214712,K06064.02,FALSE POSITIVE,265.299451,4.563,4946.0,326.26375
9214715,K06065.02,FALSE POSITIVE,265.310499,4.013,1530.0,326.24511
7838906,K06165.02,FALSE POSITIVE,35.4261827,4.393,317.6,161.164
1026032,K06252.01,FALSE POSITIVE,8.460438928,4.73492,76412.9,133.7744903
1293379,K06253.01,CANDIDATE,27.556452,8.23,289.2,132.1916
3973504,K06377.01,FALSE POSITIVE,4.318726936,2.67349,59429.0,131.605675
4042088,K06378.01,FALSE POSITIVE,3.22598684,1.67,,134.7245837
4055092,K06379.01,FALSE POSITIVE,76.45315813,5.1822,9662.2,133.986308
4067549,K06380.01,FALSE POSITIVE,7.698431197,5.43677,42548.8,137.868033
4069063,K06381.01,FALSE POSITIVE,0.504296702,1.4145,5995.4,131.905285
4069213,K06382.01,FALSE POSITIVE,5.194256813,7.25775,38851.4,134.5723735
4075064,K06383.01,FALSE POSITIVE,61.42252657,3.76585,337545.0,161.2406686
4076061,K06384.01,CANDIDATE,566.28176,20.39,1200.0,440.2605
4076952,K06385.01,FALSE POSITIVE,9.761172507,11.4007,205866.0,133.7034265
5036530,K06503.02,FALSE POSITIVE,1.36513839,1.86,,132.0907941
5036538,K06504.01,FALSE POSITIVE,1.061008464,2.8029,408767.0,132.5213941
5038469,K06505.01,FALSE POSITIVE,1.36840167,4.58,,131.5320332
5039687,K06506.01,FALSE POSITIVE,5.8957069,56.84,129.7,136.3002
5042785,K06507.01,FALSE POSITIVE,1.67473779,5.67,,132.7799
5078879,K06508.01,FALSE POSITIVE,1.039370613,1.0713,743.6,131.62419
5080346,K06509.01,FALSE POSITIVE,2.31169425,8.689,38.4,132.3203
5080652,K06510.01,FALSE POSITIVE,2.072177815,4.54864,293717.0,133.095727
5894972,K06634.01,FALSE POSITIVE,3.34328534,27.29,166.8,134.8451
5951140,K06635.01,CANDIDATE,0.52740121,4.807,1316.0,131.6718
5952309,K06636.01,FALSE POSITIVE,0.905678252,1.249,70.4,132.19647
5952457,K06637.01,FALSE POSITIVE,0.905672916,1.0,110.4,132.20453
5962514,K06639.01,FALSE POSITIVE,0.790046373,4.9939,149304.0,132.1225
5962716,K06640.01,FALSE POSITIVE,1.804591904,3.85009,137295.0,132.3963298
5966732,K06641.01,CANDIDATE,1.400903699,0.883,136.5,131.84562
5977541,K06642.01,FALSE POSITIVE,1.14073528,2.394,13.5,132.5852
5977804,K06643.01,FALSE POSITIVE,3.31976683,4.523,48.0,131.7956
6792124,K06770.01,FALSE POSITIVE,0.52880817,2.2865,57.7,131.67844
6804648,K06771.01,FALSE POSITIVE,0.700606479,0.993,23.5,131.59767
6806632,K06772.01,FALSE POSITIVE,9.469191607,9.55999,63501.9,140.9753434
6841577,K06773.01,FALSE POSITIVE,15.53753378,5.8262,209006.0,140.2734399
6842345,K06774.01,CANDIDATE,17.3816224,2.73456,59099.4,142.4067834
6852488,K06775.01,FALSE POSITIVE,2.172042913,8.0331,154381.0,131.764641
6853172,K06776.01,CANDIDATE,28.655498,8.58,173.6,157.1618
6859546,K06777.01,CANDIDATE,13.4450174,2.118,196.2,137.24788
8460634,K07887.01,FALSE POSITIVE,6.35216475,3.251,185.7,134.1982
7671594,K06902.01,FALSE POSITIVE,0.705174384,1.11196,375227.0,131.694866
7677005,K06903.01,FALSE POSITIVE,38.058140058,8.82403,308873.0,142.4101791
7687365,K06904.01,CANDIDATE,26.1556767,1.542,295.0,154.35223
7691527,K06905.01,FALSE POSITIVE,4.800232532,3.57105,277001.0,135.7829072
7695445,K06906.01,FALSE POSITIVE,1.74336627,10.405,451.0,132.8574
7700500,K06907.01,CANDIDATE,4.60687717,2.295,258.7,133.8738
7700578,K06908.01,FALSE POSITIVE,1.507100589,5.8097,497657.0,132.09322
7707736,K06909.01,FALSE POSITIVE,0.758355704,4.4135,9568.3,131.863972
7733540,K06910.01,FALSE POSITIVE,0.77258608,2.7,,131.7134714
8411947,K07034.01,FALSE POSITIVE,0.898837525,3.5342,399778.0,132.13405
8414159,K07035.01,FALSE POSITIVE,11.931131598,5.56983,300506.0,142.8536843
8414216,K07036.01,FALSE POSITIVE,11.93137992,3.639,122.1,142.82366
8415863,K07037.01,FALSE POSITIVE,27.533803402,3.96227,48152.7,147.2410009
8423903,K07038.01,FALSE POSITIVE,12.4964346,84.32,271.7,132.0358
8429450,K07039.01,FALSE POSITIVE,1.352576807,5.49531,317484.0,132.0374311
8442795,K07040.01,CANDIDATE,502.20642,9.39,447.9,162.9131
8443812,K07041.01,CANDIDATE,8.3613732,3.649,104.7,139.2515
8445775,K07042.01,FALSE POSITIVE,13.254134073,4.34991,44979.8,136.3679147
9397900,K07169.01,CANDIDATE,10.5113779,4.74,29.9,140.9553
9411943,K07170.01,FALSE POSITIVE,1.922009494,3.101,6547.8,132.161285
9412462,K07171.01,FALSE POSITIVE,10.186578749,10.6304,340671.0,132.5289587
9418994,K07172.01,FALSE POSITIVE,32.003815635,4.31197,17120.2,136.49482
9451096,K07173.01,FALSE POSITIVE,1.250390814,3.7184,231167.0,131.7337519
9458266,K07174.01,CANDIDATE,1.58487898,1.791,42.9,132.69772
9466042,K07175.01,FALSE POSITIVE,9.2742685,13.39,,133.599
9468296,K07176.01,FALSE POSITIVE,5.748815953,1.9216,11657.0,132.28021
10264202,K07300.01,FALSE POSITIVE,0.517573708,2.23102,87205.0,131.5161551
10264293,K07301.01,CANDIDATE,20.9525604,3.986,232.9,146.3809
10268809,K07302.01,FALSE POSITIVE,24.70932686,5.0698,29265.0,138.996552
10274244,K07303.01,FALSE POSITIVE,13.68369259,4.22504,185514.0,135.2108067
10275887,K07304.01,FALSE POSITIVE,9.726748645,19.4093,393412.0,139.4774644
10290021,K07305.01,CANDIDATE,3.72920972,5.012,14.4,131.9326
10290447,K07306.01,FALSE POSITIVE,0.691561191,5.23,1901.0,131.6477
10292465,K07307.01,FALSE POSITIVE,1.35337091,2.2396,104562.0,131.936954
10294608,K07308.01,FALSE POSITIVE,1.854491777,5.14771,383431.0,132.4915806
11287726,K07433.01,FALSE POSITIVE,4.737713268,6.384,105259.0,132.325253
11288492,K07434.01,CANDIDATE,5.704593,1.149,129.9,134.40102
11288772,K07435.01,CANDIDATE,1.36752316,1.208,61.0,131.77163
11295085,K07436.01,FALSE POSITIVE,2.49777454,5.241,78.7,133.7602628
11296724,K07437.01,CANDIDATE,1.9997244,1.976,85.1,131.93045
11350389,K07438.01,FALSE POSITIVE,1.51264208,1.871,23842.0,132.025984
11356602,K07439.01,FALSE POSITIVE,323.2575,17.26,286.8,191.3655
11358392,K07440.01,FALSE POSITIVE,0.984971822,1.64247,6683.5,132.402887
1433531,K06254.01,FALSE POSITIVE,567.71329,12.85,259.4,436.4746
1717528,K06255.01,FALSE POSITIVE,9.31392071,0.971,163.7,135.7783
1871483,K06256.01,CANDIDATE,14.137062,2.264,393.0,136.69826
2012722,K06257.01,FALSE POSITIVE,2.32539968,16.791,288.1,132.12985
2013883,K06258.01,FALSE POSITIVE,0.764597756,1.119,16.6,131.69552
2161949,K06259.01,CANDIDATE,4.78113942,2.733,105.8,131.7043
2161949,K06259.02,CANDIDATE,7.18864064,2.364,133.5,133.14566
2162994,K06260.01,FALSE POSITIVE,4.101595158,6.10362,366585.0,132.6324315
2167444,K06261.01,FALSE POSITIVE,2.43574046,22.25,6223.0,133.47404
4078693,K06386.01,FALSE POSITIVE,2.756536015,1.5908,3590.8,133.025652
4142768,K06387.01,FALSE POSITIVE,13.99585365,5.0308,19681.0,131.65924
4149684,K06388.01,FALSE POSITIVE,4.320850062,4.26661,75927.4,132.4183917
4150703,K06389.01,FALSE POSITIVE,8.6532378,2.974,126.0,134.3027
4157488,K06390.01,FALSE POSITIVE,5.197420145,6.78534,91307.3,132.5674705
4160669,K06391.01,FALSE POSITIVE,2.183517999,4.2703,1321.6,132.692938
4171955,K06392.01,FALSE POSITIVE,383.61248,12.263,619.3,254.3616
4174507,K06393.01,FALSE POSITIVE,1.945914237,2.8712,9880.5,133.042081
5083138,K06511.01,CANDIDATE,27.122801,5.255,234.7,141.9673
5083252,K06512.01,FALSE POSITIVE,2.500560859,7.5902,20.4,131.6761907
5087223,K06513.01,CANDIDATE,5.62241111,1.185,464.1,132.74702
5091075,K06514.01,FALSE POSITIVE,1.25625738,9.726,15.2,131.7577
5091614,K06515.01,FALSE POSITIVE,21.142458554,5.17846,73960.9,138.3916328
5092799,K06516.01,CANDIDATE,11.2901559,10.475,163.8,135.3964
5092799,K06516.02,CANDIDATE,28.24753303,13.2,,136.0869137
5094301,K06517.01,FALSE POSITIVE,0.99519559,2.293,13.7,132.4712
5983348,K06644.01,FALSE POSITIVE,25.150788449,7.72717,37582.6,150.345557
5990753,K06645.01,FALSE POSITIVE,7.21636091,2.218,384.7,133.88924
6019971,K06646.01,CANDIDATE,7.1356633,1.789,255.5,135.09646
6029130,K06647.01,FALSE POSITIVE,12.591656377,5.53385,302584.0,134.7421233
6035335,K06648.01,FALSE POSITIVE,1.044408447,3.633,46.2,132.31116
6041511,K06649.01,FALSE POSITIVE,0.97705114,2.33,20.1,132.1871
6042116,K06650.01,FALSE POSITIVE,5.407157086,5.8919,74653.3,136.5956575
6042663,K06651.01,FALSE POSITIVE,30.971766472,8.31171,228680.0,151.5322506
6044064,K06652.01,FALSE POSITIVE,5.06318803,13.8913,662677.0,133.707285
6859813,K06778.01,FALSE POSITIVE,10.88242209,5.51934,206811.0,132.6767451
6863840,K06779.01,FALSE POSITIVE,1.926366998,3.98088,399528.0,131.7468446
6864569,K06780.01,FALSE POSITIVE,2.325185422,7.2871,268.5,133.265218
6864706,K06781.01,CANDIDATE,14.5909249,1.591,146.9,142.72
6864859,K06782.01,FALSE POSITIVE,40.877841988,9.88456,256094.0,158.3207395
6867219,K06783.01,CANDIDATE,11.8496351,3.319,183.8,140.3663
6877673,K06784.01,FALSE POSITIVE,36.75892725,15.5723,261730.0,156.0924573
6877871,K06785.01,FALSE POSITIVE,0.536869783,4.164,221.7,131.84557
6878408,K06786.01,CANDIDATE,455.62395,13.07,1112.1,581.8806
7741048,K06911.01,FALSE POSITIVE,0.843400322,1.7606,43.7,131.57039
7751562,K06912.01,FALSE POSITIVE,17.042155208,7.80412,55165.0,142.4257555
7755741,K06913.01,FALSE POSITIVE,0.874236216,2.352,58.4,131.7986
7755741,K06913.02,CANDIDATE,1.75173647,5.122,68.4,132.2995
7769072,K06914.01,FALSE POSITIVE,0.60886299,1.27896,2019.5,132.0506751
7769815,K06915.01,FALSE POSITIVE,4.43529675,2.117,181.9,134.7488
7777365,K06916.01,FALSE POSITIVE,0.88512187,3.349,136.0,131.8821
7798259,K06917.01,FALSE POSITIVE,1.734221252,2.4577,289817.0,132.833439
8453191,K07043.01,FALSE POSITIVE,5.776764285,6.99715,153902.0,131.5421677
8453324,K07044.01,FALSE POSITIVE,1.26227317,3.30141,7342.5,132.0407385
8479107,K07045.01,FALSE POSITIVE,0.76757669,2.04757,157612.0,131.819082
8479386,K07046.01,FALSE POSITIVE,5.860377067,10.4634,361615.0,134.8440004
8488876,K07047.01,FALSE POSITIVE,5.801881299,4.21133,34469.8,136.9821453
8504570,K07048.01,FALSE POSITIVE,4.00770453,5.50884,168776.0,134.8009815
8509346,K07049.01,FALSE POSITIVE,6.099032889,4.82208,55374.3,135.5223947
8517433,K07050.01,FALSE POSITIVE,0.652956712,0.627,50.0,131.52361
9474222,K07177.01,FALSE POSITIVE,13.691790011,5.64674,97563.5,133.7914664
9474969,K07178.01,FALSE POSITIVE,21.570508432,13.8604,134176.0,151.7931354
9480398,K07179.01,CANDIDATE,407.14656,23.26,82.3,509.257
9490342,K07180.01,CANDIDATE,487.83894,32.77,453.3,606.1226
9509207,K07181.01,FALSE POSITIVE,14.199840087,5.98531,214604.0,135.748091
9513168,K07182.01,CANDIDATE,6.853888,2.561,653.8,136.5231
9520700,K07183.01,FALSE POSITIVE,2.136834989,4.34882,346183.0,133.617975
9529294,K07184.01,FALSE POSITIVE,2.51690133,2.521,59.6,133.49353
12116489,K00547.02,CANDIDATE,7.34672485,2.136,143.0,134.5155
10296163,K07309.01,FALSE POSITIVE,9.296746368,6.88069,213838.0,135.6856399
10330495,K07310.01,FALSE POSITIVE,18.060078203,11.5759,58975.4,138.611105
10332789,K07311.01,FALSE POSITIVE,18.74072534,5.19791,125477.0,135.2072208
10340228,K07312.01,FALSE POSITIVE,0.93371313,2.971,66.0,131.5534
10341787,K07313.01,FALSE POSITIVE,0.93373716,5.015,144.9,132.46828
10342097,K07314.01,FALSE POSITIVE,0.933735579,3.892,351.4,131.53509
10345862,K07315.01,FALSE POSITIVE,58.28819056,21.6014,156160.0,135.87642
10346522,K07316.01,FALSE POSITIVE,3.989144446,20.7947,630524.0,132.572437
10352603,K07317.01,FALSE POSITIVE,32.77897303,19.1378,410080.0,136.182037
11359305,K07441.01,FALSE POSITIVE,28.487107336,3.77887,37662.9,132.872485
11391181,K07442.01,FALSE POSITIVE,8.61733907,4.05563,185861.0,139.0692516
11401869,K07443.01,FALSE POSITIVE,2.16146908,3.643,84.8,131.8342
11409698,K07444.01,FALSE POSITIVE,10.26782676,6.02685,247175.0,139.1769796
11411639,K07445.01,CANDIDATE,6.933574,2.43,276.7,134.558
11455795,K07446.01,FALSE POSITIVE,1.057335679,1.5795,47337.0,131.792007
11457191,K07447.01,FALSE POSITIVE,1.149198426,4.1603,37721.0,131.817374
11462556,K07448.01,FALSE POSITIVE,2.50012775,28.2,49.9,131.5829
2283362,K06262.01,CANDIDATE,0.673141323,0.921,229.5,131.68751
2301068,K06263.01,CANDIDATE,8.60965352,2.218,63.2,134.38829
2305372,K06264.01,FALSE POSITIVE,1.40469182,6.26327,702439.0,131.552084
2306740,K06265.01,FALSE POSITIVE,10.306982793,11.4277,341790.0,143.7331641
2308957,K06266.01,FALSE POSITIVE,1.109841858,8.11952,300713.0,132.1655985
2422820,K06267.01,CANDIDATE,13.8911152,5.062,204.9,137.3481
2437452,K06268.01,FALSE POSITIVE,7.234965722,7.0245,164848.0,134.582307
2437804,K06269.01,FALSE POSITIVE,7.45301717,3.685,551.5,131.77618
2438061,K06270.01,FALSE POSITIVE,2.442941283,4.1847,37338.0,132.011468
4180396,K06394.01,FALSE POSITIVE,3.684337918,2.1931,76.7,132.61121
4245897,K06395.01,FALSE POSITIVE,11.2570616,29.059,690235.0,140.81576
4252226,K06396.01,FALSE POSITIVE,21.858963291,6.32492,117113.0,151.2628164
4261960,K06397.01,FALSE POSITIVE,1.461270059,16.467,3348.7,131.78154
4269252,K06398.01,FALSE POSITIVE,9.4022333,2.79,316.0,134.8876
4274071,K06399.01,CANDIDATE,6.76890076,3.616,123.1,133.07724
4281895,K06400.01,FALSE POSITIVE,9.543584955,3.72007,68184.5,137.7738831
4282390,K06401.01,CANDIDATE,1.96134311,11.856,207.8,132.30563
5095269,K06518.01,FALSE POSITIVE,18.611957253,4.24721,124833.0,133.8661994
5097278,K06519.01,FALSE POSITIVE,0.73240662,4.33,329.0,131.5735
5098757,K06520.01,FALSE POSITIVE,2.954598,24.79,337.8,134.3663
5111801,K06521.01,FALSE POSITIVE,0.562006231,3.496,14.2,132.0289
5112198,K06522.01,FALSE POSITIVE,3.21559054,16.261,202.4,133.5375
5113809,K06523.01,FALSE POSITIVE,1.547426532,16.1346,532.9,132.8859128
5115178,K06524.01,FALSE POSITIVE,12.851722103,5.71731,42518.6,132.8395131
5115379,K06525.01,FALSE POSITIVE,4.2055797,19.4,100.5,132.1233
5115688,K06526.01,CANDIDATE,486.77832,15.29,370.8,529.0865
6045093,K06653.01,CANDIDATE,28.2682167,1.355,197.0,135.5505
6046311,K06654.01,FALSE POSITIVE,0.957476003,0.6624,450.7,131.91263
6048106,K06655.01,FALSE POSITIVE,1.559360638,5.4458,280066.0,132.53955
6048255,K06656.01,FALSE POSITIVE,0.57627248,1.75,,132.0811
6057750,K06657.01,CANDIDATE,1.6037058,9.067,32.8,131.9529
6060580,K06658.01,FALSE POSITIVE,2.313367981,2.42645,13437.5,133.1999763
6063448,K06659.01,FALSE POSITIVE,76.01811375,13.4849,80671.0,139.943296
6066107,K06660.01,FALSE POSITIVE,0.82883944,1.83,,132.013443
8391983,K07884.01,CANDIDATE,0.70965042,1.318,223.4,131.97695
6890618,K06787.01,FALSE POSITIVE,1.574063832,5.6357,1118.1,133.05514
6925263,K06788.01,FALSE POSITIVE,2.51989935,1.55,147.2,133.7109
6927629,K06789.01,FALSE POSITIVE,3.867613816,5.36467,340908.0,135.3438766
6929016,K06790.01,FALSE POSITIVE,0.733726452,2.309,114.6,132.02005
6936977,K06791.01,FALSE POSITIVE,36.473115046,2.91005,161926.0,159.7666622
6939670,K06792.01,FALSE POSITIVE,4.238855579,5.2235,68002.0,135.201464
6947623,K06793.01,CANDIDATE,3.62657392,1.791,98.5,133.57658
6947837,K06794.01,FALSE POSITIVE,1.17033848,11.56,17.3,132.4153
6949550,K06795.01,FALSE POSITIVE,7.841066931,5.47901,342094.0,136.5883392
7811211,K06918.01,CANDIDATE,0.902403563,1.7129,4759.5,131.827273
7812893,K06919.01,CANDIDATE,8.7998722,1.153,270.3,136.37744
7816680,K06920.01,FALSE POSITIVE,4.292599454,4.73293,140032.0,131.7702811
7816935,K06921.01,CANDIDATE,6.87778029,3.199,124.0,133.04176
7838639,K06922.01,FALSE POSITIVE,2.113197701,3.46341,57315.5,132.3310213
7846730,K06923.01,FALSE POSITIVE,11.02822674,8.275,278035.0,136.96732
7847927,K06924.01,FALSE POSITIVE,70.37626987,6.4205,116050.0,151.228445
7868967,K06925.01,CANDIDATE,12.9489256,2.162,331.0,142.445
8526387,K07051.01,FALSE POSITIVE,0.772803664,1.368,290.2,131.70354
8543278,K07052.01,FALSE POSITIVE,7.549299761,2.46338,44575.7,135.0113297
8552500,K07053.01,FALSE POSITIVE,0.530972263,3.653,48.6,131.7212
8552540,K07054.01,FALSE POSITIVE,0.530967171,3.8102,378394.0,131.725385
8553788,K07055.01,FALSE POSITIVE,1.606163631,4.92516,144603.0,131.6342249
8553907,K07056.01,FALSE POSITIVE,42.032096076,11.6768,391261.0,133.581119
8559796,K07057.01,FALSE POSITIVE,0.619303759,6.6038,74.5,131.5539456
8559863,K07058.01,FALSE POSITIVE,22.470494368,7.39097,45979.0,143.284831
8489260,K07889.01,CANDIDATE,130.235324,5.678,750.1,218.2719
9529856,K07185.01,FALSE POSITIVE,37.482223878,4.81451,28976.8,155.8400132
9536048,K07186.01,FALSE POSITIVE,3.71186243,1.032,53.9,132.6486
9540450,K07187.01,FALSE POSITIVE,1.077358008,3.6713,311051.0,131.600551
9540675,K07188.01,FALSE POSITIVE,3.55643514,8.529,45.8,133.5696
9541163,K07189.01,FALSE POSITIVE,0.5366497,2.887,105.4,131.71771
9541567,K07190.01,FALSE POSITIVE,1.12284501,0.95,,131.671908
9569866,K07191.01,FALSE POSITIVE,1.480324075,3.20209,400007.0,131.7556963
9579192,K07192.01,FALSE POSITIVE,12.08353781,7.90317,43086.6,139.6155998
8540376,K07892.01,CONFIRMED,10.692115,4.657,408.4,141.116
10363300,K07318.01,FALSE POSITIVE,0.934926138,3.1925,131941.0,132.1779461
10388451,K07319.01,CANDIDATE,17.1677675,2.975,335.1,142.9943
10396708,K07320.01,CANDIDATE,8.50207749,3.057,117.3,132.36121
10407047,K07321.01,FALSE POSITIVE,0.93374699,6.168,172.1,131.52406
10407430,K07322.01,FALSE POSITIVE,0.933759404,3.491,114.9,131.50294
10407464,K07323.01,FALSE POSITIVE,0.93373711,3.151,12.9,131.5293
10417704,K07324.01,FALSE POSITIVE,3.0082548,2.38,,132.68976
10420279,K07325.01,FALSE POSITIVE,45.43324862,14.242,414352.0,159.870473
10422852,K07326.01,FALSE POSITIVE,1.398890216,4.9641,66012.0,132.16558
11495989,K07449.01,CANDIDATE,1.322475635,5.307,997.3,132.66777
11499757,K07450.01,FALSE POSITIVE,12.314402323,5.8903,393895.0,134.2520931
11501774,K07451.01,FALSE POSITIVE,0.691823991,5.965,165.9,131.57
11502172,K07452.01,FALSE POSITIVE,25.431861399,5.23771,46564.7,135.619194
11502179,K07453.01,FALSE POSITIVE,3.98855869,1.467,214.1,135.129
11506235,K07454.01,FALSE POSITIVE,20.413052415,4.4621,92672.5,140.0167643
11551652,K07455.01,CANDIDATE,3.773744,15.2,85.2,131.8309
11560382,K07456.01,FALSE POSITIVE,0.527679032,1.395,84.1,131.81119
11560431,K07457.01,FALSE POSITIVE,0.527673075,1.3693,26.1,131.8234533
2438062,K06271.01,FALSE POSITIVE,2.44295727,4.0656,15298.0,132.00292
2438517,K06272.01,FALSE POSITIVE,3.31587688,3.152,185.6,131.50648
2442084,K06273.01,FALSE POSITIVE,49.788613011,7.41807,219219.0,175.192714
2449245,K06274.01,CANDIDATE,18.1772927,4.703,213.1,145.8085
2450716,K06275.01,FALSE POSITIVE,1.38607973,8.7,64.6,131.5931
2557350,K06276.01,CANDIDATE,3.09872834,1.89,248.0,134.39281
2557430,K06277.01,FALSE POSITIVE,0.648868342,2.82428,34769.5,131.842892
2568971,K06278.01,FALSE POSITIVE,5.088582739,7.6066,448.9,134.055128
4284147,K06402.01,FALSE POSITIVE,1.1611022,2.48,,132.2174
4349935,K06403.01,FALSE POSITIVE,0.792023257,3.2604,176.6,131.92896
4352168,K06404.01,FALSE POSITIVE,10.643743766,6.29783,436506.0,134.9422857
4356621,K06405.01,FALSE POSITIVE,1.7317958,2.924,60.6,132.8964
4357985,K06406.01,FALSE POSITIVE,8.65298599,1.549,313.8,136.67132
4367544,K06407.01,FALSE POSITIVE,1.19563447,5.3934,8245.0,131.5506
4372410,K06408.01,FALSE POSITIVE,0.550537628,1.216,72.0,131.6623478
4372620,K06409.01,CANDIDATE,19.9310602,8.48,97.9,145.7465
4372961,K06410.01,FALSE POSITIVE,2.53470797,20.143,328.2,132.88117
5119143,K06527.01,FALSE POSITIVE,0.530799654,3.487,318.5,131.68727
5125048,K06528.01,FALSE POSITIVE,0.56818769,2.0,,132.06643
5126627,K06529.01,FALSE POSITIVE,1.0094779,3.72,,131.6463
5130890,K06530.01,FALSE POSITIVE,0.91057795,2.73,,131.5209695
5164794,K06531.01,FALSE POSITIVE,1.0429419,7.22,412.0,131.966
5171707,K06532.01,CANDIDATE,0.813998812,0.675,183.4,132.1244
5172274,K06533.01,FALSE POSITIVE,6.12650913,15.43,2434.0,133.2391
5174492,K06534.01,FALSE POSITIVE,0.720589427,4.329,70.0,131.9829699
6068947,K06661.01,FALSE POSITIVE,0.573036404,1.3176,4174.5,120.5159138
6103049,K06662.01,FALSE POSITIVE,0.643171495,2.31285,41160.0,131.8893076
6109688,K06663.01,FALSE POSITIVE,14.086776961,10.1279,106837.0,140.287018
6111011,K06664.01,CANDIDATE,14.7639145,3.14,162.5,133.532
6128141,K06665.01,FALSE POSITIVE,1.872620976,1.7626,1530.6,132.727701
6128245,K06666.01,CANDIDATE,1.118510435,1.111,72.7,131.60882
6131659,K06667.01,FALSE POSITIVE,17.527826808,5.78491,347519.0,144.5700534
6146838,K06668.01,FALSE POSITIVE,27.467217305,4.17961,71766.5,143.6727101
6950275,K06796.01,FALSE POSITIVE,40.879068,6.562,499.2,163.4056
6953219,K06797.01,FALSE POSITIVE,0.566802325,1.842,288.4,131.79626
6956176,K06798.01,CANDIDATE,2.64185268,1.76,149.8,131.9331
6962018,K06799.01,FALSE POSITIVE,0.634946497,2.40541,426554.0,132.074576
6965293,K06800.01,FALSE POSITIVE,5.077746556,3.1718,18836.7,134.63539
6967430,K06801.01,FALSE POSITIVE,2.00383703,3.473,42.3,132.8086
7009828,K06802.01,FALSE POSITIVE,5.321224925,7.48973,98872.1,135.125071
7025851,K06803.01,FALSE POSITIVE,2.340534383,4.43017,241360.0,132.74718
7870250,K06926.01,FALSE POSITIVE,0.580724809,1.82,64.2,131.72956
7871395,K06927.01,FALSE POSITIVE,501.07647447,3.21,,143.2445125
7885518,K06928.01,FALSE POSITIVE,1.72933255,3.631,29.7,132.5413
7885570,K06929.01,FALSE POSITIVE,1.729338354,6.8524,140158.0,132.536976
7886329,K06930.01,FALSE POSITIVE,0.567493852,1.35349,7984.0,131.9916219
7902204,K06931.01,CANDIDATE,2.54031121,1.83,173.3,133.77849
7919653,K06932.01,FALSE POSITIVE,2.105238039,5.23595,94675.0,132.675463
7938468,K06933.01,FALSE POSITIVE,7.226944171,23.0124,682175.0,136.163008
8560861,K07059.01,FALSE POSITIVE,31.973311701,13.2105,75053.7,133.867225
8565900,K07060.01,FALSE POSITIVE,1.64125844,4.51,,131.9294
8566113,K07061.01,CANDIDATE,1.371587993,12.901,456.1,131.80506
8569819,K07062.01,FALSE POSITIVE,20.849919614,13.7687,313094.0,137.5588347
8574270,K07063.01,FALSE POSITIVE,15.120212531,3.50007,24616.5,139.6966549
8581658,K07064.01,FALSE POSITIVE,3.481657589,4.75315,347012.0,134.1835162
8590527,K07065.01,FALSE POSITIVE,0.739769962,1.95901,20729.3,131.9671179
8604993,K07066.01,FALSE POSITIVE,6.570421193,4.4698,60118.0,134.01948
8608490,K07067.01,FALSE POSITIVE,0.541405029,2.7481,327656.0,131.933523
9579789,K07193.01,FALSE POSITIVE,2.17814186,1.988,127.7,132.02946
9581498,K07194.01,FALSE POSITIVE,10.54884842,1.17,,140.3874343
9588862,K07195.01,CANDIDATE,5.89773974,2.243,77.9,133.42423
9592855,K07196.01,FALSE POSITIVE,0.609662423,4.24033,140917.0,131.946514
9596064,K07197.01,CANDIDATE,1.74145041,1.712,370.6,132.0107
9596187,K07198.01,FALSE POSITIVE,0.953299962,1.69478,2236.6,131.699309
9596892,K07199.01,CANDIDATE,20.2944118,0.357,453.9,148.08554
9597095,K07200.01,FALSE POSITIVE,2.745640575,3.04508,45264.7,131.707795
10450504,K07327.01,CANDIDATE,17.9908273,1.436,660.0,141.92539
10454401,K07328.01,FALSE POSITIVE,12.180721266,4.15602,414950.0,139.3460044
10462826,K07329.01,FALSE POSITIVE,50.467024395,8.96181,103144.0,132.009484
10464199,K07330.01,CANDIDATE,198.11309,15.59,53.3,175.3243
10468514,K07331.01,FALSE POSITIVE,0.84986054,1.3875,6571.5,132.0547
10471113,K07332.01,FALSE POSITIVE,0.933728196,3.441,67.7,131.5336
10481054,K07333.01,FALSE POSITIVE,2.03742712,3.939,36.0,131.5592
10486425,K07334.01,FALSE POSITIVE,5.274819905,4.6688,108965.0,136.708908
11560447,K07458.01,FALSE POSITIVE,0.527678272,2.33166,247744.0,131.8133693
11601357,K07459.01,FALSE POSITIVE,3.55027051,1.879,212.7,133.7711
11602794,K07460.01,CANDIDATE,5.70509519,1.58,283.6,136.20183
11615481,K07461.01,FALSE POSITIVE,65.4317194,12.2384,153407.0,144.171343
11616200,K07462.01,FALSE POSITIVE,1.718649321,3.94095,190567.0,132.21092
11616631,K07463.01,FALSE POSITIVE,7.2949175,41.04,182.8,136.0798
11616663,K07464.01,FALSE POSITIVE,7.2935801,40.02,124.5,136.2546
11618798,K07465.01,FALSE POSITIVE,42.9261364,2.578,378.4,138.5107
2570505,K06279.01,FALSE POSITIVE,1.89129338,5.677,33.8,132.6698
2570767,K06280.01,FALSE POSITIVE,1.89124453,5.08,31.0,132.6958
2571075,K06281.01,FALSE POSITIVE,1.89134201,4.674,128.9,132.6744
2576692,K06282.01,FALSE POSITIVE,87.87826191,12.8138,339056.0,194.105106
2580872,K06283.01,FALSE POSITIVE,15.926632768,7.42888,271858.0,145.5519669
2583777,K06284.01,FALSE POSITIVE,0.958116585,2.3496,2374.1,132.052919
2693092,K06285.01,FALSE POSITIVE,39.841522897,8.79024,143685.0,168.1412318
2708156,K06286.01,FALSE POSITIVE,1.891268461,8.24958,641910.0,132.6833032
2708172,K06287.01,FALSE POSITIVE,1.89114441,8.724,49.9,132.7545
4375101,K06411.01,FALSE POSITIVE,61.25964956,12.1777,233258.0,140.698649
4380283,K06412.01,FALSE POSITIVE,0.872359598,3.74512,267053.0,132.0311474
4384793,K06413.01,FALSE POSITIVE,374.318792,5.96,1541400.0,431.5127
4445630,K06414.01,FALSE POSITIVE,5.627911313,7.08223,434329.0,133.1491782
4446411,K06415.01,FALSE POSITIVE,0.62927655,0.9698,839.5,132.015321
4454219,K06416.01,FALSE POSITIVE,1.22578134,2.235,99376.0,131.6062
4456622,K06417.01,FALSE POSITIVE,0.751408792,2.2974,17481.0,131.948266
4482738,K06418.01,FALSE POSITIVE,0.866344816,1.9188,233.6,132.06358
4484312,K06419.01,FALSE POSITIVE,2.24294107,2.532,39.4,133.47862
5174920,K06535.01,FALSE POSITIVE,0.950487062,2.9283,11.5,131.73468
5181455,K06536.01,FALSE POSITIVE,5.579631021,3.38646,118321.0,133.5534687
5193386,K06537.01,FALSE POSITIVE,21.37831102,21.7174,80571.0,157.804933
5193439,K06538.01,CANDIDATE,129.847318,13.057,198.4,240.6812
5196851,K06539.01,FALSE POSITIVE,0.541396363,2.384,181.0,131.5974
5199978,K06540.01,FALSE POSITIVE,0.550509602,1.1836,123.5,131.86731
5211470,K06541.01,FALSE POSITIVE,2.404293523,4.4649,8150.9,132.755943
5215508,K06542.01,CANDIDATE,0.8867443,3.16,,131.899639
6147573,K06669.01,FALSE POSITIVE,25.836831272,6.32201,145045.0,137.3641956
6152521,K06670.01,FALSE POSITIVE,0.94895231,3.952,57.7,131.85772
6185717,K06671.01,FALSE POSITIVE,11.702203927,2.75173,28998.7,139.4312652
6187508,K06672.01,CANDIDATE,2.28494301,1.01,161.8,132.92343
6205460,K06673.01,FALSE POSITIVE,3.722775537,14.3309,107594.0,136.515472
6206751,K06674.01,FALSE POSITIVE,1.245342215,4.40308,234086.0,132.220019
6207053,K06675.01,FALSE POSITIVE,0.604755462,1.3741,334.5,131.84831
6209225,K06676.01,CANDIDATE,439.21978,9.392,342.3,523.3139
6220470,K06677.01,FALSE POSITIVE,8.144135648,8.88876,87880.8,136.5054788
7031132,K06804.01,FALSE POSITIVE,0.566795196,2.18,14.8,131.80925
7031732,K06805.01,FALSE POSITIVE,0.566798827,3.662,34.9,131.81946
7031767,K06806.01,FALSE POSITIVE,0.56678012,3.257,27.6,131.8499
7031948,K06807.01,FALSE POSITIVE,0.566800113,3.315,104.0,131.81731
7031992,K06808.01,FALSE POSITIVE,0.56679293,3.814,101.1,131.83103
7032117,K06809.01,FALSE POSITIVE,0.566809491,3.156,69.5,131.79695
7032174,K06810.01,FALSE POSITIVE,0.566799218,4.227,18.2,131.81553
7032383,K06811.01,FALSE POSITIVE,0.566797404,4.109,69.4,131.83652
7939761,K06934.01,CANDIDATE,22.2548897,13.454,83.8,142.2563
7943535,K06935.01,FALSE POSITIVE,4.719336335,2.83787,12367.1,133.514832
7947631,K06936.01,FALSE POSITIVE,1.258274109,1.92467,14159.9,132.7042523
7950775,K06937.01,FALSE POSITIVE,8.966610607,4.01883,59618.5,138.5745618
7955301,K06938.01,FALSE POSITIVE,15.32763411,6.0662,17749.0,134.92291
7960295,K06939.01,FALSE POSITIVE,2.10413487,4.2269,321239.0,132.63638
7960547,K06940.01,FALSE POSITIVE,6.767341062,4.49213,244952.0,135.2655184
7967100,K06941.01,FALSE POSITIVE,1.92730001,18.812,6177.1,132.36067
8610483,K07068.01,FALSE POSITIVE,48.79936881,8.80873,324547.0,160.196299
8613446,K07069.01,CANDIDATE,1.01485981,1.65,243.0,131.6159
8618226,K07070.01,FALSE POSITIVE,5.882036054,5.16326,238518.0,131.7687637
8621026,K07071.01,FALSE POSITIVE,4.059428737,5.26926,245217.0,133.1885651
8624860,K07072.01,CANDIDATE,15.3902613,3.431,76.8,140.8602
8625408,K07073.01,CANDIDATE,279.036565,31.92,395.2,246.6289
8686442,K07074.01,CANDIDATE,26.8552365,2.185,194.2,146.688
8690001,K07075.01,FALSE POSITIVE,19.35954117,12.8464,386979.0,134.25201
8693536,K07076.01,CANDIDATE,16.2347636,4.2,115.5,139.9705
9597854,K07201.01,FALSE POSITIVE,1.287097944,1.94,106.1,132.37957
9602431,K07202.01,FALSE POSITIVE,3.5565617,6.691,68.0,133.522
9602538,K07203.01,FALSE POSITIVE,3.55646511,4.72,46.1,133.5549
9630640,K07204.01,FALSE POSITIVE,3.661895766,35.6374,35477.1,132.5316735
9635520,K07205.01,CANDIDATE,2.3518268,5.797,576.6,134.352
9635529,K07206.01,FALSE POSITIVE,2.35195525,5.98883,212828.0,131.9168815
9637299,K07207.01,FALSE POSITIVE,1.882438182,3.50695,344205.0,132.7396834
9639106,K07208.01,CANDIDATE,3.57944367,1.869,117.2,133.46198
9640123,K07209.01,CANDIDATE,8.2553499,3.959,54.5,135.17
10490960,K07335.01,FALSE POSITIVE,5.682410334,5.33373,220418.0,133.6376552
10491031,K07336.01,FALSE POSITIVE,2.199069234,6.30646,225250.0,133.0633498
10535807,K07337.01,FALSE POSITIVE,1.481655821,3.4913,59134.0,132.699429
10535858,K07338.01,FALSE POSITIVE,0.93370968,3.356,62.2,131.5714
10546063,K07339.01,CANDIDATE,10.6982275,3.198,246.0,140.6793
10547685,K07340.01,FALSE POSITIVE,1.388509353,2.84811,37637.5,131.786298
10549576,K07341.01,FALSE POSITIVE,9.089355023,6.4006,101478.0,139.083714
10552700,K07342.01,FALSE POSITIVE,0.94808587,8.03,229.8,131.93348
11619964,K07466.01,FALSE POSITIVE,10.368552685,4.37878,153233.0,132.718439
11650543,K07467.01,CANDIDATE,7.20558084,2.997,58.0,138.3055
11651105,K07468.01,FALSE POSITIVE,13.8602646,74.26,481.1,139.4033
11662440,K07469.01,FALSE POSITIVE,13.639480425,3.12422,81103.0,144.531439
11671646,K07470.01,CANDIDATE,392.50115,9.88,391.2,498.8298
11672354,K07471.01,CANDIDATE,5.29655591,3.93,135.4,131.8704
11704044,K07472.01,FALSE POSITIVE,6.882686062,5.47323,373662.0,134.052302
11706658,K07473.01,FALSE POSITIVE,1.407937865,1.585,50793.0,132.26921
2708445,K06288.01,FALSE POSITIVE,1.89117723,6.986,176.2,132.7285
2708614,K06289.01,FALSE POSITIVE,52.884577,7.892,11969.0,147.01058
2711114,K06290.01,FALSE POSITIVE,1.429439352,2.424,3367.1,132.74659
2716979,K06291.01,CANDIDATE,8.8324193,2.252,74.1,137.7004
2720354,K06292.01,FALSE POSITIVE,2.821328194,5.02692,64776.0,131.680097
2834463,K06293.01,CANDIDATE,5.88836941,1.05,119.9,136.02799
2852560,K06294.01,FALSE POSITIVE,11.961308501,4.6414,310679.0,131.9131819
2856960,K06295.01,FALSE POSITIVE,204.280255,37.2,10579.0,164.7235
4484356,K06420.01,FALSE POSITIVE,0.572079631,2.27811,127786.0,132.0189884
4489844,K06421.01,FALSE POSITIVE,0.822314545,3.3374,32.7,131.7125281
4540632,K06422.01,FALSE POSITIVE,31.005392846,3.073,560314.0,150.8616525
4544623,K06423.01,FALSE POSITIVE,2.189097,5.768,3001.0,132.0841
4565985,K06424.01,FALSE POSITIVE,17.51191534,5.678,728.8,134.39065
4567118,K06425.01,CANDIDATE,521.10826,18.36,244.7,189.5977
4569590,K06426.01,FALSE POSITIVE,41.3701638,29.254,6907.1,166.1673
4574310,K06427.01,FALSE POSITIVE,1.306220168,5.14519,481370.0,132.1122056
4575824,K06428.01,FALSE POSITIVE,631.632,16.13,295.1,239.8779
5216727,K06543.01,FALSE POSITIVE,0.756511623,2.81832,41596.1,131.9298652
5218014,K06544.01,FALSE POSITIVE,10.845286549,4.3876,7473.8,138.334343
5255552,K06545.01,FALSE POSITIVE,32.45541269,7.3736,136386.0,137.607894
5263167,K06546.01,CANDIDATE,3.39401963,2.984,98.4,134.37164
5266937,K06547.01,FALSE POSITIVE,5.917085496,23.7545,563292.0,132.900327
5269407,K06548.01,FALSE POSITIVE,0.958871144,2.74361,232350.0,131.6864267
5271803,K06549.01,FALSE POSITIVE,0.5402463,13.93,1148.0,131.5521
5272571,K06550.01,FALSE POSITIVE,1.288046428,3.637,32.3,132.00088
6228703,K06678.01,FALSE POSITIVE,4.200206781,5.21948,82364.4,134.6578
6231401,K06679.01,FALSE POSITIVE,6.091954982,3.60482,36700.0,137.5877592
6265961,K06680.01,CANDIDATE,5.52507406,2.565,61.5,135.15435
6279823,K06681.01,FALSE POSITIVE,485.52409,11.04,4147.0,307.5674
6283224,K06682.01,FALSE POSITIVE,0.76647343,2.46345,199901.0,132.034804
6285094,K06683.01,FALSE POSITIVE,5.2439783,10.1,93.5,132.6829
6285396,K06684.01,FALSE POSITIVE,5.2436639,10.53,93.5,132.6741
6285397,K06685.01,FALSE POSITIVE,5.2438269,8.235,128.6,132.6874
7032968,K06812.01,FALSE POSITIVE,0.56678702,3.074,7.5,131.849
7033713,K06813.01,FALSE POSITIVE,2.19642864,4.933,99.5,133.4945
7033748,K06814.01,FALSE POSITIVE,2.19635512,9.65516,266552.0,133.515028
7049486,K06815.01,FALSE POSITIVE,26.718417546,8.14155,72975.7,138.0518033
7050754,K06816.01,FALSE POSITIVE,0.615787196,3.067,110.6,131.71405
7090801,K06817.01,FALSE POSITIVE,548.08441,17.66,560.0,367.3828
7097571,K06818.01,FALSE POSITIVE,2.213964145,6.7598,123355.0,132.565776
7103300,K06819.01,CANDIDATE,3.226232203,0.4022,36.3,134.41924
7970629,K06942.01,FALSE POSITIVE,1.025534511,3.52048,110948.0,132.4990072
7970760,K06943.01,FALSE POSITIVE,7.64941291,6.56935,236246.0,132.1070518
7971389,K06944.01,FALSE POSITIVE,13.174807933,3.37392,71070.9,136.4631739
7976136,K06945.01,FALSE POSITIVE,0.655094658,6.159,372.0,131.78278
7976435,K06946.01,FALSE POSITIVE,3.33287187,7.13,,133.4408645
7985167,K06947.01,FALSE POSITIVE,0.692239369,2.91121,62962.0,131.584611
7987749,K06948.01,FALSE POSITIVE,17.030857558,4.24308,77832.4,145.542727
8007675,K06949.01,CANDIDATE,2.352446342,1.6802,32.5,131.9380482
8700506,K07077.01,FALSE POSITIVE,43.797829003,7.70289,415020.0,172.60192
8701327,K07078.01,FALSE POSITIVE,4.254417651,6.55436,294547.0,133.8376474
8711548,K07079.01,FALSE POSITIVE,18.778162159,8.1018,488408.0,149.6776416
8713828,K07080.01,FALSE POSITIVE,1.25451792,2.64,,131.7413568
8719897,K07081.01,FALSE POSITIVE,1.575710265,6.83787,173954.0,131.692741
8736245,K07082.01,FALSE POSITIVE,2.534740757,4.85013,364349.0,133.477837
8738115,K07083.01,FALSE POSITIVE,37.59406667,8.9943,28617.7,168.578815
8739209,K07084.01,FALSE POSITIVE,3.6972959,21.335,19.7,131.753
8746310,K07085.01,FALSE POSITIVE,6.855624762,3.02199,70873.0,136.0224296
9640921,K07210.01,FALSE POSITIVE,80.7060641,6.8899,11851.5,139.436835
9640921,K07210.02,FALSE POSITIVE,2.17814513,2.321,136.0,132.02979
9641031,K07211.01,FALSE POSITIVE,1.089077111,3.8834,304072.0,132.024245
9641103,K07212.01,FALSE POSITIVE,1.089057762,1.637,37.4,132.03859
9644411,K07213.01,FALSE POSITIVE,0.379412331,1.561,594.0,131.61159
9644683,K07214.01,FALSE POSITIVE,0.585940879,4.6979,1943.6,131.705742
9651602,K07215.01,CANDIDATE,3.90735046,2.896,109.3,133.7385
9652166,K07216.01,FALSE POSITIVE,0.646523404,3.917,25.2,131.6881
10556578,K07343.01,FALSE POSITIVE,0.626431697,2.0171,37224.0,131.899296
10583181,K07344.01,FALSE POSITIVE,2.696354974,5.39585,245988.0,132.9926416
10586619,K07345.01,CANDIDATE,377.501257,11.98,541.4,278.8375
10592163,K07346.01,FALSE POSITIVE,14.762889172,6.52705,79329.6,133.7747853
10597164,K07347.01,FALSE POSITIVE,4.5638537,13.05,71.9,133.2096
10601538,K07348.01,FALSE POSITIVE,1.463775066,0.953,45.1,132.80636
10601579,K07349.01,FALSE POSITIVE,8.098754149,5.62354,56616.3,134.775324
10613718,K07350.01,FALSE POSITIVE,0.587938916,1.40211,7339.5,132.057929
8557246,K07895.01,FALSE POSITIVE,246.87131,10.69,433.6,220.3739
11709022,K07474.01,FALSE POSITIVE,0.71957289,1.79,,131.98038
11724091,K07475.01,FALSE POSITIVE,1.559090282,4.95211,226981.0,131.7719964
11757422,K07476.01,FALSE POSITIVE,1.81993557,2.43,109.1,132.52714
11763910,K07477.01,FALSE POSITIVE,0.612888148,2.822,43.1,131.96372
11768970,K07478.01,FALSE POSITIVE,15.541358818,2.44433,10308.2,141.9557755
11773625,K07479.01,CANDIDATE,7.1969168,4.525,47.1,133.4145
11775530,K07480.01,FALSE POSITIVE,12.8177012,3.465,75.6,143.6091
11811454,K07481.01,FALSE POSITIVE,2.274628199,4.52648,103972.0,132.0170362
8560280,K07896.01,FALSE POSITIVE,85.338393,8.5,633.0,215.564
2860594,K06296.01,FALSE POSITIVE,5.499941793,11.3096,47751.3,132.816764
2860788,K06297.01,FALSE POSITIVE,2.629870555,6.606,101310.0,132.067717
2969638,K06298.01,FALSE POSITIVE,1.97362159,3.29,,131.90168
2970670,K06299.01,CANDIDATE,0.947554749,1.097,65.4,131.87955
2973509,K06300.01,FALSE POSITIVE,6.62761199,6.15281,227141.0,132.5466377
2994092,K06301.01,CANDIDATE,50.271927,6.073,574.5,160.466
2998124,K06302.01,FALSE POSITIVE,28.597880332,7.71925,85951.6,152.9842901
3098194,K06303.01,FALSE POSITIVE,30.476518853,10.2264,326626.0,136.972882
4578594,K06429.01,FALSE POSITIVE,252.1638623,23.92,103788.0,191.470778
4587448,K06430.01,FALSE POSITIVE,2.23416013,2.12,,131.7973
4633434,K06431.01,FALSE POSITIVE,22.271198511,4.58598,179042.0,134.7601462
4661634,K06432.01,FALSE POSITIVE,73.894163515,9.48995,213900.0,159.9005068
4665989,K06433.01,FALSE POSITIVE,1.124033822,5.5728,247561.0,131.62878
4671584,K06434.01,FALSE POSITIVE,2.796661168,3.3781,2363.8,134.032331
4678171,K06435.01,FALSE POSITIVE,15.288709179,5.00366,512474.0,132.8060911
4681152,K06436.01,FALSE POSITIVE,1.83592242,5.9942,30745.9,132.077813
4725292,K06437.01,FALSE POSITIVE,1.15495063,2.31,,132.34528
8297017,K07879.01,CANDIDATE,128.208643,2.745,212.2,230.1943
5282656,K06551.01,FALSE POSITIVE,1.516372183,1.239,93.8,131.83387
5284133,K06552.01,FALSE POSITIVE,8.784575777,5.3022,262984.0,134.6752148
5285607,K06553.01,FALSE POSITIVE,1.949700508,4.35014,38119.2,132.4267375
5286786,K06554.01,FALSE POSITIVE,9.948701373,3.2922,2749.5,138.55412
5288543,K06555.01,FALSE POSITIVE,3.457078812,5.24058,315517.0,131.8058069
5294739,K06556.01,FALSE POSITIVE,3.735993484,17.4877,617987.0,135.062493
5295206,K06557.01,CANDIDATE,6.63448023,3.603,71.2,137.0694
5298620,K06558.01,FALSE POSITIVE,12.4239677,16.01,162.4,141.676
5300878,K06559.01,FALSE POSITIVE,0.639721284,2.69771,465918.0,131.8546732
6292732,K06686.01,FALSE POSITIVE,1.25338826,3.828,44.7,132.6307
6307000,K06687.01,CANDIDATE,1.002591901,1.247,143.2,131.65849
6311637,K06688.01,FALSE POSITIVE,1.620813697,5.9968,121323.0,132.727367
6345758,K06689.01,CANDIDATE,3.37116682,4.708,71.4,132.0176
6364126,K06690.01,FALSE POSITIVE,5.2434664,18.47,119.4,132.7707
6364195,K06691.01,FALSE POSITIVE,5.2439542,9.82,143.8,132.6525
6364200,K06692.01,FALSE POSITIVE,5.2441517,9.69,90.1,132.6668
6364247,K06693.01,FALSE POSITIVE,5.2443332,11.268,29.9,132.6164
7105574,K06820.01,FALSE POSITIVE,20.726069913,6.47393,118864.0,143.201391
7115200,K06821.01,FALSE POSITIVE,0.566801447,2.352,16.2,131.79977
7115332,K06822.01,FALSE POSITIVE,0.566794934,4.399,68.9,131.84569
7115463,K06823.01,FALSE POSITIVE,0.566800287,3.487,73.9,131.815992
7115597,K06824.01,FALSE POSITIVE,0.566791946,2.77,125.7,131.8145
7115878,K06825.01,FALSE POSITIVE,0.566790294,3.641,64.0,131.83481
7116043,K06826.01,FALSE POSITIVE,0.566799725,4.097,46.7,131.8211
7116226,K06827.01,FALSE POSITIVE,0.566801325,4.176,92.1,131.82499
8008128,K06950.01,FALSE POSITIVE,14.854415674,5.13753,77410.4,136.5597829
8009500,K06951.01,FALSE POSITIVE,38.47674409,5.10744,173168.0,150.5742128
8013289,K06952.01,FALSE POSITIVE,10.643110689,88.1118,316.3,140.1691798
8016214,K06953.01,FALSE POSITIVE,1.587485742,7.7489,246568.0,132.138538
8016692,K06954.01,CANDIDATE,6.613671,4.211,32.8,136.4964
8027902,K06955.01,FALSE POSITIVE,1.79621807,10.16,47.0,131.54732
8039925,K06956.01,FALSE POSITIVE,20.2594232,19.27,82.6,141.4275
8042644,K06957.01,CANDIDATE,1.48062814,2.898,62.5,131.51535
8081389,K06958.01,FALSE POSITIVE,1.489442254,5.51392,417901.0,132.0042975
8750094,K07086.01,FALSE POSITIVE,1.12679793,12.079,227.2,132.2757
8758161,K07087.01,FALSE POSITIVE,0.998217563,3.90851,87567.2,131.8142317
8760760,K07088.01,CANDIDATE,2.68814059,1.12,145.2,132.66869
8767034,K07089.01,FALSE POSITIVE,0.58640848,2.616,61.3,131.55583
8773948,K07090.01,FALSE POSITIVE,33.46947449,11.8874,164608.0,154.008513
8784288,K07091.01,FALSE POSITIVE,1.827558898,4.72808,314683.0,132.26554
8804358,K07092.01,FALSE POSITIVE,62.519211,2.523,277.6,146.4454
8807057,K07093.01,CANDIDATE,97.991569,4.665,126.8,134.675
8508493,K07890.01,FALSE POSITIVE,349.85525,5.42,842.0,285.6453
9652632,K07217.01,FALSE POSITIVE,2.488812012,5.94523,131002.0,132.1282609
9655424,K07218.01,FALSE POSITIVE,0.51811818,0.3969,99.0,131.646
9657636,K07219.01,FALSE POSITIVE,542.52829,11.06,75.2,278.392
9658089,K07220.01,CANDIDATE,1.057080807,1.82,60.6,131.69304
9665503,K07221.01,FALSE POSITIVE,11.567974732,5.96595,416030.0,137.3409726
9673173,K07222.01,FALSE POSITIVE,21.294733865,7.60143,123177.0,147.0967696
9674320,K07223.01,CANDIDATE,317.062416,7.438,442.9,297.8371
9693803,K07224.01,CANDIDATE,13.4959496,2.085,253.6,142.1992
9711751,K07225.01,FALSE POSITIVE,0.855763492,3.64361,131660.0,132.351325
10619109,K07351.01,FALSE POSITIVE,2.045166206,6.84312,263637.0,132.3655682
10646620,K07352.01,FALSE POSITIVE,2.41349123,11.29,57.0,133.5687
10649230,K07353.01,FALSE POSITIVE,0.447820618,0.4199,58.3,131.833123
10659624,K07354.01,CANDIDATE,43.2675604,8.331,69.1,136.4574
10661913,K07355.01,FALSE POSITIVE,1.23133063,3.7,78.9,131.82495
10661976,K07356.01,FALSE POSITIVE,0.61566096,2.669,13.9,131.8348
10662021,K07357.01,FALSE POSITIVE,1.23140522,3.338,51.3,131.7715
10665228,K07358.01,CANDIDATE,11.3251153,2.126,297.2,137.2423
8560927,K07897.01,FALSE POSITIVE,31.9714488,8.52,42.9,133.8889
11817750,K07482.01,FALSE POSITIVE,9.762550001,4.87531,41579.9,131.671965
11825996,K07483.01,CANDIDATE,16.9163386,2.521,64.2,132.8922
11854636,K07484.01,CANDIDATE,37.0200232,1.421,581.0,131.8379
11855538,K07485.01,FALSE POSITIVE,2.521265,2.69,36.5,132.848
11858541,K07486.01,FALSE POSITIVE,5.674353343,4.17722,36484.5,135.7548264
11873166,K07487.01,FALSE POSITIVE,0.734426335,2.7415,99056.0,131.931739
11873171,K07488.01,FALSE POSITIVE,0.734426409,1.569,94.1,131.92972
11904704,K07489.01,CANDIDATE,0.565713361,0.954,86.4,131.66357
3102024,K06304.01,FALSE POSITIVE,13.782522208,8.27762,248937.0,139.480567
3110937,K06305.01,FALSE POSITIVE,1.89121656,5.14,66.8,132.7016
3115480,K06306.01,FALSE POSITIVE,3.693702974,3.37146,25208.0,135.194906
3120320,K06307.01,FALSE POSITIVE,10.265613245,5.67553,150465.0,136.4886955
3127817,K06308.01,FALSE POSITIVE,2.163569702,7.60963,54518.0,132.936317
3228740,K06309.01,FALSE POSITIVE,0.730956716,2.097,27.8,132.21412
3230206,K06310.01,FALSE POSITIVE,7.04715073,1.434,282.5,132.7471
3230227,K06311.01,FALSE POSITIVE,7.047106212,3.16223,69626.0,132.75015
4729553,K06438.01,FALSE POSITIVE,0.961292561,4.64294,325530.0,121.4629897
4736208,K06439.01,FALSE POSITIVE,63.68192888,12.6047,341717.0,167.547736
4737302,K06441.01,FALSE POSITIVE,9.455586047,8.42272,115171.0,133.670388
4739194,K06442.01,FALSE POSITIVE,1.246585716,4.62051,406770.0,132.0206985
4739565,K06443.01,FALSE POSITIVE,0.898932836,2.437,61.1,131.81613
4740688,K06444.01,FALSE POSITIVE,3.45423296,2.965,149.8,131.71294
4753988,K06445.01,FALSE POSITIVE,7.304451735,4.09326,143628.0,135.0252768
4757331,K06446.01,FALSE POSITIVE,1.181046137,2.6923,52609.0,132.122922
5301955,K06560.01,FALSE POSITIVE,0.68396452,1.3,,131.7130275
5306862,K06561.01,FALSE POSITIVE,2.025580416,4.48448,44998.1,131.864175
5307574,K06562.01,FALSE POSITIVE,58.64379,24.44,182.1,156.9092
5308778,K06563.01,FALSE POSITIVE,20.28281916,36.048,2797.5,137.05176
5310435,K06564.01,FALSE POSITIVE,4.931365987,14.7088,255953.0,133.153013
5343976,K06565.01,FALSE POSITIVE,4.331392455,3.7278,200403.0,134.7274476
5347537,K06566.01,FALSE POSITIVE,345.1846728,6.5468,29988.7,228.840845
5347784,K06567.01,FALSE POSITIVE,9.58405667,6.82752,119630.0,138.8710106
6364294,K06694.01,FALSE POSITIVE,5.2436612,11.39,88.3,132.7337
6367439,K06695.01,FALSE POSITIVE,3.7789374,10.767,56.0,132.1163
6367628,K06696.01,FALSE POSITIVE,1.88984957,19.45,249668.0,131.910944
6368222,K06697.01,CANDIDATE,82.97062172,8.22,,171.428214
6372268,K06698.01,CANDIDATE,5.22422449,4.56,,133.01192
6384840,K06699.01,FALSE POSITIVE,2.49904083,2.651,128.2,133.3698
6386784,K06700.01,FALSE POSITIVE,1.99567242,3.58,18.0,132.87321
6390236,K06701.01,FALSE POSITIVE,0.89879279,1.031,26.6,131.6716
6421188,K06702.01,FALSE POSITIVE,16.434352831,5.15682,45699.5,136.2884989
7116236,K06828.01,FALSE POSITIVE,0.566793818,4.929,100.3,131.8298
7117513,K06829.01,FALSE POSITIVE,0.566797474,2.708,98.8,131.8117
7117541,K06830.01,FALSE POSITIVE,1.585673651,3.20763,44116.4,132.013007
7118545,K06831.01,FALSE POSITIVE,14.797219157,7.61037,252699.0,144.6959608
7125636,K06832.01,FALSE POSITIVE,6.49066214,3.47128,195090.0,132.0676273
7128918,K06833.01,FALSE POSITIVE,7.11879848,4.11282,107665.0,137.1575204
7132015,K06834.01,FALSE POSITIVE,6.99510404,1.7556,71.8,136.6223392
7135549,K06835.01,CANDIDATE,22.50053441,7.44,,150.2171942
8088354,K06959.01,FALSE POSITIVE,2.897829967,3.17788,163091.0,132.6047388
8091197,K06960.01,CANDIDATE,4.88698386,1.127,125.4,132.8804
8094140,K06961.01,FALSE POSITIVE,0.706428634,1.75182,372128.0,132.1461749
8094221,K06962.01,FALSE POSITIVE,10.8632531,37.68,188.2,141.6569
8097825,K06963.01,FALSE POSITIVE,1.46842648,6.6666,150998.0,132.165432
8098300,K06964.01,FALSE POSITIVE,4.305917719,5.61993,361389.0,132.3501939
8098515,K06965.01,FALSE POSITIVE,1.28659726,3.53,,132.1114
8098960,K06966.01,CANDIDATE,8.47484677,2.067,217.8,138.47733
8104436,K06967.01,FALSE POSITIVE,2.535389624,2.902,418.1,133.38659
8815279,K07094.01,CANDIDATE,13.56092626,2.53,,142.642578
8822585,K07095.01,FALSE POSITIVE,1.627538928,5.583,39.0,131.91531
8823397,K07096.01,FALSE POSITIVE,1.506503686,5.02151,477104.0,132.9914262
8841616,K07097.01,FALSE POSITIVE,1.679585725,7.34648,101786.0,131.5600829
8845221,K07098.01,FALSE POSITIVE,5.40346248,7.6494,261346.0,133.7451943
8845552,K07099.01,CANDIDATE,34.0357766,3.849,386.6,138.9291
8848104,K07100.01,FALSE POSITIVE,0.824851807,1.93637,30099.2,131.6271509
8848115,K07101.01,FALSE POSITIVE,0.82484293,1.383,618.6,131.6424
8868657,K07102.01,FALSE POSITIVE,4.4473549,18.99,203.6,133.8362
9726452,K07226.01,CANDIDATE,42.48452259,4.16,,165.1372596
9762514,K07227.01,FALSE POSITIVE,7.51509713,2.62,187.1,138.09408
9762519,K07228.01,FALSE POSITIVE,7.51514595,3.54486,117463.0,138.0800379
9777062,K07229.01,FALSE POSITIVE,19.230038188,7.04412,266180.0,132.5814956
9786821,K07230.01,FALSE POSITIVE,21.120005744,2.05573,13054.3,150.128392
9790965,K07231.01,FALSE POSITIVE,0.82206761,3.8281,26189.8,132.243022
9790965,K07231.02,CANDIDATE,4.74701479,2.464,3622.0,133.33305
9811915,K07232.01,CANDIDATE,1.96682825,1.645,214.3,132.68632
9818732,K07233.01,FALSE POSITIVE,45.035589512,9.8341,404836.0,132.633531
10665749,K07359.01,CANDIDATE,4.237447181,0.3792,350.1,135.17679
10670112,K07360.01,CANDIDATE,4.0953585,44.35,226.8,135.7884
10680424,K07361.01,CANDIDATE,0.92623983,1.267,411.4,131.7203
10685175,K07362.01,FALSE POSITIVE,3.10197712,7.083,124.6,133.78902
10686876,K07363.01,FALSE POSITIVE,2.618414643,4.99923,200864.0,134.044367
10686930,K07364.01,FALSE POSITIVE,2.61844178,3.203,45.1,134.03782
10711913,K07365.01,FALSE POSITIVE,19.407958161,6.09676,142059.0,135.3915368
10732401,K07366.01,FALSE POSITIVE,0.933747375,5.974,198.9,131.5199
11906217,K07490.01,FALSE POSITIVE,37.910213899,3.11152,103474.0,162.458419
11913052,K07491.01,FALSE POSITIVE,3.74785307,3.444,145.9,134.17465
11913071,K07492.01,FALSE POSITIVE,3.747835042,5.28519,188923.0,134.1877331
11918482,K07493.01,FALSE POSITIVE,0.94754848,1.7347,11348.0,132.266431
11922648,K07494.01,FALSE POSITIVE,1.75643185,2.397,51.6,132.0575
11922782,K07495.01,FALSE POSITIVE,1.756466865,4.7781,188219.0,132.030299
11923819,K07496.01,FALSE POSITIVE,33.159475806,9.01353,222167.0,159.8126411
11959569,K07497.01,FALSE POSITIVE,46.14869106,19.092,349630.0,173.238091
11966557,K07498.01,FALSE POSITIVE,60.2976774,14.2561,315892.0,161.854691
5897826,K00126.02,CANDIDATE,0.875197345,0.052,0.0,131.8135915
3240158,K01106.03,CANDIDATE,13.2298203,3.566,157.8,134.3757
2837111,K01110.02,CANDIDATE,3.71840884,3.611,77.2,134.6575
3241619,K06312.01,FALSE POSITIVE,1.703347524,3.3039,504406.0,132.4680448
3241662,K06313.01,FALSE POSITIVE,1.70332915,1.663,98.5,132.47294
3245000,K06314.01,FALSE POSITIVE,20.413812,5.806,496.4,148.5092
3246867,K06315.01,CANDIDATE,5.32737192,2.226,107.7,133.27114
3247294,K06316.01,FALSE POSITIVE,67.41958542,7.645,182171.0,133.431122
3248332,K06317.01,FALSE POSITIVE,7.363572395,5.7545,129696.0,138.70442
3249334,K06318.01,CANDIDATE,5.90260586,1.832,337.7,136.35507
3323289,K06319.01,FALSE POSITIVE,33.693201537,7.44219,508772.0,158.866724
3324069,K06320.01,CANDIDATE,22.80265,19.34,53.1,132.9476
4758350,K06447.01,FALSE POSITIVE,1.120997701,11.243,145.6,131.48486
4758368,K06448.01,FALSE POSITIVE,1.874967748,10.0159,31525.9,132.701553
4760959,K06449.01,CANDIDATE,29.9315174,2.53,353.0,135.0082
4764969,K06450.01,CANDIDATE,0.602277579,2.38,34.6,131.5303
4768756,K06451.01,FALSE POSITIVE,2.40440112,5.49,27.1,133.1975
4769824,K06452.01,FALSE POSITIVE,21.926779,10.05,198.6,135.5453
4773155,K06453.01,FALSE POSITIVE,25.706001174,10.969,464960.0,156.644215
4830859,K06454.01,CANDIDATE,27.2173855,3.268,155.9,144.6728
4832273,K06455.01,FALSE POSITIVE,501.90703,12.43,306.9,205.619
5353938,K06568.01,CANDIDATE,6.27651592,1.973,166.0,136.18032
5359678,K06569.01,FALSE POSITIVE,3.115304946,4.88748,149524.0,133.1240488
5380812,K06570.01,CANDIDATE,16.214474,4.149,161.7,136.435
5385469,K06571.01,FALSE POSITIVE,12.422524,13.55,33.9,141.875
5385647,K06572.01,FALSE POSITIVE,12.4269264,21.826,126.6,141.4499
5385667,K06573.01,FALSE POSITIVE,12.4261809,29.09,92.2,141.5307
5388229,K06574.01,FALSE POSITIVE,0.61810542,6.666,12264.0,131.74488
5389184,K06575.01,FALSE POSITIVE,1.06995136,1.322,54.8,132.30469
6421483,K06703.01,FALSE POSITIVE,2.158398259,8.1633,93038.0,131.894054
6421937,K06704.01,FALSE POSITIVE,359.534371,24.205,5732.0,218.68613
6423922,K06705.01,CANDIDATE,0.9951412,5.588,101.7,131.5268
6428942,K06706.01,FALSE POSITIVE,534.86668,8.19,565.0,209.0227
6436505,K06707.01,CANDIDATE,43.535891,4.712,576.6,155.20055
6437993,K06708.01,FALSE POSITIVE,1.39797542,9.06,43.2,131.6767
6442246,K06709.01,FALSE POSITIVE,2.2127498,3.054,22.7,132.7452
6443392,K06710.01,FALSE POSITIVE,0.776976021,1.95401,21245.0,132.2745574
7137798,K06836.01,FALSE POSITIVE,2.25353739,5.74622,182828.0,132.486708
7177553,K06837.01,FALSE POSITIVE,17.99646148,4.65638,62755.2,139.5431461
7177892,K06838.01,FALSE POSITIVE,1.386249249,2.99104,47187.6,132.742206
7185487,K06839.01,FALSE POSITIVE,0.53482911,0.996,704.0,131.7369
7198648,K06840.01,FALSE POSITIVE,0.566799833,5.543,198.0,131.64094
7199935,K06841.01,FALSE POSITIVE,0.566795728,2.79,18.9,131.8148
7200102,K06842.01,FALSE POSITIVE,14.665759784,3.65814,336981.0,139.5741023
7200225,K06843.01,FALSE POSITIVE,0.566780836,4.937,60.9,131.8749
8488381,K07888.01,CANDIDATE,4.7368156,2.84,35.3,131.7876
8111622,K06968.01,FALSE POSITIVE,15.44605962,4.5963,330907.0,145.5341274
8112013,K06969.01,FALSE POSITIVE,1.790518325,3.34624,61541.9,132.9384734
8115647,K06970.01,CANDIDATE,40.7698541,2.997,239.8,158.86363
8120820,K06971.01,CANDIDATE,129.222771,7.272,445.3,255.1859
8123170,K06972.01,FALSE POSITIVE,1.03905082,3.035,43.8,132.5348
8123937,K06973.01,FALSE POSITIVE,0.503201954,0.167,43.0,131.78436
8128965,K06974.01,FALSE POSITIVE,7.140373046,7.07032,205256.0,138.008012
8129189,K06975.01,FALSE POSITIVE,53.647084859,19.9499,219095.0,152.97204
8878681,K07103.01,FALSE POSITIVE,2.496328637,2.73115,20527.0,132.2054088
8879427,K07104.01,FALSE POSITIVE,16.31328124,4.45731,71589.0,136.853981
8879915,K07105.01,FALSE POSITIVE,1.721313779,3.54768,534625.0,132.5318957
8881169,K07106.01,CANDIDATE,5.01880305,1.823,98.7,132.25191
8890996,K07107.01,FALSE POSITIVE,1.50650745,2.622,27.8,132.98683
8906676,K07108.01,FALSE POSITIVE,8.209514329,4.14104,141387.0,134.0632157
8938628,K07109.01,FALSE POSITIVE,3.431126546,2.7986,40248.0,133.593104
8940961,K07110.01,FALSE POSITIVE,1.583334941,4.4854,177074.0,132.377894
8953278,K07111.01,CANDIDATE,23.59919017,2.05,,134.2797605
9821078,K07234.01,FALSE POSITIVE,8.429438192,3.94306,456346.0,132.2922535
9821428,K07235.01,CANDIDATE,299.70688,15.39,230.7,360.3939
9837013,K07236.01,CANDIDATE,14.461834,7.156,80.2,137.2566
9848420,K07237.01,FALSE POSITIVE,7.9320191,8.18,125.1,136.4321
9850387,K07238.01,FALSE POSITIVE,1.374249107,5.3181,136655.0,131.662968
9850912,K07239.01,FALSE POSITIVE,8.4804737,6.157,337.0,135.834
9852050,K07240.01,FALSE POSITIVE,0.94242156,1.89,,132.1165604
9873869,K07241.01,FALSE POSITIVE,4.994773558,4.48893,259761.0,136.1744922
10736223,K07367.01,FALSE POSITIVE,1.105094098,4.38191,730498.0,132.5461998
10736489,K07368.01,CONFIRMED,6.842939,2.8,,137.0596
10743600,K07369.01,FALSE POSITIVE,0.8170226,2.974,167696.0,132.022858
10751908,K07370.01,CANDIDATE,4.48538145,2.297,168.1,135.29081
10753734,K07371.01,FALSE POSITIVE,19.40669392,5.27765,464521.0,149.807826
10794242,K07372.01,FALSE POSITIVE,7.143708297,5.83451,202685.0,137.8041949
10794405,K07373.01,FALSE POSITIVE,0.952377862,4.0869,2122.3,132.335117
10809677,K07374.01,FALSE POSITIVE,3.521050679,3.5323,4879.8,134.218545
10812541,K07375.01,CANDIDATE,4.84847245,0.874,554.7,131.90954
11967004,K07499.01,FALSE POSITIVE,1.941635737,2.46683,69814.1,133.1097354
11968490,K07500.01,FALSE POSITIVE,0.539445498,2.2821,25302.2,131.898299
11970288,K07501.01,FALSE POSITIVE,20.7106853,42.737,1003.0,134.03192
12004679,K07502.01,FALSE POSITIVE,2.521245368,4.24027,418375.0,132.8563627
12004680,K07503.01,FALSE POSITIVE,2.52122764,2.249,127.3,132.86973
12004689,K07504.01,FALSE POSITIVE,2.5212708,2.706,163.3,132.8596
12013615,K07505.01,FALSE POSITIVE,8.202869679,7.29811,345937.0,138.5109062
12016243,K07506.01,CANDIDATE,11.8436119,6.044,199.3,138.0037
12022517,K07507.01,FALSE POSITIVE,3.442714533,3.36034,60039.0,132.3912568
6307521,K01126.02,FALSE POSITIVE,475.91706,22.86,967.3,588.8926
7037540,K01347.02,FALSE POSITIVE,0.858285844,1.799,43.4,131.87904
11129738,K01427.02,CANDIDATE,4.88446644,2.057,221.0,135.24744
10028792,K01574.04,CANDIDATE,8.9772888,4.72,97.5,133.44748
4860678,K01602.02,CANDIDATE,3.03359398,4.026,95.6,133.08355
5531953,K01681.04,CANDIDATE,21.9139549,3.271,584.4,148.52144
4349442,K01803.03,FALSE POSITIVE,6.238315363,2.501,82.9,134.3054225
7765528,K01840.02,CANDIDATE,9.3888216,4.154,192.7,134.42144
3327980,K06321.01,FALSE POSITIVE,2.115510941,7.2877,415163.0,131.99122
3329643,K06322.01,FALSE POSITIVE,1.015044104,10.994,158.2,131.56407
3335816,K06323.01,FALSE POSITIVE,3.711013336,3.31024,24989.1,132.4882537
3337438,K06324.01,FALSE POSITIVE,2.97606298,4.124,72.2,132.9637
3337548,K06325.01,FALSE POSITIVE,2.97586085,4.513,105.9,133.0352
3339538,K06326.01,FALSE POSITIVE,14.658013949,3.03316,129645.0,140.4756141
3341934,K06327.01,FALSE POSITIVE,18.839487435,5.62797,182722.0,137.7695421
3343866,K06328.01,FALSE POSITIVE,0.555973803,1.271,75.3,131.96589
4839180,K06456.01,FALSE POSITIVE,4.426344495,5.84235,276139.0,134.231165
4840263,K06457.01,FALSE POSITIVE,0.957823876,3.7232,104692.0,132.414882
4840818,K06458.01,FALSE POSITIVE,5.024768971,3.82433,53046.4,133.120142
4847832,K06459.01,FALSE POSITIVE,30.960216668,15.4308,340408.0,156.1595497
4851217,K06460.01,FALSE POSITIVE,2.470283788,7.8391,193828.0,133.251861
4851338,K06461.01,FALSE POSITIVE,1.23516416,4.713,64.6,131.99301
4851356,K06462.01,FALSE POSITIVE,1.23513471,5.44,42.8,132.0046
4862332,K06463.01,FALSE POSITIVE,0.8903331,2.643,134.1,131.5337
4862625,K06464.01,FALSE POSITIVE,20.000242814,5.0042,13137.9,134.82021
5393558,K06576.01,FALSE POSITIVE,10.217121652,4.35647,205223.0,137.2457336
5397905,K06577.01,FALSE POSITIVE,0.618060842,1.892,25.1,131.63533
5444392,K06578.01,FALSE POSITIVE,0.759764419,5.72501,393266.0,131.7927631
5456979,K06579.01,CANDIDATE,2.6528082,2.297,153.1,131.5439
5460835,K06580.01,FALSE POSITIVE,21.539269242,5.32432,143753.0,144.1542761
5462901,K06581.01,FALSE POSITIVE,5.270733213,2.7822,293637.0,136.180853
5466109,K06582.01,CANDIDATE,2.43135542,1.401,123.6,133.92077
5471010,K06583.01,FALSE POSITIVE,12.4232158,17.67,261.5,141.7294
6447326,K06711.01,FALSE POSITIVE,4.3206933,50.68,147.9,131.8905
6448768,K06712.01,FALSE POSITIVE,16.486796364,7.06797,48942.8,131.6041706
6449291,K06713.01,FALSE POSITIVE,5.7768734,5.762,71.0,133.6218
6449552,K06714.01,FALSE POSITIVE,20.148807707,8.52557,526949.0,135.8116283
6452742,K06715.01,FALSE POSITIVE,0.687772143,2.56725,40368.3,131.8669185
6464285,K06716.01,FALSE POSITIVE,0.843651274,2.80468,305452.0,131.9478111
6466939,K06717.01,FALSE POSITIVE,1.142946648,3.40234,412554.0,131.9010021
6468938,K06718.01,FALSE POSITIVE,7.217010987,4.4215,78713.8,135.4523674
8429014,K07885.01,FALSE POSITIVE,9.72869627,5.628,252.2,140.71571
7200301,K06844.01,FALSE POSITIVE,0.566791802,2.2,49.3,131.81736
7203179,K06845.01,FALSE POSITIVE,2.245738777,8.61629,483487.0,133.2650421
7203194,K06846.01,FALSE POSITIVE,2.24572117,3.88,48.2,133.26678
7204073,K06847.01,FALSE POSITIVE,0.566801906,1.626,89.7,131.79673
7212722,K06848.01,FALSE POSITIVE,2.316171991,4.03025,251484.0,132.311636
7217088,K06849.01,CANDIDATE,12.54474243,1.24,263.1,139.58304
7280953,K06850.01,FALSE POSITIVE,0.56680208,1.22,,131.7056
7281217,K06851.01,FALSE POSITIVE,0.566810701,6.19,200.0,131.80761
7281229,K06852.01,FALSE POSITIVE,0.566813319,3.752,129.1,131.78768
8143170,K06976.01,FALSE POSITIVE,28.787257509,13.953,49618.4,137.094192
8145789,K06977.01,FALSE POSITIVE,0.835315046,2.45449,16876.4,131.9570817
8145958,K06978.01,CANDIDATE,3.07551068,1.683,46.1,134.46857
8155584,K06979.01,FALSE POSITIVE,26.0164225,4.1768,41109.0,157.37769
8155654,K06980.01,CANDIDATE,6.29340543,3.024,96.4,133.8686
8158324,K06981.01,FALSE POSITIVE,593.19521,25.65,227.3,333.732
8162376,K06982.01,FALSE POSITIVE,0.706430188,1.301,50.8,132.14208
8167504,K06983.01,CANDIDATE,7.7021729,3.987,74.6,138.4181
8953281,K07112.01,FALSE POSITIVE,0.78430061,2.952,254.7,132.23164
8953426,K07113.01,FALSE POSITIVE,2.665875491,7.59461,161389.0,131.6187983
8953475,K07114.01,FALSE POSITIVE,2.6658312,5.771,40.8,131.627
8957572,K07115.01,FALSE POSITIVE,1.5765874,15.18,29.2,132.4469
8958811,K07116.01,CANDIDATE,2.52557582,2.32,35.4,133.06586
8958939,K07117.01,CANDIDATE,8.2927558,4.784,103.3,135.0352
8958939,K07117.02,CANDIDATE,22.786522,2.197,228.3,153.2108
8973000,K07118.01,FALSE POSITIVE,28.027891356,17.3269,243231.0,158.348172
9881258,K07242.01,FALSE POSITIVE,2.028512246,5.00309,121562.0,132.8392103
9899153,K07243.01,FALSE POSITIVE,1.33256167,3.743,59.5,132.0567
9899193,K07244.01,FALSE POSITIVE,1.332567821,3.4844,31.0,132.0544581
9899410,K07245.01,FALSE POSITIVE,1.332545609,3.997,278.2,132.05755
9899421,K07246.01,FALSE POSITIVE,1.33256256,3.088,174.9,132.04698
9899577,K07247.01,FALSE POSITIVE,1.33258981,3.987,78.4,132.0364
9899583,K07248.01,FALSE POSITIVE,1.33258375,4.081,60.9,132.0362
9906489,K07249.01,FALSE POSITIVE,8.9648813,61.23,454.5,137.5394
10815677,K07376.01,CANDIDATE,1.284241817,1.965,166.5,132.65223
10816107,K07377.01,FALSE POSITIVE,2.161583501,4.0537,50163.0,131.80273
10843431,K07378.01,CONFIRMED,8.7396758,3.866,1431.0,136.5829
10847907,K07379.01,FALSE POSITIVE,0.535493486,2.57,54.0,131.743209
10848097,K07380.01,CANDIDATE,15.9474242,1.127,191.7,137.49449
10849244,K07381.01,FALSE POSITIVE,24.261683827,7.1617,192283.0,147.2417593
10857589,K07382.01,FALSE POSITIVE,32.532521502,13.3991,83468.4,147.077355
10866969,K07383.01,CANDIDATE,50.0122,3.426,210.4,153.9789
12022718,K07508.01,FALSE POSITIVE,4.627775175,3.4079,5675.1,133.390355
12053823,K07509.01,FALSE POSITIVE,28.7850347,2.102,102.9,145.7978
12067960,K07510.01,CANDIDATE,5.60682001,2.714,150.7,135.84466
12071006,K07511.01,FALSE POSITIVE,6.096030635,18.4531,901661.0,135.0308909
12105785,K07512.01,FALSE POSITIVE,31.953038766,8.0461,17703.4,142.708054
12106875,K07513.01,FALSE POSITIVE,5.9371708,4.954,157.1,135.957
12157983,K07514.01,FALSE POSITIVE,0.577844035,4.291,320.4,131.88058
12164751,K07515.01,FALSE POSITIVE,2.630090609,13.6817,516932.0,132.224741
12217907,K07516.01,FALSE POSITIVE,43.204596783,15.0402,202488.0,146.5978539
10028352,K01957.02,FALSE POSITIVE,1.75147897,7.89,76.7,132.47509
6307083,K02050.02,CANDIDATE,3.17796408,0.542,47.7,134.35285
7620413,K02103.02,CANDIDATE,3.66520844,3.308,65.8,131.50911
11705004,K02199.02,CANDIDATE,3.05293416,2.155,227.5,132.96692
2854181,K02232.02,CANDIDATE,12.834857,2.092,293.9,134.37229
5978559,K02321.02,CANDIDATE,36.2530992,4.73,152.1,142.0377
8838950,K02421.02,CANDIDATE,4.02321842,2.162,81.2,135.41629
6867555,K02439.02,CANDIDATE,7.5017934,4.271,134.8,138.8271
12208631,K02449.02,CANDIDATE,0.912351255,1.072,111.8,131.59612
3346543,K06329.01,CANDIDATE,12.4701111,3.616,89.7,143.7236
3352751,K06330.01,FALSE POSITIVE,3.495457889,6.9796,114625.0,132.083941
3356193,K06331.01,CANDIDATE,5.8229815,2.8,281.6,133.999
3427776,K06332.01,FALSE POSITIVE,4.01668015,2.2828,38007.0,134.240703
3437739,K06333.01,FALSE POSITIVE,1.89134156,5.891,68.4,132.6518
3440230,K06334.01,FALSE POSITIVE,2.881100027,9.43866,662832.0,134.238752
3441340,K06335.01,FALSE POSITIVE,0.806277023,7.275,70.8,131.78567
3448323,K06336.01,FALSE POSITIVE,0.513482156,2.732,91.6,131.75477
4862625,K06464.02,FALSE POSITIVE,225.66716,16.6,342.9,195.6621
4863369,K06465.01,FALSE POSITIVE,4.24748886,3.053,121.0,132.0562
4863753,K06466.01,FALSE POSITIVE,1.000012952,1.221,36.0,131.7614
4902030,K06467.01,FALSE POSITIVE,0.878803439,2.74503,410723.0,132.267269
4908495,K06468.01,FALSE POSITIVE,1.560158562,3.4248,240156.0,132.368518
4912589,K06469.01,FALSE POSITIVE,34.188302705,3.01179,118440.0,132.1423013
4914709,K06470.01,FALSE POSITIVE,8.65303996,1.091,497.0,136.66798
4914737,K06471.01,FALSE POSITIVE,8.65311903,1.273,206.8,134.30128
5471141,K06584.01,FALSE POSITIVE,12.4253812,19.781,115.3,141.5493
5471328,K06585.01,FALSE POSITIVE,12.42555999,28.083,2964.8,133.96829
5471415,K06586.01,FALSE POSITIVE,12.4257442,29.122,936.0,141.52382
5471480,K06587.01,FALSE POSITIVE,12.4254241,24.98,378.9,141.5418
5475712,K06588.01,FALSE POSITIVE,2.991884392,7.5583,123880.0,134.175892
5479973,K06589.01,FALSE POSITIVE,1.795273026,7.3232,125416.0,131.870391
5513822,K06590.01,FALSE POSITIVE,0.755109271,2.619,23.2,131.81838
5513833,K06591.01,FALSE POSITIVE,0.755101141,3.371,76.7,131.8211
6471229,K06719.01,FALSE POSITIVE,1.75251585,3.489,125.9,132.7544
6471230,K06720.01,FALSE POSITIVE,1.752450163,3.0255,55.5,132.8015023
6521174,K06721.01,FALSE POSITIVE,8.27923132,2.355,164.9,133.81711
6521542,K06722.01,FALSE POSITIVE,2.212877035,4.66961,376200.0,132.682428
6522353,K06723.01,FALSE POSITIVE,0.845097627,1.873,86.5,132.12136
6522750,K06724.01,FALSE POSITIVE,17.445640466,6.08966,334158.0,135.7462627
6523216,K06725.01,FALSE POSITIVE,14.313157391,8.90236,21566.9,138.2205171
6531485,K06726.01,FALSE POSITIVE,0.676990194,1.69459,20505.9,131.8017098
6531801,K06727.01,FALSE POSITIVE,0.515875396,1.21,1773.0,131.7013
7281356,K06853.01,FALSE POSITIVE,2.83401711,5.938,84.2,133.5005
7281399,K06854.01,FALSE POSITIVE,0.566803996,3.399,141.6,131.80782
7281410,K06855.01,FALSE POSITIVE,0.56681118,2.06,,131.7883893
7281616,K06856.01,FALSE POSITIVE,0.566799927,4.71,145.1,131.83464
7281699,K06857.01,FALSE POSITIVE,0.566786121,3.404,81.8,131.8363
7282008,K06858.01,FALSE POSITIVE,0.56679797,4.503,72.6,131.841
7285616,K06859.01,FALSE POSITIVE,0.566802891,1.861,49.2,131.79487
7335514,K06860.01,CANDIDATE,0.576732089,1.856,35.4,132.07378
8178616,K06984.01,FALSE POSITIVE,1.01884975,3.233,30.9,132.0857
8180290,K06985.01,CANDIDATE,10.9279755,2.486,71.5,139.9174
8183389,K06986.01,FALSE POSITIVE,32.440339204,4.50984,287602.0,142.2555263
8192861,K06987.01,FALSE POSITIVE,0.552141897,4.985,105.6,131.77199
8193315,K06988.01,FALSE POSITIVE,2.62387291,4.61248,232468.0,134.0049825
8195877,K06989.01,FALSE POSITIVE,0.75509861,2.6423,60334.0,131.962107
8196180,K06990.01,FALSE POSITIVE,3.671661096,4.29947,129243.0,132.0909174
8210721,K06991.01,FALSE POSITIVE,22.673145675,6.6324,65410.8,138.145641
8977176,K07119.01,FALSE POSITIVE,0.50948306,3.14,74.6,132.0386
9001468,K07120.01,FALSE POSITIVE,17.329965871,8.43812,252721.0,142.727156
9005854,K07121.01,FALSE POSITIVE,1.890227354,3.855,112262.0,131.678589
9007918,K07122.01,FALSE POSITIVE,1.387206724,3.82527,151432.0,132.8469146
9007953,K07123.01,FALSE POSITIVE,1.38718209,2.595,45.5,132.8579
9024857,K07124.01,FALSE POSITIVE,35.026564845,2.90121,120249.0,160.6019871
9025739,K07125.01,CANDIDATE,7.918267,3.478,83.7,134.1991
9029486,K07126.01,FALSE POSITIVE,3.138580493,4.16343,233337.0,132.330622
9906802,K07250.01,FALSE POSITIVE,9.26147679,1.77,,135.1085808
9906841,K07251.01,FALSE POSITIVE,581.0723,15.81,1364.2,371.0249
9909965,K07252.01,CANDIDATE,10.2170589,2.259,121.3,139.1299
9913481,K07253.01,FALSE POSITIVE,3.50474265,8.2852,88625.0,133.319536
9913798,K07254.01,FALSE POSITIVE,2.14344093,3.9741,133317.0,133.497247
9932197,K07255.01,CANDIDATE,86.95432088,12.11,,187.7282221
9934208,K07256.01,FALSE POSITIVE,9.058487716,4.14334,127971.0,137.3378842
9936698,K07257.01,FALSE POSITIVE,2.856085147,4.5776,173843.0,133.39298
10867017,K07384.01,FALSE POSITIVE,0.876941133,1.296,73.5,132.26899
10909274,K07385.01,FALSE POSITIVE,39.238141571,6.07183,439208.0,148.651652
10920813,K07386.01,FALSE POSITIVE,53.7406575,47.2475,116722.0,209.294733
10923260,K07387.01,FALSE POSITIVE,7.436016459,4.16284,106527.0,136.518226
10924400,K07388.01,FALSE POSITIVE,0.750737313,1.712,38.8,131.82143
10932270,K07389.01,CANDIDATE,27.5837778,1.516,202.5,142.9808
10936427,K07390.01,FALSE POSITIVE,14.361021578,13.2895,459877.0,138.842986
10937609,K07391.01,FALSE POSITIVE,2.570431263,5.49699,76826.0,133.189517
10965963,K07392.01,FALSE POSITIVE,6.64024496,6.03491,224329.0,132.775862
12251779,K07517.01,FALSE POSITIVE,14.844240386,6.83577,83412.4,134.2337694
12268220,K07518.01,FALSE POSITIVE,4.42158021,10.4532,61032.0,134.395447
12302391,K07519.01,FALSE POSITIVE,25.321698729,4.45367,119590.0,139.687525
12304728,K07520.01,CANDIDATE,3.14735789,3.643,51.8,133.3871
12306808,K07521.01,FALSE POSITIVE,37.878483588,10.5972,222232.0,138.128618
12351927,K07522.01,FALSE POSITIVE,10.116144515,2.70314,58143.5,139.9824969
12353633,K07523.01,FALSE POSITIVE,0.684496369,2.263,28.4,131.92125
12353720,K07524.01,FALSE POSITIVE,1.953285321,1.67598,1520.3,133.1432
8565912,K07898.01,FALSE POSITIVE,1.012174295,4.6617,323029.0,131.90835
7778767,K02523.02,CANDIDATE,2.61090223,1.976,222.5,133.25501
9026749,K02564.02,CANDIDATE,17.6637979,6.194,67.9,144.239
10916600,K02623.02,CANDIDATE,4.02664625,3.771,30.0,134.3954
6198182,K02636.02,CANDIDATE,5.1777226,8.275,41.7,133.5044
5695396,K00283.03,CANDIDATE,9.48814747,1.163,47.9,139.17907
6964929,K02756.02,CANDIDATE,5.06993245,3.241,93.6,135.836
2853828,K02896.02,FALSE POSITIVE,346.36642,14.94,148.2,365.2864
7008149,K02918.02,FALSE POSITIVE,0.51554111,0.87,,131.6708765
3458919,K06337.01,FALSE POSITIVE,0.892061734,2.24307,75590.0,131.815603
3542573,K06338.01,FALSE POSITIVE,3.471399214,5.07707,92284.9,133.7510303
3543270,K06339.01,FALSE POSITIVE,4.176929219,5.2003,70355.0,133.197382
3544678,K06340.01,FALSE POSITIVE,6.3762199,2.24,,134.9584
3545626,K06341.01,CANDIDATE,9.78184193,2.3,,132.3447759
3547178,K06342.01,CANDIDATE,8.1770751,4.608,44.3,136.8217
3548622,K06343.01,CANDIDATE,569.45051,9.63,425.4,143.4648
3556742,K06344.01,FALSE POSITIVE,0.823014905,3.5426,850.5,132.160787
4917014,K06472.01,FALSE POSITIVE,0.796815149,1.0727,55.9,131.9743416
4931073,K06473.01,FALSE POSITIVE,26.951237675,8.27486,86749.2,150.923211
4932691,K06474.01,FALSE POSITIVE,18.11208877,6.7828,116633.0,134.713916
4939265,K06475.01,CANDIDATE,4.84505985,2.078,298.4,134.94868
4940201,K06476.01,FALSE POSITIVE,4.408295716,3.62479,37964.0,134.280413
4946680,K06477.01,FALSE POSITIVE,8.665259912,3.1088,1840.6,132.216249
4947726,K06478.01,FALSE POSITIVE,4.726086185,4.39793,181820.0,132.9230889
4948863,K06479.01,FALSE POSITIVE,8.643550046,3.1273,67298.6,139.8333977
8308516,K07880.01,CANDIDATE,623.70774,6.688,250.9,303.3588
5529501,K06592.01,FALSE POSITIVE,1.51945182,2.95,13.7,132.5975
5529560,K06593.01,FALSE POSITIVE,0.759755409,2.734,70.0,131.79602
5530881,K06594.01,FALSE POSITIVE,5.082523739,5.04732,276277.0,132.9614122
5534476,K06595.01,FALSE POSITIVE,1.02547271,1.996,27.0,131.6002
5534702,K06596.01,FALSE POSITIVE,1.025465924,3.71841,152685.0,131.6091403
5535280,K06597.01,FALSE POSITIVE,74.985292949,6.23451,105346.0,146.1390004
5552808,K06598.01,CANDIDATE,10.95210361,1.5,,132.6922455
5553624,K06599.01,FALSE POSITIVE,25.762056721,14.8694,447716.0,139.7346639
5564082,K06600.01,CANDIDATE,2.70581614,6.56,46.9,132.53726
6543682,K06728.01,FALSE POSITIVE,1.195516859,6.17216,513813.0,132.302869
6545018,K06729.01,FALSE POSITIVE,1.995728294,6.43532,251876.0,132.839699
6548447,K06730.01,FALSE POSITIVE,10.768391927,12.5252,107382.0,137.679347
6551106,K06731.01,CANDIDATE,3.84615171,2.24,137.1,133.3817
6584167,K06732.01,FALSE POSITIVE,0.733724504,2.208,45.9,132.02461
6584278,K06733.01,CANDIDATE,1.28940823,3.652,32.1,132.0764
6590726,K06734.01,CANDIDATE,498.27269,8.92,534.0,146.1528
6591789,K06735.01,FALSE POSITIVE,5.08840787,4.77204,386682.0,134.3553111
6593363,K06736.01,FALSE POSITIVE,18.527824075,5.88678,76231.1,139.2576071
7336754,K06861.01,FALSE POSITIVE,12.155241119,6.84353,85531.5,133.7671874
7345335,K06862.01,CANDIDATE,11.0495766,2.13,102.8,138.535
7350067,K06863.01,CONFIRMED,4.48559215,0.8161,2265.0,135.43172
7362534,K06864.01,FALSE POSITIVE,0.566789763,4.008,25.4,131.81846
7362632,K06865.01,FALSE POSITIVE,0.566811926,4.181,82.6,131.79708
7365447,K06866.01,FALSE POSITIVE,2.525386934,3.71613,124878.0,133.913493
7366036,K06867.01,FALSE POSITIVE,0.566801506,1.738,29.5,131.7969
7366065,K06868.01,FALSE POSITIVE,0.566803738,1.8481,100.6,131.79343
8211521,K06992.01,FALSE POSITIVE,1.69421771,4.161,91.1,132.006
8227086,K06993.01,CANDIDATE,13.8086331,3.613,207.1,141.604
8227464,K06994.01,CANDIDATE,4.25907841,4.513,28.1,135.5815
8229048,K06995.01,FALSE POSITIVE,2.739477089,3.18229,32096.1,131.930634
8231877,K06996.01,FALSE POSITIVE,1.307761491,2.22271,13941.0,131.777769
8234477,K06997.01,FALSE POSITIVE,4.028671454,8.12253,113967.0,133.9542149
8240109,K06998.01,FALSE POSITIVE,2.30118753,7.8216,87537.0,132.193218
8240861,K06999.01,FALSE POSITIVE,0.449249224,4.7565,419437.0,1472.522306
9049010,K07127.01,FALSE POSITIVE,0.687004402,3.829,93.7,131.86316
9083503,K07128.01,FALSE POSITIVE,0.91839938,4.479,152.1,131.6132
9085039,K07129.01,CANDIDATE,64.1983721,0.934,248.2,147.98378
9093566,K07130.01,FALSE POSITIVE,0.94356284,5.721,13.4,132.3272
9098590,K07131.01,FALSE POSITIVE,2.243569483,4.14769,66328.2,133.7306188
9098810,K07132.01,FALSE POSITIVE,8.258181993,3.9122,311858.0,131.5010463
9099773,K07133.01,CANDIDATE,82.78482,7.52,190.4,141.3871
9101208,K07134.01,FALSE POSITIVE,1.81139053,8.64,77.5,132.9689
9943009,K07258.01,CANDIDATE,2.4376438,1.587,27.1,132.1228
9944201,K07259.01,CANDIDATE,0.721522907,1.4521,22528.0,131.7091421
9944421,K07260.01,FALSE POSITIVE,7.09520543,3.69044,232683.0,135.3715105
9945280,K07261.01,FALSE POSITIVE,0.651731691,2.4602,20524.2,131.751463
9953736,K07262.01,FALSE POSITIVE,0.50818743,3.433,54.9,131.63064
9958053,K07263.01,FALSE POSITIVE,2.73398963,1.52,,133.755464
9959093,K07264.01,CANDIDATE,19.1644498,3.553,63.8,141.3045
9963009,K07265.01,FALSE POSITIVE,40.069674617,9.3564,41865.1,153.018227
8545603,K07893.01,FALSE POSITIVE,55.884827,2.283,497.6,140.6478
10976412,K07393.01,FALSE POSITIVE,3.75938475,1.188,133.1,134.13833
10979716,K07394.01,FALSE POSITIVE,10.6840477,3.515,81901.0,134.084445
10982373,K07395.01,FALSE POSITIVE,2.00280845,1.22,,132.06909
10987439,K07396.01,FALSE POSITIVE,10.67459836,3.82706,16676.0,138.8847317
10989032,K07397.01,FALSE POSITIVE,2.305097141,1.9378,5880.0,133.705069
10991989,K07398.01,FALSE POSITIVE,0.974477904,2.69834,8846.9,132.370903
10992733,K07399.01,FALSE POSITIVE,18.525917446,5.9056,455661.0,144.1948764
11019739,K07400.01,CANDIDATE,4.15736472,2.217,200.7,132.85855
12356746,K07525.01,FALSE POSITIVE,0.502454299,2.31547,37454.3,131.9221686
12356914,K07526.01,FALSE POSITIVE,27.308150159,4.43906,388005.0,143.504361
12365000,K07527.01,FALSE POSITIVE,1.262742487,1.7433,15911.0,132.19792
12365015,K07528.01,FALSE POSITIVE,0.59586463,1.5,,131.9392
12367017,K07529.01,FALSE POSITIVE,1.222127938,2.2613,2486.5,131.81559
12367310,K07530.01,FALSE POSITIVE,8.627475562,4.65505,36784.3,139.9908385
12403968,K07531.01,FALSE POSITIVE,0.589753355,0.606,216.0,131.83147
12418662,K07532.01,FALSE POSITIVE,2.751566365,5.2403,72609.0,131.562267
12418816,K07533.01,FALSE POSITIVE,0.760935268,2.77023,370600.0,131.6357605
8709688,K03019.02,CANDIDATE,2.012094,2.157,74.8,131.5688
9959492,K03051.02,FALSE POSITIVE,1.33258772,5.187,70.8,132.0314
2716801,K03053.02,CANDIDATE,9.4767057,3.893,230.5,134.7294
3230805,K03068.02,CANDIDATE,6.65171459,2.325,151.5,137.6781
11810124,K03344.03,CANDIDATE,208.54335,9.851,614.6,230.9934
9349757,K03348.02,CANDIDATE,17.7189786,4.102,176.8,138.8021
3219037,K03395.02,CANDIDATE,5.0395851,4.556,70.1,133.828
9117416,K03425.03,CANDIDATE,7.64370363,2.738,70.9,137.87526
3558803,K06345.01,FALSE POSITIVE,1.353414369,13.416,610.2,131.67312
3634169,K06346.01,FALSE POSITIVE,2.9590637,28.81,23.6,133.9227
3644174,K06347.01,FALSE POSITIVE,1.806631432,1.102,217.5,132.23663
3655326,K06348.01,FALSE POSITIVE,15.066491533,6.2852,106051.0,140.655427
3656322,K06349.01,FALSE POSITIVE,1.831829703,7.289,40509.0,132.53923
3656700,K06350.01,FALSE POSITIVE,0.738527259,1.2174,422.9,132.024142
3659940,K06351.01,FALSE POSITIVE,0.89627093,2.2033,66994.0,131.668052
3663494,K06352.01,CANDIDATE,5.11683678,3.119,161.4,133.9134
4949027,K06480.01,FALSE POSITIVE,1.06100327,1.675,95.9,132.5257
4949214,K06481.01,FALSE POSITIVE,0.922030594,4.367,13859.0,132.076361
4950341,K06482.01,FALSE POSITIVE,611.09299,15.22,270.0,134.3101
4950557,K06483.01,FALSE POSITIVE,24.714790706,5.06776,208732.0,149.4927345
4995716,K06484.01,CANDIDATE,16.1191449,3.039,262.2,146.7978
5000179,K06485.01,FALSE POSITIVE,3.6329347,2.3,,131.88496
5017058,K06486.01,FALSE POSITIVE,1.161947482,4.46886,129896.0,132.2121368
5018787,K06487.01,FALSE POSITIVE,0.607191908,1.30166,17368.7,132.0195301
8345473,K07881.01,FALSE POSITIVE,2.2502073,2.203,260.1,133.6127
5597361,K06601.01,CANDIDATE,17.9925973,2.762,198.5,135.4545
5598639,K06602.01,FALSE POSITIVE,0.648775795,4.34648,108824.0,131.7459799
5610698,K06603.01,FALSE POSITIVE,4.132521615,12.4949,156249.0,132.892463
5616489,K06604.01,FALSE POSITIVE,410.88527,24.1,2059.6,202.8127
5617510,K06605.01,CANDIDATE,74.371666,12.59,102.8,187.379
5621294,K06606.01,FALSE POSITIVE,0.938905082,5.00453,358893.0,131.8411582
5621299,K06607.01,FALSE POSITIVE,0.93891532,2.134,39.1,131.83424
5622250,K06608.01,FALSE POSITIVE,16.294213708,6.01687,174006.0,143.1937219
5632781,K06609.01,FALSE POSITIVE,11.02520205,12.8097,429759.0,131.715631
6594972,K06737.01,FALSE POSITIVE,10.819169459,5.50262,437142.0,132.9864665
6595662,K06738.01,FALSE POSITIVE,2.680514453,3.21178,195748.0,132.598382
6603765,K06739.01,CANDIDATE,19.164111,2.773,215.9,139.8244
6606282,K06740.01,FALSE POSITIVE,1.053573674,1.70116,3063.0,132.428012
6606669,K06741.01,FALSE POSITIVE,0.970085646,1.129,153.0,132.4088
6607610,K06742.01,FALSE POSITIVE,63.52017525,17.1759,32548.4,162.163605
6610219,K06743.01,FALSE POSITIVE,11.300987626,10.5199,325703.0,801.4552005
6610433,K06744.01,FALSE POSITIVE,0.92098747,2.04,,131.87056
7368103,K06869.01,FALSE POSITIVE,2.182515126,6.8413,114931.0,132.354186
7369523,K06870.01,FALSE POSITIVE,2.659418888,6.98414,305233.0,133.3208183
7376982,K06871.01,FALSE POSITIVE,2.31610674,3.347,33.6,132.3383
7381580,K06872.01,CANDIDATE,13.5164708,2.628,140.1,144.0259
7381695,K06873.01,FALSE POSITIVE,0.948683571,1.676,150.9,131.88901
7385387,K06874.01,FALSE POSITIVE,1.65546056,3.52,125.1,133.13661
7385478,K06875.01,FALSE POSITIVE,1.655472351,5.09197,174198.0,133.126106
7421876,K06876.01,FALSE POSITIVE,4.50279037,6.72,,134.1343
8243263,K07000.01,FALSE POSITIVE,1.759276227,3.19585,32091.2,132.0750778
8244295,K07001.01,FALSE POSITIVE,1.09206792,1.646,105.9,132.1066
8248103,K07002.01,CANDIDATE,4.83014159,0.957,192.0,134.64407
8256882,K07003.01,CANDIDATE,2.41194057,1.787,67.3,133.01849
8262223,K07004.01,FALSE POSITIVE,1.613014741,4.39594,152120.0,131.7482916
8265520,K07005.01,FALSE POSITIVE,6.2089181,2.292,1664.0,136.6828
8265990,K07006.01,FALSE POSITIVE,0.77996263,3.369,25.7,132.1472
8283875,K07007.01,CANDIDATE,0.800263219,0.729,170.5,132.06684
9119405,K07135.01,FALSE POSITIVE,18.646323091,8.853,231000.0,139.0920079
9150870,K07136.01,CANDIDATE,441.17369,14.82,702.0,374.0092
9156957,K07137.01,FALSE POSITIVE,3.6673005,3.373,144.9,133.1255
9159301,K07138.01,FALSE POSITIVE,3.044771557,11.0593,487818.0,132.436907
9163674,K07139.01,FALSE POSITIVE,0.773144492,4.05643,215961.0,131.6393074
9164788,K07140.01,FALSE POSITIVE,2.66811113,22.49,48.3,133.5071
9172506,K07141.01,FALSE POSITIVE,50.440285363,12.2001,85309.1,149.90838
9179531,K07142.01,FALSE POSITIVE,3.255385289,5.9498,158913.0,132.498277
9963639,K07266.01,FALSE POSITIVE,7.4185369,1.451,14.7,131.5282
9965691,K07267.01,FALSE POSITIVE,15.68434493,44.463,791.6,133.03069
9971475,K07268.01,FALSE POSITIVE,5.357409918,4.28582,199157.0,131.637601
10000490,K07269.01,FALSE POSITIVE,1.400991827,4.8798,64104.0,132.453975
10002049,K07270.01,CANDIDATE,19.2532128,1.674,219.3,144.8407
10014702,K07271.01,FALSE POSITIVE,1.34062901,3.076,69.5,132.0803
10019854,K07272.01,CANDIDATE,14.1011023,4.513,108.2,133.4744
10020423,K07273.01,FALSE POSITIVE,7.448375935,4.23892,152666.0,137.694513
11027270,K07401.01,FALSE POSITIVE,0.533628226,5.772,81.8,132.00331
11027722,K07402.01,FALSE POSITIVE,0.678137665,1.00718,885.0,132.138369
11029877,K07403.01,FALSE POSITIVE,2.069415479,5.71941,16188.3,132.645356
11068630,K07404.01,CANDIDATE,1.817079849,0.889,204.6,131.90509
11071207,K07405.01,FALSE POSITIVE,8.04963472,6.00488,279647.0,138.6541935
11073223,K07406.01,FALSE POSITIVE,11.578946873,4.6373,299739.0,131.7977742
11076279,K07407.01,FALSE POSITIVE,1.47258471,4.76885,224011.0,132.92769
11092783,K07408.01,CANDIDATE,5.15998178,3.356,412.4,132.69545
11124509,K07409.01,FALSE POSITIVE,4.446459958,2.558,5663.8,135.730111
12454800,K07534.01,CANDIDATE,23.3787733,6.76,76.0,143.2743
12458817,K07535.01,CANDIDATE,15.09984259,0.222,484.8,140.82
12470530,K07536.01,FALSE POSITIVE,8.207257515,4.23835,391305.0,135.8249178
12504353,K07537.01,FALSE POSITIVE,498.68845,17.88,548.3,556.5161
12506342,K07538.01,FALSE POSITIVE,1.22775105,1.602,327.6,132.56346
12519942,K07539.01,CANDIDATE,15.3416245,2.126,269.6,134.98686
12555616,K07540.01,CANDIDATE,21.980467,4.78,96.0,150.728
12557713,K07541.01,FALSE POSITIVE,7.214721393,2.36464,46801.5,132.498654
9730163,K02704.03,CONFIRMED,8.15275885,1.746,16536.0,134.19046
2437112,K03461.02,FALSE POSITIVE,3.18740907,6.19,137.5,132.8032
8719324,K03716.02,FALSE POSITIVE,10.23273611,1.55,,139.5844258
5471690,K04006.02,FALSE POSITIVE,0.962815183,2.581,20.7,132.21629
7100673,K04032.05,CANDIDATE,7.23524221,2.685,60.0,135.23173
3937814,K04084.02,CANDIDATE,10.72900793,0.696,404.3,134.68026
3937814,K04084.03,CANDIDATE,8.19619768,2.109,197.4,135.10435
4548098,K04157.02,CANDIDATE,5.215752,1.13,46.8,133.404
5078025,K04211.02,FALSE POSITIVE,0.696290095,3.839,120.5,131.52676
3733638,K06353.01,CANDIDATE,10.0714369,6.891,49.5,140.0456
3746248,K06354.01,FALSE POSITIVE,0.62240698,1.186,155.8,131.68393
3748855,K06355.01,CANDIDATE,4.37198905,2.177,103.7,131.90923
3748855,K06355.02,CANDIDATE,6.72876606,2.277,117.4,134.0424
3757588,K06356.01,FALSE POSITIVE,24.09002065,11.0494,6782.2,154.285323
3764411,K06357.01,FALSE POSITIVE,4.4158933,1.155,191.1,132.9738
3765692,K06358.01,CANDIDATE,3.09383248,1.576,373.7,132.75691
3766353,K06359.01,FALSE POSITIVE,2.666961614,2.4774,7583.4,133.719065
5019567,K06488.01,FALSE POSITIVE,1.17430183,9.587,64.5,131.7601
5021432,K06489.01,CANDIDATE,14.05652256,2.56,,136.7555724
5021732,K06490.01,FALSE POSITIVE,15.039464523,5.39796,66876.8,144.137252
5022440,K06491.01,FALSE POSITIVE,3.693951168,2.2534,28290.0,133.61052
5022900,K06492.01,FALSE POSITIVE,1.05680287,5.748,82.3,131.682
5024126,K06493.01,FALSE POSITIVE,0.787122102,3.0999,596.8,131.73687
5024268,K06494.01,FALSE POSITIVE,2.15045295,4.453,169.1,132.32499
5024372,K06495.01,FALSE POSITIVE,0.561524348,3.336,34.1,131.79593
5633259,K06610.01,CANDIDATE,315.07717192,10.31,,286.7429498
5647638,K06611.01,FALSE POSITIVE,1.21607873,4.686,29.4,132.4476
5653126,K06612.01,FALSE POSITIVE,38.49536985,12.8716,93327.0,152.84943
5686974,K06613.01,FALSE POSITIVE,4.18224416,6.209,57.2,134.0885
5696909,K06614.01,FALSE POSITIVE,0.643002821,1.02608,2671.5,131.689685
5697628,K06615.01,FALSE POSITIVE,1.95119541,1.907,59.7,133.3951
5700330,K06616.01,FALSE POSITIVE,53.220416998,17.7344,72895.3,138.5798799
5702770,K06617.01,CANDIDATE,8.0018897,3.425,102.7,135.4193
6614748,K06745.01,CANDIDATE,383.85362,9.76,422.9,426.5941
6628926,K06746.01,CANDIDATE,2.564012541,0.9433,2551.9,134.2733914
6629156,K06747.01,FALSE POSITIVE,0.71538172,5.0,,131.5505
6629588,K06748.01,FALSE POSITIVE,2.264471713,7.1803,187430.0,131.518805
6636020,K06749.01,FALSE POSITIVE,18.3602239,2.352,574.6,143.4753
6664842,K06750.01,CANDIDATE,5.21395046,3.188,78.5,135.7252
6665064,K06751.01,CANDIDATE,24.996068,5.623,621.7,144.9693
6670610,K06752.01,CANDIDATE,8.9429645,1.803,233.5,137.26373
7431665,K06877.01,FALSE POSITIVE,281.509095,40.963,5948.7,171.52715
7447895,K06878.01,CANDIDATE,2.405625303,0.6283,163.5,133.14221
7455553,K06879.01,FALSE POSITIVE,3.258249472,2.6358,1643.5,134.59656
7456521,K06880.01,FALSE POSITIVE,552.8295063,16.0851,266298.0,484.260879
7461314,K06881.01,FALSE POSITIVE,0.773595312,0.781,93.0,132.08776
7461521,K06882.01,CANDIDATE,0.7735301,1.335,185.4,132.1961
7499571,K06883.01,FALSE POSITIVE,533.6593,12.81,533.5,375.228
7537660,K06884.01,CANDIDATE,2.42186898,6.22,,132.7886605
7541502,K06885.01,FALSE POSITIVE,44.827323809,6.86103,237120.0,173.4103489
8285254,K07008.01,FALSE POSITIVE,7.535894184,8.3059,172126.0,137.781231
8285970,K07009.01,FALSE POSITIVE,0.562498925,0.6743,420.1,131.750623
8288719,K07010.01,FALSE POSITIVE,0.755049082,2.09643,26067.9,132.1942347
8294484,K07011.01,FALSE POSITIVE,1.012694226,3.6017,108504.0,132.44896
8296467,K07012.01,FALSE POSITIVE,10.303356001,5.98633,520067.0,137.1682892
8301013,K07013.01,FALSE POSITIVE,2.214029545,5.64264,349110.0,133.1692046
8302455,K07014.01,FALSE POSITIVE,2.441988077,3.94526,95343.5,132.1323834
8302473,K07015.01,FALSE POSITIVE,2.44200193,3.146,128.6,132.1295
8311864,K07016.01,CONFIRMED,384.847556,9.969,189.9,314.97
9181340,K07143.01,FALSE POSITIVE,2.131225773,5.4932,2337.1,133.29978
9203154,K07144.01,CANDIDATE,0.839907158,1.019,119.6,131.69426
9205993,K07145.01,FALSE POSITIVE,1.219736039,4.89465,611523.0,132.12417
9207508,K07146.01,FALSE POSITIVE,2.015152464,8.17997,561687.0,132.1127635
9210828,K07147.01,FALSE POSITIVE,0.82820657,2.70353,118533.0,131.581313
9221627,K07148.01,CANDIDATE,1.7613778,1.355,359.3,132.989
9236858,K07149.01,FALSE POSITIVE,2.537081943,4.80903,245319.0,134.005172
9243795,K07150.01,FALSE POSITIVE,14.443127448,8.33598,41685.3,139.3903174
9266285,K07151.01,FALSE POSITIVE,5.61386908,5.07753,57385.6,132.572901
10026136,K07274.01,FALSE POSITIVE,9.080194398,8.18777,324573.0,136.8170208
10026457,K07275.01,FALSE POSITIVE,9.93442075,7.8219,55965.0,132.874989
10031409,K07276.01,FALSE POSITIVE,2.071939672,4.45367,198766.0,132.8368962
10031526,K07277.01,FALSE POSITIVE,8.5893644,6.975,179.3,132.0467
10031808,K07278.01,FALSE POSITIVE,8.589644815,9.49469,269518.0,132.0206787
10053138,K07279.01,CANDIDATE,11.7728146,4.132,77.1,138.78586
10063044,K07280.01,FALSE POSITIVE,1.009671584,4.37759,155117.0,131.5869372
10066755,K07281.01,CANDIDATE,2.46506501,6.218,39.8,132.8845
10070479,K07282.01,CANDIDATE,1.758599866,0.2729,237.8,131.7968
11134079,K07410.01,FALSE POSITIVE,1.260575815,2.36064,154278.0,132.0569049
11137061,K07411.01,FALSE POSITIVE,1.88912273,4.219,60.2,132.953
11144439,K07412.01,FALSE POSITIVE,0.609125246,0.655,139.2,132.08281
7119481,K00566.02,CANDIDATE,14.1573717,3.786,130.0,135.5991
11147276,K07413.01,FALSE POSITIVE,1.566528935,3.2593,92511.0,132.537255
11154043,K07414.01,FALSE POSITIVE,4.52977632,26.752,1582.2,136.1237
11182260,K07415.01,CANDIDATE,1.291964282,1.8378,28640.0,132.63733
11187972,K07416.01,CANDIDATE,37.4646974,4.954,51.6,138.6533
4548011,K04288.03,FALSE POSITIVE,4.32744048,4.539,22.0,132.7835
2852941,K04298.02,FALSE POSITIVE,11.57958162,2.47,,135.5195336
8773015,K04301.02,CANDIDATE,6.31915999,3.465,34.4,134.14866
9883606,K04383.02,CANDIDATE,2.58393841,2.169,49.4,131.80729
9597729,K04417.02,FALSE POSITIVE,0.87630504,1.11,170.9,131.95622
9836563,K04421.02,CANDIDATE,6.5595368,4.324,26.3,132.0079
6508221,K00416.04,CANDIDATE,31.5322987,3.49,106.4,160.3251
9100953,K04500.03,CANDIDATE,14.7510068,2.25,381.1,141.1622
3830820,K06360.01,FALSE POSITIVE,15.582794732,3.76683,52760.0,135.112903
3831523,K06361.01,FALSE POSITIVE,1.529283907,14.0075,54.8,131.4176092
3834364,K06362.01,FALSE POSITIVE,2.908454772,2.6005,64325.0,132.315694
3836413,K06363.01,FALSE POSITIVE,1.540396094,2.8044,55123.0,131.996172
3836439,K06364.01,FALSE POSITIVE,1.540395674,2.80168,70614.6,131.9963513
3838004,K06365.01,FALSE POSITIVE,2.344138713,0.4495,110.8,131.57589
3851134,K06366.01,FALSE POSITIVE,0.91849333,2.399,58.7,131.8481
3851193,K06367.01,FALSE POSITIVE,1.341078755,3.86492,112151.0,131.8392432
9595956,K07604.01,FALSE POSITIVE,316.950146,5.33,,280.9211479
9655792,K07605.01,FALSE POSITIVE,589.74851,12.74,462.4,241.6495
9970396,K07606.01,FALSE POSITIVE,235.2976173,87.013,23052.8,219.44696
10079420,K07607.01,CANDIDATE,54.54312996,7.03,,169.8591463
10253638,K07608.01,FALSE POSITIVE,7.4539297,14.21,,137.33196
10267121,K07609.01,FALSE POSITIVE,36.136968,15.42,152.0,137.0578
10341777,K07610.01,FALSE POSITIVE,0.933746709,3.435,18.6,132.4539
10407271,K07611.01,FALSE POSITIVE,0.93376738,4.036,55.4,132.4404
10471167,K07612.01,FALSE POSITIVE,0.93374073,4.296,147.6,131.5337
10471174,K07613.01,FALSE POSITIVE,0.93369659,4.444,81.4,131.5867
10471345,K07614.01,FALSE POSITIVE,0.9337473,3.446,64.6,132.4461
11296798,K07615.01,FALSE POSITIVE,677.35794,9.698,322.4,234.634
11463950,K07616.01,FALSE POSITIVE,4.0551242,12.0,148.7,134.6871
11559304,K07617.01,CANDIDATE,12.9284553,2.49,297.9,137.18564
11621897,K07618.01,FALSE POSITIVE,21.6817115,7.18,73.5,137.009
12253534,K07619.01,FALSE POSITIVE,466.08101,23.69,180.1,166.4321
12304202,K07620.01,FALSE POSITIVE,0.66573903,1.27,,131.6585795
4735826,K03184.03,CANDIDATE,4.02018903,3.616,18.5,134.84387
9291039,K03230.02,FALSE POSITIVE,3.796383639,8.6711,31.1,135.2015074
10155321,K04422.02,FALSE POSITIVE,0.71059239,4.92,280.6,132.08465
5003670,K04524.03,CANDIDATE,3.33930957,2.597,91.3,134.15098
4953173,K04676.02,FALSE POSITIVE,3.36379289,23.7,136.3,132.9065
8973285,K04782.02,CANDIDATE,4.29251656,4.254,249.5,134.4818
2861126,K04957.02,CANDIDATE,4.98792404,1.618,346.2,133.6552
6363560,K05270.02,FALSE POSITIVE,0.907818056,1.679,29.5,131.91608
7539174,K05397.02,FALSE POSITIVE,297.71402,13.413,1374.5,315.5437
7935997,K05447.02,CONFIRMED,3.87594316,2.314,58.6,134.84758
8105398,K05475.02,CANDIDATE,5.68325648,1.778,44.6,134.87698
10535708,K05801.02,FALSE POSITIVE,0.93373761,3.303,58.7,131.53
11453930,K05900.02,FALSE POSITIVE,0.687739345,0.1866,37.6,131.73999
4737267,K06117.01,FALSE POSITIVE,9.524076544,10.4891,198399.0,134.803805
5955321,K06140.01,FALSE POSITIVE,11.637858887,11.8851,427948.0,136.885517
6182093,K06143.02,FALSE POSITIVE,50.900813,3.3,,150.314465
4758350,K06447.02,CANDIDATE,91.649983,10.294,193.6,175.7156
4862625,K06464.03,CANDIDATE,541.742985,10.47,1038.6,374.45854
10621666,K01636.02,FALSE POSITIVE,14.5862195,2.733,202.2,135.2746
5211470,K06541.02,FALSE POSITIVE,0.938074536,1.9618,575.9,132.26984
6665064,K06751.02,FALSE POSITIVE,0.698359996,1.4959,774.1,131.7023
3123418,K07542.01,FALSE POSITIVE,563.94854,15.631,872.9,145.5541
3458687,K07543.01,FALSE POSITIVE,0.98376204,10.052,55.0,132.28418
3749508,K07544.01,FALSE POSITIVE,2.403704619,0.8927,110.6,131.5641527
3955867,K07545.01,FALSE POSITIVE,33.65766894,40.787,15379.5,178.48518
3965201,K07546.01,CANDIDATE,44.113873,3.956,196.3,164.8337
4074294,K07547.01,FALSE POSITIVE,0.892988877,2.4428,85.0,131.56303
4380560,K07548.01,FALSE POSITIVE,0.705816203,5.55,149.0,131.94499
4384652,K07549.01,FALSE POSITIVE,374.51648,6.088,907419.0,430.92524
7697568,K01829.02,FALSE POSITIVE,10.3482112,2.089,255.1,136.63763
4483235,K07550.01,FALSE POSITIVE,1.7609276,5.189,57.3,132.30263
4662363,K07551.01,FALSE POSITIVE,321.24194284,10.16,,451.2907139
4680745,K07552.01,FALSE POSITIVE,1.463148937,11.04,168.0,132.34802
4851195,K07553.01,FALSE POSITIVE,374.514471,6.629,440516.0,430.92258
4862924,K07554.01,CANDIDATE,482.62011,12.86,324.0,314.0653
5024414,K07555.01,FALSE POSITIVE,1.525924746,1.955,74.1,132.69258
5177065,K07556.01,FALSE POSITIVE,1.25383162,7.68,12.9,132.6237
5268955,K07557.01,FALSE POSITIVE,12.82252496,18.8,19268.0,137.3868282
5271090,K07558.01,CANDIDATE,10.1551587,1.802,141.6,139.292
5444276,K07559.01,CANDIDATE,0.708965461,3.946,87.2,132.20988
5598645,K07560.01,FALSE POSITIVE,0.648772102,2.614,31.1,131.74503
5696518,K07561.01,FALSE POSITIVE,0.96391996,3.01,,132.3687769
5878506,K07562.01,CANDIDATE,11.76872507,1.11,,137.1077498
5908086,K07563.01,FALSE POSITIVE,0.93705132,4.808,51.5,132.0238
6307243,K07564.01,FALSE POSITIVE,451.86579,13.47,80.0,254.8061
6350522,K07565.01,FALSE POSITIVE,491.52571,12.43,457.3,248.9249
6385302,K07566.01,FALSE POSITIVE,411.54039644,17.33,,185.353922
6443274,K07567.01,CANDIDATE,608.20572,13.63,554.2,160.7147
6508734,K07568.01,FALSE POSITIVE,480.03759,16.25,717.4,318.4745
6527050,K07569.01,FALSE POSITIVE,0.87985197,1.3,,131.7662713
5602588,K02369.03,CANDIDATE,7.2274321,4.967,173.3,134.4726
6590362,K07570.01,FALSE POSITIVE,0.592618966,0.811,91.4,132.09892
6628740,K07571.01,FALSE POSITIVE,0.532854237,3.231,50.9,131.93754
6876575,K07572.01,CANDIDATE,91.069934,17.33,12.7,196.391
7031126,K07573.01,FALSE POSITIVE,0.566802672,3.545,31.7,131.81511
7031208,K07574.01,FALSE POSITIVE,0.566796331,5.194,114.8,131.8335
7031742,K07575.01,FALSE POSITIVE,0.566785459,2.893,63.8,131.82998
7032568,K07576.01,FALSE POSITIVE,0.566792936,2.846,23.0,131.8166
7032687,K07577.01,FALSE POSITIVE,0.5668004,3.813,93.2,131.81997
7115384,K07578.01,FALSE POSITIVE,0.566793614,5.723,31.4,131.65376
7116282,K07579.01,FALSE POSITIVE,0.566798676,2.777,59.9,131.81422
7116859,K07580.01,FALSE POSITIVE,0.5667638,1.73,64.5,131.8674
7133286,K07581.01,FALSE POSITIVE,38.51077573,38.8558,84633.4,155.594831
7186259,K07582.01,FALSE POSITIVE,4.23965309,3.29,,132.9703967
7214090,K07583.01,FALSE POSITIVE,0.577910513,1.362,144.1,131.79797
7281694,K07584.01,FALSE POSITIVE,0.566807725,2.16,31.5,131.7888
7362450,K07585.01,FALSE POSITIVE,0.566807422,5.148,26.1,131.81547
8007262,K07586.01,FALSE POSITIVE,1.345078434,10.19,3025.0,132.04218
8096395,K07587.01,CANDIDATE,366.088938,11.887,537.9,165.426
8106973,K07588.01,FALSE POSITIVE,439.1076969,26.2259,69792.0,222.7449
8168509,K07589.01,CANDIDATE,414.45008,19.15,729.5,318.0665
10397751,K02859.05,CANDIDATE,5.43103616,2.469,66.8,134.41711
8258103,K07590.01,FALSE POSITIVE,0.594003994,5.557,25.4,132.07059
8297319,K07591.01,CANDIDATE,328.32211,13.53,399.0,144.0773
8423344,K07592.01,CANDIDATE,381.97977,15.7,900.0,163.1805
8444868,K07593.01,CANDIDATE,67.412998,9.1,126.1,196.1263
8579684,K07594.01,FALSE POSITIVE,2.08802799,24.017,70.8,132.08475
8649876,K07595.01,FALSE POSITIVE,10.4212788,28.4832,148.0,140.6517
8682094,K07596.01,CANDIDATE,359.8249913,5.22,,284.5268595
8846809,K07597.01,FALSE POSITIVE,0.778705577,6.445,54.5,131.64448
8868686,K07598.01,FALSE POSITIVE,4.44709107,16.79,40.5,133.9044
9025662,K07599.01,FALSE POSITIVE,293.70696,11.03,1575.0,350.5928
8572936,K02459.01,FALSE POSITIVE,27.795762425,15.5056,420329.0,136.179877
9837578,K02937.01,FALSE POSITIVE,20.733748565,6.28773,417340.0,132.8465918
7821010,K02938.01,FALSE POSITIVE,24.238241803,4.16665,461962.0,136.6165689
5473556,K02939.01,FALSE POSITIVE,11.258825027,8.9592,196280.0,134.7384085
6504534,K03152.01,FALSE POSITIVE,28.162612575,3.19576,37749.6,143.7174718
6307062,K03153.01,FALSE POSITIVE,75.378956896,7.70352,539175.0,167.1066034
5652983,K00371.02,FALSE POSITIVE,9.0584662,6.376,61.8,133.2317
9092897,K07600.01,FALSE POSITIVE,3.9169155,2.11,,132.2130377
9246715,K07601.01,FALSE POSITIVE,342.55315723,73.8068,192887.0,337.516722
9292130,K07602.01,FALSE POSITIVE,362.747593,16.45,132.4,368.2357
9541144,K07603.01,FALSE POSITIVE,0.536650344,2.878,25.8,131.7073
8677057,K07903.01,CANDIDATE,0.694611128,1.115,98.8,131.93244
8702537,K07905.01,CANDIDATE,7.4751841,5.166,28.1,137.1908
8757213,K07911.01,FALSE POSITIVE,328.0485,13.75,398.0,301.5126
8880003,K07914.01,FALSE POSITIVE,1.72128752,2.366,58.5,132.5489
8953296,K07916.01,FALSE POSITIVE,0.784294574,4.18831,212526.0,132.2265109
8749844,K07909.01,FALSE POSITIVE,361.51099,4.868,235.9,249.7333
8962007,K07917.01,FALSE POSITIVE,1.41435861,2.285,56.8,132.69838
8703491,K07906.01,FALSE POSITIVE,0.616343903,0.7656,161.4,132.086508
9043947,K07920.01,CANDIDATE,1.04347858,2.012,22.5,131.8424
9079587,K07921.01,FALSE POSITIVE,364.33929,13.486,1944.0,183.3173
8703506,K07907.01,FALSE POSITIVE,352.710091,2.901,1658.0,251.1931
8590776,K07900.01,FALSE POSITIVE,33.8938177,2.012,205.1,135.3496
8761550,K07912.01,FALSE POSITIVE,224.591055,3.232,125.2,208.7904
8686761,K07904.01,FALSE POSITIVE,374.93999098,17.0849,235.1,137.9851608
8873450,K07913.01,CONFIRMED,24.2783801,4.564,714.4,154.51325
8880317,K07915.01,CANDIDATE,382.5891,11.7,298.2,372.8314
8750503,K07910.01,FALSE POSITIVE,11.9283194,6.69,182.5,142.127
8639155,K07902.01,FALSE POSITIVE,0.603351522,0.8358,164.1,131.98902
9021047,K07919.01,FALSE POSITIVE,31.97280045,4.9,2236.4,261.76713
8587439,K07899.01,FALSE POSITIVE,8.39140024,1.193,134.4,139.02864
8712863,K07908.01,FALSE POSITIVE,0.532493086,2.145,19.9,131.90244
9079915,K07922.01,FALSE POSITIVE,0.812678859,0.841,39.3,132.20817
10208894,K08199.01,FALSE POSITIVE,183.836254,13.088,1046.2,149.3728
10214873,K08200.01,FALSE POSITIVE,5.959695593,1.8383,151.2,135.2739557
10253977,K08201.01,CANDIDATE,392.601892,3.21,779.0,496.9922
10268714,K08202.01,FALSE POSITIVE,452.65206,19.87,175.1,495.317
10281311,K08203.01,FALSE POSITIVE,234.66319186,7.627,243.5,166.0293811
10341876,K08204.01,FALSE POSITIVE,351.204993,22.414,1257.9,184.9276
10351947,K08205.01,CANDIDATE,260.446151,9.314,713.9,235.469
10160922,K07990.01,CANDIDATE,87.487573,5.881,528.7,154.5163
10198225,K07991.01,CANDIDATE,11.9451376,6.893,63.3,142.3107
10214341,K07992.01,CANDIDATE,277.13367,9.67,321.2,400.4719
10219288,K07993.01,FALSE POSITIVE,3.381607,7.627,440.6,132.92656
10226343,K07994.01,FALSE POSITIVE,0.660655454,7.111,566.9,131.6909
10263598,K07995.01,FALSE POSITIVE,145.750554,13.999,385.6,199.6247
10266860,K07996.01,FALSE POSITIVE,2.17813954,2.063,28.6,132.02972
4763020,K08097.01,FALSE POSITIVE,384.09781,12.55,100.1,418.6723
5128966,K08098.01,FALSE POSITIVE,0.505322676,5.2727,77349.2,131.542732
5288744,K08099.01,FALSE POSITIVE,333.71634048,4.8236,420.2,336.7917544
5305225,K08100.01,FALSE POSITIVE,322.50741,20.688,349.5,350.3646
5598216,K08101.01,FALSE POSITIVE,373.8716,16.78,382.7,186.6688
5637036,K08102.01,FALSE POSITIVE,171.046664,2.438,731.0,293.02637
5647008,K08103.01,FALSE POSITIVE,0.799868354,6.613,4928.8,131.997209
10385708,K08206.01,FALSE POSITIVE,345.7671,15.38,212.7,320.3812
10404545,K08207.01,FALSE POSITIVE,350.34114,16.97,1363.8,184.81
10425070,K08208.01,FALSE POSITIVE,363.97165,5.702,1966.0,198.9835
10425070,K08208.02,FALSE POSITIVE,395.23753,18.494,1298.0,186.536
10461045,K08209.01,FALSE POSITIVE,385.97241,12.167,162.0,315.6247
10493253,K08210.01,FALSE POSITIVE,89.667675,3.726,1415.0,183.036
10515564,K08211.01,CANDIDATE,5.0487451,4.007,67.6,134.6825
10321927,K07997.01,FALSE POSITIVE,321.02094,7.51,592.9,179.7137
10321972,K07998.01,CANDIDATE,122.11555,16.07,1104.0,228.38
10322797,K07999.01,FALSE POSITIVE,1.213742728,3.596,31.7,131.74123
10331279,K08000.01,CANDIDATE,225.48805,19.46,379.9,224.2023
10338529,K08002.01,FALSE POSITIVE,366.74866,12.446,419.1,308.3136
10340212,K08003.01,FALSE POSITIVE,0.93374894,4.637,226.2,131.526
10383729,K08004.01,FALSE POSITIVE,0.734548624,2.207,58.6,132.16826
5709226,K08104.01,FALSE POSITIVE,317.99484,7.28,719.0,393.0306
5775090,K08105.01,FALSE POSITIVE,432.96732,10.85,866.0,173.2686
5791705,K08106.01,FALSE POSITIVE,614.39054,9.312,289.1,332.5045
5802205,K08107.01,CANDIDATE,578.88761,18.521,76.8,219.2878
5812648,K08108.01,FALSE POSITIVE,238.561202,11.9,260.2,273.2378
5858919,K08109.01,CANDIDATE,218.771117,3.201,140.1,250.92469
5872139,K08110.01,FALSE POSITIVE,375.17737,20.52,1230.0,260.4516
10519701,K08212.01,FALSE POSITIVE,334.87402,35.42,387.8,426.2844
10664150,K08213.01,FALSE POSITIVE,370.2402,31.46,1272.6,307.3322
10735575,K08214.01,FALSE POSITIVE,1.6749812,2.707,94.0,131.79288
10753394,K08215.01,FALSE POSITIVE,288.678554,9.197,242.5,143.8403
10875937,K08216.01,FALSE POSITIVE,307.94735718,15.0,11296.0,316.0192261
10907307,K08217.01,CANDIDATE,277.25118,8.742,1517.4,400.0395
11087662,K08218.01,FALSE POSITIVE,264.63654,42.77,431.8,190.9169
10389280,K08005.01,FALSE POSITIVE,375.408923,11.438,87.3,364.4869
10397315,K08006.01,FALSE POSITIVE,2.17812769,1.645,61.7,132.02922
10403228,K08007.01,CANDIDATE,67.176626864,3.1147,1689.9,144.1192641
10405224,K08008.01,FALSE POSITIVE,0.93378068,3.706,72.7,132.4123
10405482,K08009.01,FALSE POSITIVE,0.93373895,4.156,39.6,132.4707
10405546,K08010.01,FALSE POSITIVE,0.93373718,2.582,18.9,132.4634
10407191,K08011.01,CANDIDATE,0.93420696,3.5,,131.742569
5955197,K08111.01,CANDIDATE,359.33831,18.566,977.9,152.5082
5955427,K08112.01,FALSE POSITIVE,213.201978,15.396,696.9,309.9395
5956977,K08113.01,FALSE POSITIVE,77.773042,2.285,432.6,168.8387
6043574,K08114.01,FALSE POSITIVE,381.782641,4.52,367.6,241.1226
6049470,K08115.01,FALSE POSITIVE,354.7897,12.62,81.0,434.394
6105359,K08116.01,FALSE POSITIVE,235.544698,8.93,299.3,191.2774
6114140,K08117.01,CANDIDATE,0.933745798,6.447,613.8,131.52118
11099109,K08219.01,FALSE POSITIVE,115.28415,11.39,415.1,219.612
11124353,K08220.01,FALSE POSITIVE,423.73074,19.4,834.9,548.9392
11338091,K08221.01,CANDIDATE,293.38641,15.23,94.9,308.6624
11400356,K08222.01,FALSE POSITIVE,677.56282,10.53,631.0,214.2391
11446424,K08223.01,CANDIDATE,66.716453,3.855,626.0,150.0569
11449696,K08224.01,FALSE POSITIVE,371.21205,19.95,719.9,307.6693
11456839,K08225.01,FALSE POSITIVE,190.783023,4.069,1385.0,213.6601
10452252,K08012.01,CANDIDATE,34.573718512,2.1742,399.0,136.2275493
10462462,K08013.01,FALSE POSITIVE,0.85581563,10.27,,132.1452541
10470882,K08014.01,FALSE POSITIVE,0.9337491,3.842,98.1,132.449
10470993,K08015.01,FALSE POSITIVE,0.93374417,3.385,31.3,132.44559
10471005,K08016.01,FALSE POSITIVE,0.93374635,3.074,34.3,131.5163
10471055,K08017.01,FALSE POSITIVE,0.9337465,3.629,49.9,131.5267
10471204,K08018.01,FALSE POSITIVE,0.93371631,4.344,61.3,131.5435
6119605,K08118.01,FALSE POSITIVE,260.02265,12.009,2060.7,329.8262
6230649,K08119.01,FALSE POSITIVE,443.66,7.99,360.7,523.348
6286633,K08120.01,FALSE POSITIVE,366.28999,10.869,2568.0,460.2423
6451125,K08121.01,FALSE POSITIVE,72.6549842,5.503,389.3,170.59195
6507334,K08122.01,CANDIDATE,54.753883835,2.0865,442.3,156.2192927
6516529,K08123.01,FALSE POSITIVE,379.42818,11.24,403.9,358.9906
6521526,K08124.01,FALSE POSITIVE,103.039788,14.197,1370.0,164.9409
11501492,K08226.01,FALSE POSITIVE,371.90464,25.36,519.1,308.9957
11558217,K08227.01,FALSE POSITIVE,362.85801,17.03,151.6,152.6104
11649292,K08228.01,FALSE POSITIVE,384.558321,4.76,1330.0,160.73276
11760931,K08229.01,FALSE POSITIVE,397.72733,11.683,232.8,264.7499
11854061,K08230.01,FALSE POSITIVE,504.88419,20.18,5058.0,357.6471
11868122,K08231.01,FALSE POSITIVE,384.92275,9.98,184.8,238.6778
11872364,K08232.01,CANDIDATE,189.183958,6.829,1014.0,132.3331
10471243,K08019.01,FALSE POSITIVE,0.93376131,3.747,55.6,132.4342
10471296,K08020.01,FALSE POSITIVE,0.93377253,2.544,30.0,132.429
10535886,K08021.01,FALSE POSITIVE,0.93376021,3.182,56.5,132.4413
10535897,K08022.01,FALSE POSITIVE,0.93372008,2.591,17.0,131.544
10535926,K08023.01,FALSE POSITIVE,0.93373591,4.517,35.1,132.46
10535991,K08024.01,FALSE POSITIVE,0.93374911,3.504,57.8,132.4534
10536177,K08025.01,FALSE POSITIVE,0.93372261,3.052,31.2,131.5423
6600492,K08125.01,FALSE POSITIVE,312.61007,14.85,438.7,325.3776
6685403,K08126.01,FALSE POSITIVE,429.60143,18.11,1001.4,269.5261
6846544,K08127.01,FALSE POSITIVE,499.88159,13.39,184.4,319.3109
6848529,K08128.01,FALSE POSITIVE,197.37704,18.71,226.2,306.7686
6887321,K08129.01,FALSE POSITIVE,1.65746034,4.572,22.9,131.6967
6953281,K08130.01,FALSE POSITIVE,0.566799395,1.5368,231.2,131.79717
7020168,K08131.01,FALSE POSITIVE,203.8406,9.33,227.4,250.6264
12012872,K08233.01,FALSE POSITIVE,14.395425,5.12,115.4,140.977
12069319,K08234.01,FALSE POSITIVE,231.157554,8.489,845.6,346.94896
12121118,K08235.01,FALSE POSITIVE,495.06538,21.09,417.0,245.567
12252732,K08236.01,FALSE POSITIVE,595.78152,15.97,84.9,363.7685
12554051,K08237.01,FALSE POSITIVE,365.709623,13.553,1033.4,183.4903
12554485,K08238.01,CANDIDATE,495.662346,4.428,675.7,561.4127
12555140,K08239.01,FALSE POSITIVE,655.25732,20.05,268.2,185.9927
10536241,K08026.01,CANDIDATE,7.7529342,5.072,72.1,137.4877
10614845,K08027.01,FALSE POSITIVE,0.573762943,2.196,48.3,131.80193
10616829,K08028.01,FALSE POSITIVE,1.072934147,4.50475,96883.0,132.293066
10686909,K08029.01,FALSE POSITIVE,2.61854596,4.866,19.7,133.9991
10730250,K08030.01,FALSE POSITIVE,13.667809025,2.7993,127.7,134.6559996
10790401,K08031.01,CANDIDATE,254.336707,8.585,398.4,200.5875
10801951,K08032.01,FALSE POSITIVE,1.105123883,3.001,66.7,132.51976
7049771,K08132.01,FALSE POSITIVE,381.85852,16.121,362.9,458.813
7053328,K08133.01,FALSE POSITIVE,455.77076435,5.1149,341.1,338.7923743
7106437,K08134.01,FALSE POSITIVE,212.760495,3.703,195.8,254.4527
7117050,K08135.01,FALSE POSITIVE,73.836858,19.722,231.2,174.0088
7185710,K08136.01,FALSE POSITIVE,160.243128,5.393,556.4,162.4736
7282872,K08137.01,FALSE POSITIVE,402.41511,5.156,780.6,512.3896
7340624,K08138.01,FALSE POSITIVE,369.28177,26.96,1017.7,233.4368
12647110,K08240.01,FALSE POSITIVE,462.463589,5.007,1024.3,583.10723
12647757,K08241.01,CANDIDATE,490.63941,16.5,268.8,561.5837
3629119,K08242.01,CANDIDATE,331.55459,5.35,288.7,237.2754
3662635,K08243.01,FALSE POSITIVE,0.939375593,2.8424,100893.0,132.016859
3734501,K08244.01,FALSE POSITIVE,31.1911468,7.003,228.4,142.5078
4169315,K08245.01,FALSE POSITIVE,30.9587224,4.411,342.0,263.3166
4446859,K08246.01,CANDIDATE,425.64971,11.07,171.2,284.3479
9084569,K07923.01,CANDIDATE,395.13138,21.291,126.4,162.7395
9087580,K07924.01,CANDIDATE,0.770658979,1.401,83.5,131.83206
9099607,K07925.01,CANDIDATE,4.6318914,3.88,50.9,133.7073
10844823,K08033.01,CANDIDATE,362.13187,5.59,849.0,369.541
10862284,K08034.01,FALSE POSITIVE,9.1447861,5.422,268.8,139.2816
10862759,K08035.01,CANDIDATE,29.4856392,4.27,105.0,151.8669
10877024,K08036.01,FALSE POSITIVE,0.786483923,7.035,233.3,131.84261
10920281,K08037.01,CANDIDATE,3.65034525,1.527,253.2,133.63577
10920420,K08038.01,FALSE POSITIVE,0.9438885,2.592,35.8,132.2865
11032748,K08039.01,CANDIDATE,43.9438891,5.26,154.8,144.143
7622473,K08139.01,FALSE POSITIVE,40.244826,4.303,192.9,161.3679
7662744,K08140.01,FALSE POSITIVE,135.428746,7.394,381.1,168.5064
7686191,K08141.01,FALSE POSITIVE,380.03903,18.5,788.8,387.6494
7690521,K08142.01,FALSE POSITIVE,380.294204,12.351,730.5,355.6712
7747835,K08143.01,FALSE POSITIVE,373.74691,28.37,622.3,259.9281
7762886,K08144.01,FALSE POSITIVE,315.81065,23.66,541.6,172.543
7811537,K08145.01,FALSE POSITIVE,16.9341628,3.94,207.8,145.9902
4566999,K08247.01,FALSE POSITIVE,527.68601,4.817,602.0,176.6176
4569942,K08248.01,FALSE POSITIVE,267.911652,4.124,695.0,160.2278
4572728,K08249.01,CANDIDATE,309.191789,11.392,122.8,326.2209
4772095,K08250.01,FALSE POSITIVE,99.299502,3.631,408.5,138.7153
4847801,K08251.01,FALSE POSITIVE,371.47786,12.3,264.9,341.9634
5026023,K08252.01,FALSE POSITIVE,1.99638423,2.4,29.4,131.5598
5098334,K08253.01,CANDIDATE,400.11482,12.37,113.4,316.2642
9101271,K07926.01,FALSE POSITIVE,29.3657204,8.7303,74936.0,135.07289
9118340,K07927.01,FALSE POSITIVE,1.035329922,3.8022,992.8,132.3319
9142714,K07928.01,CANDIDATE,1.12625975,3.62,,132.296346
9159198,K07929.01,FALSE POSITIVE,3.04463691,6.656,47.0,132.4477
9210820,K07930.01,CANDIDATE,377.67241,15.82,514.8,221.098
9227215,K07931.01,CANDIDATE,242.0367,11.01,333.3,181.746
9278575,K07932.01,CANDIDATE,502.25648,14.84,153.2,162.5842
11098004,K08041.01,FALSE POSITIVE,7.508818,6.5,70.1,138.655
11135119,K08042.01,FALSE POSITIVE,383.937324,2.884,627.7,299.28884
11139682,K08043.01,CANDIDATE,10.7781558,3.005,121.3,134.7939
11145726,K08044.01,FALSE POSITIVE,0.619618218,1.2517,50.3,131.7585541
11152950,K08045.01,FALSE POSITIVE,4.17363793,2.738,49.7,134.20036
11182706,K08046.01,CANDIDATE,384.37706,15.139,1204.9,309.208
11294822,K08047.01,CANDIDATE,302.34971,4.978,622.3,418.9534
7811537,K08145.02,FALSE POSITIVE,244.58323,12.822,408.3,159.3552
7874976,K08146.01,FALSE POSITIVE,185.83013,10.14,72.6,295.002
7888957,K08147.01,FALSE POSITIVE,363.346158,4.911,896.0,175.9438
7900114,K08148.01,FALSE POSITIVE,303.91225,15.37,479.5,277.1238
7936194,K08149.01,FALSE POSITIVE,536.52197,4.458,293.9,379.6146
7959310,K08150.01,FALSE POSITIVE,350.514,19.53,213.5,210.8168
8012732,K08151.01,FALSE POSITIVE,431.51734,16.42,5332.7,391.69732
5391407,K08254.01,FALSE POSITIVE,0.638697833,5.1609,141454.0,131.7556646
5468555,K08255.01,FALSE POSITIVE,539.214259,3.464,300.6,439.5039
5638699,K08256.01,FALSE POSITIVE,343.56446,18.94,179.6,203.9865
5683219,K08257.01,CANDIDATE,9.4609418,4.888,47.5,138.7888
5871116,K08258.01,FALSE POSITIVE,54.432903,3.554,307.6,154.9178
5956171,K08259.01,CANDIDATE,402.27493,15.67,294.5,369.6734
6032318,K08260.01,FALSE POSITIVE,235.20613,6.989,642.0,291.0893
9347066,K07933.01,FALSE POSITIVE,20.004714,2.952,115.7,139.0639
9390228,K07934.01,CANDIDATE,22.6432436,0.806,550.4,153.44607
9392016,K07935.01,FALSE POSITIVE,350.65158,7.976,248.1,208.7904
9429631,K07937.01,FALSE POSITIVE,4.18587282,1.998,99.4,132.41733
9469494,K07938.01,CANDIDATE,275.5603,15.09,89.4,237.0977
9518558,K07939.01,FALSE POSITIVE,2.178142613,0.906,172.7,132.03328
9521317,K07940.01,CANDIDATE,188.881049,1.49,325.8,280.06822
11296205,K08048.01,CANDIDATE,379.67276,9.662,253.9,445.9701
11348086,K08049.01,FALSE POSITIVE,391.420272,3.84,236.7,470.44301
11350634,K08050.01,CANDIDATE,278.38935,10.43,262.8,299.537
11357185,K08051.01,FALSE POSITIVE,185.243906,3.276,383.9,177.2769
11358305,K08052.01,CANDIDATE,7.8687123,3.739,89.1,133.2612
11392362,K08053.01,CANDIDATE,9.9105786,5.945,99.5,135.9226
11443757,K08054.01,CANDIDATE,43.9088053,6.265,297.8,169.335
8028465,K08152.01,FALSE POSITIVE,261.684363,3.892,817.0,247.3986
8129641,K08153.01,FALSE POSITIVE,0.808106001,3.9174,7676.4,131.69026
8226720,K08154.01,FALSE POSITIVE,391.33068,12.37,277.2,186.7266
8307354,K08155.01,FALSE POSITIVE,320.56794551,15.3614,898.9,279.6247569
8439949,K08156.01,CANDIDATE,364.98242,12.346,533.0,188.6133
8527297,K08157.01,CANDIDATE,0.58730021,0.82,,132.3502325
8588982,K08158.01,FALSE POSITIVE,116.025744,3.539,1361.0,206.39348
6182508,K08261.01,FALSE POSITIVE,85.9770426,1.919,1064.0,159.3127
6195669,K08262.01,FALSE POSITIVE,370.94353,16.64,1071.3,261.1772
6356506,K08263.01,CANDIDATE,280.55544,12.757,401.4,308.0323
6583107,K08264.01,FALSE POSITIVE,30.6261927,1.107,162.6,157.94613
6681618,K08265.01,FALSE POSITIVE,364.42189,38.14,2498.0,303.9267
6946985,K08266.01,FALSE POSITIVE,440.584562,10.534,65.9,564.12806
7106438,K08267.01,FALSE POSITIVE,269.331027,4.891,515.7,232.6164
9529148,K07942.01,FALSE POSITIVE,25.3428696,1.51,230.5,132.6844
9531850,K07943.01,FALSE POSITIVE,0.66234265,1.049,2359.0,131.714
9541094,K07944.01,FALSE POSITIVE,0.536654028,2.783,41.0,131.70663
9579753,K07945.01,FALSE POSITIVE,1.08908149,2.262,130.7,132.0192
9588880,K07946.01,FALSE POSITIVE,77.97621155,2.0,,175.35495
9592831,K07947.01,FALSE POSITIVE,0.609668222,2.836,287.6,131.934
9602658,K07948.01,FALSE POSITIVE,3.55650403,6.862,132.3,133.5416
11453349,K08055.01,CANDIDATE,4.40660737,2.107,70.7,133.35561
11560397,K08056.01,FALSE POSITIVE,0.527673051,1.631,28.3,131.82042
11565903,K08057.01,FALSE POSITIVE,117.140785,3.401,337.1,245.0828
11601597,K08058.01,FALSE POSITIVE,0.590281548,2.72,21.6,131.69127
11612241,K08059.01,FALSE POSITIVE,4.5647147,13.395,99.3,133.0763
11661803,K08060.01,FALSE POSITIVE,372.086704,3.686,2494.0,404.89901
11661803,K08060.02,FALSE POSITIVE,363.448167,6.013,2124.0,411.19336
8608544,K08159.01,FALSE POSITIVE,348.68162,10.959,309.3,343.821
8608544,K08159.02,CANDIDATE,353.01861,15.583,375.1,350.0863
8618147,K08160.01,FALSE POSITIVE,345.128277,15.925,324.4,218.662
8630840,K08161.01,FALSE POSITIVE,370.38642,23.94,186.2,263.3823
8683144,K08162.01,FALSE POSITIVE,267.970682,11.48,357.7,267.9789
8708961,K08163.01,CANDIDATE,370.98253,17.84,552.3,308.2287
8740744,K08164.01,FALSE POSITIVE,417.829033,15.05,500.8,138.8786
7451315,K08268.01,FALSE POSITIVE,368.5224,36.29,1330.2,177.454
7751294,K08269.01,FALSE POSITIVE,371.4589776,10.0734,456.6,309.8187992
7832787,K08270.01,CANDIDATE,338.00692,16.745,544.3,262.4
8008913,K08271.01,FALSE POSITIVE,34.9989085,1.764,427.1,160.32308
8022520,K08272.01,CANDIDATE,432.42787,19.63,110.3,361.4078
8108450,K08273.01,FALSE POSITIVE,386.78734,15.51,743.7,354.9326
8293631,K08274.01,FALSE POSITIVE,449.557346,17.227,1193.1,142.8226
9604563,K07949.01,CANDIDATE,1.001916708,1.256,70.9,132.47033
9639021,K07950.01,FALSE POSITIVE,2.21568076,1.515,43.6,132.26619
9640649,K07951.01,CANDIDATE,0.862329309,1.044,140.9,132.16214
9643210,K07952.01,FALSE POSITIVE,3.850304552,1.5337,158.0,132.1063696
9650579,K07953.01,CANDIDATE,432.96905,20.76,257.9,186.7367
9650762,K07954.01,CANDIDATE,372.15035,21.23,457.4,453.6928
9651155,K07955.01,FALSE POSITIVE,1.07383154,4.846,31355.0,132.0326
11709006,K08061.01,FALSE POSITIVE,0.719741,2.628,32.2,131.898
11714107,K08063.01,CANDIDATE,405.35457,10.778,545.6,311.8
11724094,K08064.01,FALSE POSITIVE,1.47623061,2.032,39.1,131.603
11774383,K08065.01,FALSE POSITIVE,0.520227316,1.7939,68633.0,131.83796
11804952,K08066.01,FALSE POSITIVE,36.3192885,2.601,400.2,155.94476
11819135,K08067.01,FALSE POSITIVE,1.901655058,4.6545,87321.0,132.83364
11904835,K08068.01,CANDIDATE,9.4640413,6.999,209.9,138.45
8742735,K08165.01,FALSE POSITIVE,331.92622,10.84,809.0,289.5792
8743244,K08166.01,FALSE POSITIVE,346.31688,21.92,1435.0,247.1069
8743244,K08166.02,FALSE POSITIVE,365.61087,16.102,1116.0,185.4567
8748435,K08167.01,FALSE POSITIVE,259.85736,24.04,307.7,291.1798
8766268,K08168.01,FALSE POSITIVE,5.29731736,3.341,167.5,135.5479
8808064,K08169.01,FALSE POSITIVE,447.97028,10.857,512.7,559.6455
8813404,K08170.01,FALSE POSITIVE,374.80095,10.691,144.4,457.3021
8329346,K08275.01,CANDIDATE,389.875816,3.336,2134.0,273.6498
8637903,K08276.01,CANDIDATE,385.858683,12.071,548.4,343.64827
8673511,K08277.01,CANDIDATE,0.757261281,0.905,36.5,131.62154
8873674,K08278.01,FALSE POSITIVE,172.280975,12.24,313.8,216.0303
9011955,K08279.01,CANDIDATE,367.0896,28.02,2092.3,178.6744
9159288,K08280.01,CANDIDATE,66.67305,6.381,472.1,161.59
9209808,K08281.01,FALSE POSITIVE,244.547128,3.59,587.0,133.3618
9656547,K07956.01,FALSE POSITIVE,1.27228771,2.099,82.9,132.49945
9658192,K07957.01,FALSE POSITIVE,1.886002102,1.021,47.4,131.74153
9710611,K07958.01,FALSE POSITIVE,386.35444,9.594,129.6,359.0914
9710626,K07959.01,FALSE POSITIVE,371.21454,19.4,1780.0,497.5266
9710792,K07960.01,FALSE POSITIVE,365.5435,14.78,753.1,132.6904
9770983,K07961.01,FALSE POSITIVE,7.02932339,2.853,81.6,134.66434
9777089,K07962.01,FALSE POSITIVE,19.229478,4.68,115.8,132.5889
11918793,K08069.01,FALSE POSITIVE,38.35312,2.9,3090.0,167.6337
11922290,K08070.01,FALSE POSITIVE,114.661733,2.784,281.8,237.2307
11966668,K08071.01,FALSE POSITIVE,313.19875,8.603,721.0,340.9372
11967872,K08072.01,FALSE POSITIVE,134.370692,8.73,432.6,249.3136
12004656,K08073.01,FALSE POSITIVE,2.52123022,4.739,145.9,132.8709
12008916,K08074.01,FALSE POSITIVE,47.4314857,4.511,172.8,174.6547
12021943,K08075.01,FALSE POSITIVE,6.0962602,10.4,30.4,134.9875
8815031,K08171.01,FALSE POSITIVE,472.6038,12.15,672.0,515.577
8821936,K08172.01,FALSE POSITIVE,371.51852,30.94,263.0,317.6836
8832676,K08173.01,FALSE POSITIVE,323.66542,20.37,1178.0,204.2147
8873873,K08174.01,CANDIDATE,295.06066,16.18,72.2,314.2081
9075882,K08175.01,FALSE POSITIVE,367.01607,15.48,738.6,181.8404
9084832,K08176.01,FALSE POSITIVE,568.08251,13.608,508.3,254.65449
9093859,K08177.01,FALSE POSITIVE,3.0447752,7.35,74.9,132.3975
9239670,K08282.01,FALSE POSITIVE,456.55308,4.435,116.2,527.3529
9388557,K08283.01,FALSE POSITIVE,209.941369,2.97,477.3,268.5679
9532997,K08284.01,FALSE POSITIVE,49.763624,2.749,412.0,135.0312
9536836,K08285.01,FALSE POSITIVE,320.347208,7.159,262.8,406.2309
9592621,K08286.01,CANDIDATE,191.03728,3.595,1607.0,153.9107
10010452,K08287.01,FALSE POSITIVE,358.74318,19.76,760.5,150.554
10226420,K08288.01,FALSE POSITIVE,0.660663034,2.81,134.0,131.68417
9777990,K07963.01,FALSE POSITIVE,14.3400358,5.7,1706.0,140.9329
9813678,K07964.01,FALSE POSITIVE,0.505079006,1.36737,28077.9,131.930776
9826551,K07965.01,FALSE POSITIVE,7.19680984,1.683,50.5,136.63955
9838537,K07966.01,FALSE POSITIVE,1.33257715,5.158,27.1,132.0367
9838761,K07967.01,FALSE POSITIVE,1.33254428,3.122,162.2,132.06788
9839062,K07968.01,FALSE POSITIVE,424.623345,9.666,5132.1,218.25955
9851983,K07969.01,FALSE POSITIVE,1.456383399,11.838,212.2,132.71661
12156930,K08076.01,CANDIDATE,71.10684,6.933,128.4,176.7154
12266099,K08077.01,CANDIDATE,77.177672,2.312,318.6,146.9243
12307496,K08078.01,CANDIDATE,0.805941833,1.4432,3180.4,132.127874
12419303,K08079.01,FALSE POSITIVE,0.608074963,0.879,117.5,131.66689
12453855,K08080.01,FALSE POSITIVE,0.559643825,0.677,1812.6,131.517134
12459808,K08081.01,FALSE POSITIVE,0.502446098,1.803,11.4,131.9359
12602999,K08082.01,CANDIDATE,8.2766028,4.834,73.1,131.7601
9114508,K08178.01,FALSE POSITIVE,256.45616,35.35,17283.0,141.7586
9216810,K08179.01,FALSE POSITIVE,138.62902498,4.93,,235.3730333
9268159,K08180.01,CANDIDATE,185.97534,8.744,54.5,299.6938
9340460,K08181.01,FALSE POSITIVE,388.519605,10.613,151.2,352.2898
9409493,K08182.01,FALSE POSITIVE,60.049737,20.17,16650.0,158.5226
9468848,K08183.01,CANDIDATE,5.8877038,4.009,39.7,135.03738
9649205,K08184.01,FALSE POSITIVE,237.26601,8.74,150.4,315.9446
10341781,K08289.01,FALSE POSITIVE,0.93371211,4.76,126.2,131.5372
10459805,K08290.01,FALSE POSITIVE,461.13781,12.91,408.2,187.0978
10471090,K08291.01,FALSE POSITIVE,0.93376089,3.027,27.3,132.4263
10532751,K08292.01,FALSE POSITIVE,367.761848,4.891,428.0,194.7697
10585887,K08293.01,FALSE POSITIVE,378.65484,11.3,247.8,288.2584
11867733,K08294.01,FALSE POSITIVE,384.356448,3.872,715.7,298.90354
11923074,K08295.01,FALSE POSITIVE,1.75647084,2.538,69.5,132.02757
9873004,K07970.01,CANDIDATE,1.98514635,1.625,233.4,132.02682
9899216,K07971.01,FALSE POSITIVE,1.33259003,3.962,11.9,132.0133
9899256,K07972.01,FALSE POSITIVE,1.33254024,3.16,35.8,132.0784
9899345,K07973.01,CANDIDATE,1.33199285,4.33,,132.6475215
9899621,K07974.01,FALSE POSITIVE,1.33255492,3.63,66.6,132.048
9899623,K07975.01,FALSE POSITIVE,1.33259095,4.947,105.5,132.0329
9906688,K07976.01,CANDIDATE,5.82561701,3.246,142.8,136.0369
12644020,K08083.01,FALSE POSITIVE,234.524445,3.9,876.0,346.4227
2010152,K08084.01,FALSE POSITIVE,317.74527,17.54,206.6,205.9582
2284957,K08085.01,CANDIDATE,419.2615,21.53,287.8,187.5475
2712825,K08086.01,FALSE POSITIVE,18.384953,5.92,92.9,133.39
3443582,K08087.01,FALSE POSITIVE,1.085965104,10.716,10578.7,132.006611
3533483,K08088.01,FALSE POSITIVE,308.185801,3.689,708.7,306.2132
3663850,K08089.01,CANDIDATE,141.400279,3.031,790.1,208.22014
9771576,K08185.01,FALSE POSITIVE,398.71694,21.6,893.9,481.1929
9827094,K08186.01,FALSE POSITIVE,241.8591,12.77,659.0,248.7902
9837720,K08187.01,FALSE POSITIVE,353.04037,14.102,239.6,258.7443
9873604,K08188.01,FALSE POSITIVE,522.33888,13.53,423.7,344.6934
9874581,K08189.01,FALSE POSITIVE,473.56314,5.087,327.4,222.9281
9899449,K08190.01,FALSE POSITIVE,1.332565736,6.0828,2319.8,132.049815
9962731,K08191.01,FALSE POSITIVE,385.39743,21.69,132.3,340.6913
12117215,K08296.01,FALSE POSITIVE,272.54288087,3.0246,807.2,349.7527344
12168280,K08297.01,CANDIDATE,229.957537,7.59,400.0,326.0184
9912977,K07977.01,FALSE POSITIVE,0.9439372,7.27446,279437.0,131.8207372
9938836,K07978.01,CANDIDATE,7.2681817,4.985,46.7,135.9348
9941425,K07979.01,FALSE POSITIVE,1.075158342,1.295,30.2,131.7092
9959368,K07980.01,FALSE POSITIVE,1.33255801,4.74,48.7,132.0631
9959765,K07981.01,FALSE POSITIVE,1.33250451,4.143,27.4,132.1018
10011213,K07982.01,CANDIDATE,376.37989,13.99,1140.0,486.6022
10014875,K07983.01,FALSE POSITIVE,453.64875,18.34,523.4,296.6153
3954211,K08090.01,FALSE POSITIVE,0.594274521,2.162,4691.5,131.839508
4056579,K08091.01,FALSE POSITIVE,239.179477,2.93,750.9,188.47092
4276445,K08092.01,FALSE POSITIVE,405.65377,11.02,521.0,266.3288
4371172,K08093.01,FALSE POSITIVE,73.992267,5.692,225.6,143.4283
4557341,K08094.01,FALSE POSITIVE,361.901618,4.984,184.1,405.3021
4645492,K08095.01,FALSE POSITIVE,508.04103,5.398,371.7,361.7222
4738095,K08096.01,FALSE POSITIVE,309.933134,7.165,176.1,141.9846
10023069,K08192.01,FALSE POSITIVE,266.977677,8.59,389.6,240.84342
10028127,K08193.01,CANDIDATE,367.947848,4.249,1301.0,416.20998
10079317,K08194.01,FALSE POSITIVE,236.25776888,3.3549,168.4,153.9570927
10079481,K08195.01,FALSE POSITIVE,330.80879,21.669,274.8,281.1568
10081899,K08196.01,FALSE POSITIVE,522.64613,17.77,648.1,190.3389
10199817,K08197.01,FALSE POSITIVE,392.94247,11.055,120.3,383.673
10205598,K08198.01,FALSE POSITIVE,373.89398,27.66,730.0,261.4968
10031643,K07984.01,FALSE POSITIVE,8.5898708,4.806,87.7,132.0161
10090151,K07985.01,FALSE POSITIVE,0.527698548,3.2221,1579.2,131.705093
10128825,K07986.01,CANDIDATE,1.73984941,3.114,48.5,133.00127
10147276,K07987.01,FALSE POSITIVE,0.681401611,0.865,103.6,132.18175
10155286,K07988.01,CANDIDATE,333.486169,3.199,639.1,153.61501
10156110,K07989.01,FALSE POSITIVE,4.85603482,3.078,76.7,135.9933
