kepid,period,time0
1026032,8.460438,133.7738129999998
1026957,21.761306,123.01710599999933
1161345,4.287456,172.02898299999651
1432214,161.7883,214.03925400000298
1433410,0.283275,166.951810999999
1433980,1.592634,167.3663979999983
1571511,14.022451,121.50475200000074
1572353,0.228931,131.6745729999966
1573836,3.557093,167.03456300000107
1575690,2.252428,132.43273800000316
1722276,569.95,248.92369999999937
1868650,0.584731,120.76967799999693
1873513,3.290383,168.07463499999722
1995732,77.362721,216.45585299999948
2010607,18.632296,141.48967499999708
2012362,0.386323,131.74470499999734
2019076,7.129228,171.07221800000116
2141697,0.331043,120.8367419999995
2159783,0.373884,131.9755490000025
2161623,2.28347,166.59983700000157
2162283,0.906378,121.34155299999838
2162994,4.101596,132.63165299999673
2166200,8.096956,173.12733899999876
2167890,2.648301,352.8432529999991
2302092,0.294673,131.69058100000257
2305277,0.378772,131.98669299999892
2305372,1.404692,132.954227000002
2305543,1.362273,170.4009090000036
2306740,10.306987,133.42520700000023
2306756,386.6,166.34223100000236
2307199,13.447111,173.17659399999684
2307206,204.031379,253.53868199999852
2308957,2.219684,132.1664610000007
2309587,1.838511,132.10135099999752
2309719,54.35636,164.06927800000267
2435971,0.271828,131.81596700000227
2436378,8.531613,136.27807600000233
2437038,0.267678,131.9806929999977
2437060,3.18711,167.89072399999714
2437149,18.798735,175.62182400000165
2437452,14.46993,141.81652999999642
2437505,21.476422,149.26185899999837
2438061,4.885852,171.09362700000202
2438490,3.315767,168.0144530000034
2440757,1.433771,131.68595600000117
2441161,4.38398,171.6845239999966
2442084,49.788598,175.1920919999975
2444187,0.390159,131.8149790000025
2444348,103.206989,159.47411999999895
2445134,8.412009,139.6477490000034
2445975,3.388882,134.98111400000198
2446623,175.06572,179.04323399999703
2447893,0.66162,132.11374200000137
2448320,0.274108,169.065502999998
2449084,0.739757,167.31986499999766
2449090,4.944,168.8110369999995
2450566,1.844587,168.55328600000212
2452440,8.097045,170.8110450000022
2453212,0.436716,169.01447500000359
2556127,0.418871,120.7102739999973
2557430,1.297736,121.4610360000006
2558370,0.546248,167.09266599999683
2569494,1.523324,167.3491869999998
2570289,0.279028,131.57932099999744
2571439,0.320979,131.70157199999812
2576107,205.583017,29.17142199999944
2576692,87.878533,194.1066920000012
2577756,0.870333,131.66282099999808
2580872,15.926628,145.55129899999883
2693092,39.841524,128.29893699999957
2694741,0.326647,120.77372099999775
2695740,3.615875,123.41820000000007
2696703,6.094094,164.11651600000187
2697935,21.513359,175.46944000000076
2708156,1.891272,121.33559499999683
2708614,52.88589,199.89302199999656
2711114,2.85888,134.17493100000138
2715007,0.29711,131.78211900000315
2715417,0.23644,131.666158
2717141,0.394572,120.75617400000192
2719436,0.74348,166.71536000000197
2719873,17.27929,135.27334900000278
2720096,26.67468,170.0292830000035
2720354,2.821328,123.21538200000214
2831632,2.573172,121.72995999999694
2835289,0.857762,167.44295899999997
2851100,0.890108,132.36497300000337
2851474,2.768293,132.5266499999998
2852560,11.961308,131.91244500000175
2854432,0.322326,131.88032899999962
2854752,0.470433,131.89300599999842
2854948,0.974304,169.4102120000025
2856960,0.258507,131.65850599999976
2858322,0.4364,131.6598010000016
2860594,5.499945,127.31774099999893
2860788,5.259742,132.0669110000017
2970804,0.686992,131.6583230000033
2972514,0.503485,166.88193799999863
2973509,6.627611,125.91828199999873
2983113,0.39516,168.96964000000298
2987433,420.93,196.6801090000008
2988984,0.71302,166.99155600000086
2996347,0.301011,169.1463220000005
2997455,1.12985,131.78864700000122
2998124,28.597884,124.38552799999889
3003991,7.244779,131.8590849999964
3097352,4.02984,166.6549210000012
3098194,30.476531,136.9719780000014
3102000,57.060009,164.25562000000355
3102024,13.782521,125.69736900000134
3104113,0.846786,132.28491599999688
3113266,0.995861,131.84753400000045
3114667,0.888583,166.75322199999937
3115480,3.693703,135.19427500000165
3119295,0.439698,167.0540949999995
3120320,10.265613,126.22231499999907
3122985,0.993488,132.60001699999702
3124420,0.948951,167.57151100000192
3127817,4.327139,122.11773399999947
3127873,0.671526,131.98232499999722
3128793,24.679381,137.77092399999674
3218683,0.77167,132.11832600000344
3221207,0.47383,120.96035799999663
3222471,618.42,536.55141
3228824,0.730942,137.34561699999904
3228863,0.730944,121.26234500000282
3230227,7.047106,125.70223799999803
3230578,6.33761,125.82891499999823
3230787,17.734052,126.18368799999735
3231120,3.90009,168.47811899999942
3232823,0.423907,131.86286700000346
3240159,82.137655,196.12140999999974
3240706,5.489865,137.00328799999988
3240976,15.238869,169.37743300000147
3241344,3.912678,133.42816799999855
3241619,1.703344,122.24795099999756
3245776,1.492059,168.64300399999775
3247294,67.418828,133.43345399999816
3248019,2.668222,265.77300000000105
3248332,7.363607,123.97501000000193
3323289,33.693201,158.86620599999878
3327980,4.231022,134.1066340000034
3335816,7.422006,121.35563099999854
3338660,1.87338,169.2526230000003
3339538,14.658014,125.81685100000323
3339563,0.841232,132.37685999999667
3340313,30.5537,173.98560200000065
3341934,18.839497,137.7685780000029
3342425,0.393415,131.94290100000217
3342592,17.177326,136.19153899999947
3344427,0.651785,167.00310999999783
3345675,120.00401,250.14671600000293
3347485,7.544841,122.02404699999897
3348093,7.96442,167.364628000003
3351945,1.080538,132.32970000000205
3352751,3.495455,121.5971189999982
3353233,0.315778,169.05763399999705
3354616,0.276983,167.18888100000186
3427776,4.016682,134.23997399999644
3428468,114.90868,199.44994700000098
3431321,1.015049,121.4178150000007
3433668,15.021798,158.74011400000018
3437778,0.635582,169.01504299999942
3437800,0.362679,131.74642599999788
3438975,2.976096,171.63261700000294
3439031,5.952026,121.0681689999983
3439180,0.325065,169.03911199999857
3440230,2.881101,134.23841299999913
3441784,52.568726,132.40353599999798
3442054,117.681382,147.20623299999716
3443519,0.353627,120.82609100000263
3443790,1.665784,122.2019700000019
3448245,0.51349,120.9533270000029
3449540,3.212006,132.49371499999688
3454864,0.29412,131.78026200000022
3458919,0.892061,131.81530799999746
3459199,3.141034,166.8907459999973
3530668,1.9462,171.2351819999967
3534118,178.413557,218.22691399999894
3542573,6.942796,126.80759299999772
3543270,4.176929,133.19596099999762
3544694,3.8457,-49332.573116
3545476,0.317689,131.7399510000032
3547091,3.305578,263.3221209999974
3547111,1.207836,167.12651599999663
3547315,1.2847,166.59663
3547874,19.692172,166.266982000001
3549994,0.347182,167.0008680000028
3556229,0.79672,167.33746999999858
3557421,0.393728,120.70672499999637
3558822,1.353421,120.84446200000093
3558981,2.987859,132.15491499999916
3560212,0.346064,167.20521700000245
3633901,0.807387,166.6550750000024
3641446,2.100014,167.21574800000235
3644542,119.679795,176.1055899999992
3654950,8.134725,170.9273269999976
3655326,15.066503,140.65426599999773
3656322,3.663604,123.37947300000087
3659940,0.89627,132.56459599999653
3662635,0.939376,132.01275500000338
3729724,16.418755,166.17646899999818
3730067,0.294079,131.8872429999974
3732732,0.396187,120.91866599999776
3734660,19.942137,171.35291100000177
3734868,10.328036,133.2689210000026
3735597,1.966356,121.42521700000361
3735629,9.328346,166.32246899999882
3743834,0.273615,131.54313600000023
3745184,0.304233,131.73204499999702
3749404,20.306385,148.16619000000355
3749508,1.065734,121.37722000000213
3756730,0.379164,131.96190899999783
3757588,24.089981,154.285063000003
3757590,135.58607,177.92782299999817
3757778,36.514397,382.87992099999974
3761175,5.162343,336.32562000000325
3764714,6.633276,167.3737340000007
3765708,0.431419,169.13673500000004
3765771,5.567717,136.01160600000003
3766353,2.666965,133.72239999999874
3830820,15.582788,135.11426400000346
3832382,0.272649,131.6031490000023
3832716,1.141877,121.23744199999783
3833859,0.431743,121.08482699999877
3834322,0.996858,131.5753590000022
3834364,2.908455,132.31487999999808
3836439,1.540395,121.21302299999661
3836522,1.54038,170.51142200000322
3837677,0.461984,131.80667299999914
3838496,5.980397,169.0074999999997
3839964,0.25615,131.79143199999817
3848042,0.411453,131.75830999999744
3848919,1.04726,131.76558600000135
3848972,0.741057,168.99856600000203
3849155,1.168313,132.04716100000223
3850086,19.114247,179.1651189999975
3851193,1.341079,131.83828699999867
3851320,1.238569,167.2511549999981
3851949,54.771108,143.74786100000347
3852655,11.629058,167.7167530000006
3853259,0.276648,131.78087100000266
3853673,0.643796,132.68781100000342
3858879,25.952311,180.75002099999983
3858884,25.951931,128.928697000003
3858949,25.951139,154.88388100000157
3861595,3.849367,126.72810800000298
3862171,6.996461,168.33600499999739
3862246,4.702494,136.30755900000077
3865298,9.530635,134.81227699999727
3867593,73.332022,209.96480999999767
3869326,8.586044,136.21137499999895
3869825,4.800656,139.1350900000034
3935319,0.353131,168.9739499999996
3936357,0.369154,120.85269700000208
3938073,31.024312,127.84007099999872
3953106,13.17437,139.976075999999
3953981,0.492017,120.82253199999832
3954227,0.594276,169.26553499999864
3954798,0.91848,120.84170599999925
3955867,33.659962,127.82575599999836
3956545,0.33028,131.8849610000034
3956881,0.696945,131.96152900000016
3957477,0.979052,121.93443799999659
3958488,0.622891,121.15470300000015
3964545,3.012475,132.24601399999665
3965242,0.996724,131.91176299999643
3965556,6.55677,166.50458400000207
3966491,1.351972,122.92789600000106
3966912,55.66368,130.07404600000154
3969362,0.410568,131.9646750000029
3970117,110.295122,235.75023800000054
3970233,8.254914,133.15973700000177
3971315,9.892277,136.6905390000029
3972629,0.24424,131.81258499999967
3973002,3.984197,134.88243099999818
3973504,4.318728,170.47816800000146
3973549,1.389955,175.35166200000094
4035675,2.873662,132.5826309999975
4036687,0.299799,167.29221600000164
4037163,0.635444,167.22797600000195
4037428,4.264728,122.40377799999987
4042026,34.820046,163.01566099999764
4043443,119.84024,161.8695399999997
4044005,17.511947,121.74754499999835
4049124,4.804471,136.0038829999976
4054905,274.709022,37.34916399999929
4055092,76.453153,133.98287400000117
4058169,282.53616,241.55423699999665
4059656,4.059398,133.70958999999857
4066203,0.362549,167.0418209999989
4069063,0.504296,131.90634200000204
4069213,5.194256,124.18325999999797
4070376,1.634614,132.33373800000118
4071600,1.674635,121.58743900000263
4073678,0.288244,94.89256800000294
4074532,0.353153,120.94133000000147
4074708,0.302117,131.85667300000205
4075064,61.422806,161.2385209999993
4076952,9.761169,133.70307599999796
4077442,0.692842,121.13032099999691
4078157,16.024671,127.32707700000174
4078693,2.756531,121.99972600000183
4079530,17.7271,161.77137400000356
4138301,0.253379,131.68522099999973
4142768,27.991603,159.65087299999868
4144236,22.913457,140.6457769999979
4149684,4.320849,171.3043600000019
4150136,9.478402,162.57725200000277
4150390,55.251478,254.98185699999885
4150611,1.522279,166.6888009999966
4157488,5.19742,135.1374250000008
4159347,12.283555,125.22765999999683
4164393,49.612756,215.61043800000334
4165960,13.549178,137.13055500000337
4168013,0.310876,169.04413699999714
4169521,1.172556,120.78440399999818
4174507,3.891825,133.0396400000027
4178389,23.210523,134.38524000000325
4241946,0.284384,166.91419499999756
4242692,2.27707,133.63737099999707
4244929,0.341403,131.74625599999854
4245897,11.257822,140.78882500000327
4247023,47.190615,181.59315600000264
4247092,21.056416,171.12954400000308
4247791,4.049739,121.79604400000244
4247991,104.35,190.1040209999992
4248941,8.644598,164.10563199999888
4249218,0.316195,131.85738200000196
4252226,21.858958,151.2621960000033
4252322,14.591516,137.07573499999853
4253860,155.061112,166.51229199999943
4255422,165.405745,141.57535199999984
4263529,10.104016,173.3119880000013
4273411,1.219698,132.66669199999887
4275739,4.343656,255.17895699999644
4276114,3.722407,170.7907699999996
4281895,9.543588,121.69700500000181
4285087,4.486031,133.4501240000027
4346875,4.694219,133.77951700000267
4349483,0.509141,131.90702500000043
4350454,0.965658,131.94270300000062
4352168,10.643748,134.9413459999996
4357272,2.08595,131.96467700000358
4358206,0.951162,131.92093800000293
4359851,13.542328,175.49388599999656
4360072,1087.3,332.61168400000315
4365442,1.714413,166.13694899999973
4365461,3.42883,131.86535800000274
4366923,646.29,234.14944799999648
4367544,2.391222,132.76042099999904
4372379,4.535171,133.2160270000022
4372705,1.278668,167.24478300000192
4372765,15.6398,171.53540000000066
4375101,61.259602,140.69775500000105
4376644,27.677704,146.117929
4377638,2.821875,171.26505799999723
4380283,1.744719,132.90275100000144
4385109,0.274648,131.66795399999683
4386047,2.90069,168.20054600000003
4445630,5.627912,135.8814859999984
4450976,12.044869,123.10954099999799
4451148,0.735984,121.38564400000178
4454219,1.225733,131.66245799999888
4455763,0.766298,170.0007489999989
4456622,1.502816,171.02054700000008
4458989,0.529854,121.15863700000045
4459068,24.955995,124.13780899999983
4464999,0.434164,120.82218299999658
4466356,14.128158,165.3743519999989
4466691,0.482651,166.99898699999903
4470124,11.438984,166.0421239999996
4473933,103.592624,131.2075879999975
4474193,0.322505,131.738943999997
4474637,3.886725,169.99429999999847
4476900,0.279666,167.14170800000284
4480676,1.423934,132.08749800000078
4484356,1.144159,132.01692000000185
4540632,31.005399,150.86079600000085
4544587,2.189097,121.13578699999925
4545729,18.38352,178.69043399999646
4547067,0.407575,167.05455300000176
4547308,0.576928,120.62424399999873
4547480,4.426947,133.5630880000026
4550750,1.567774,167.43957400000363
4551328,1.044116,132.0842530000009
4554004,0.742507,167.15287399999943
4563150,0.27472,131.76947500000097
4569590,41.3702,206.73086099999637
4569923,0.313584,131.65779699999985
4570326,1.121552,121.44272700000147
4571536,0.676715,131.76608799999667
4574310,1.30622,121.66161399999692
4578594,252.155,93.70046100000036
4579321,2.112395,169.94474099999934
4586482,623.0,318.1377779999966
4633434,22.271209,134.7591420000026
4638237,290.14,307.3118669999967
4639868,53.100965,135.97034200000053
4647652,1.064824,120.94699399999809
4649305,22.651138,140.33678399999917
4649324,1.035691,132.22663399999874
4649440,19.370732,167.04642400000012
4651526,0.298145,166.9723789999989
4659255,198.013278,234.1516300000003
4659476,58.996374,160.47936099999788
4660997,0.56256,121.0516540000026
4661397,0.292325,131.68932499999937
4661634,73.894177,159.89970200000243
4663623,358.1,129.6845949999988
4665989,2.248067,132.7520119999972
4669402,8.496468,169.98354200000176
4669592,0.378428,131.986278999997
4670267,2.006098,133.37562400000024
4671584,5.593325,134.0315219999975
4672934,0.382747,131.70533599999908
4677321,1.572181,133.34544299999834
4678171,15.288709,132.80531999999948
4679687,1.027903,167.39176399999997
4681152,1.835922,121.06077799999912
4729553,0.961293,121.46279399999912
4736208,63.681891,167.55300500000158
4737267,9.524076,139.61272800000006
4737302,9.455588,124.21400600000197
4738426,0.248835,131.6596159999972
4739194,1.246586,132.02026900000055
4739791,0.898921,166.89018499999656
4740676,3.454241,121.34784599999693
4743508,2.086079,260.6655600000013
4743626,1.302875,121.92729900000268
4751083,4.53237,167.4016730000003
4753988,7.304426,135.02573700000357
4757331,2.362089,133.30360900000233
4758092,0.289166,131.77925600000162
4758368,3.749935,125.20676100000128
4760746,15.068073,122.46002700000099
4761060,3.361391,169.02178200000344
4762887,0.736574,131.77098799999658
4769799,21.929314,135.50553200000286
4773155,25.706,156.83746599999722
4815612,3.8568,166.31501299999945
4824268,152.151424,215.01517199999944
4826439,2.474295,132.65705400000297
4832197,1.895466,121.96579799999745
4839180,8.852687,120.95236200000363
4840263,1.915648,133.37184600000182
4840327,26.737133,146.84659100000135
4840818,10.049537,133.11944499999663
4843222,0.387405,131.90152099999978
4843592,0.483536,29.09371100000135
4847343,11.416917,172.98738700000104
4847369,12.350014,168.737546999997
4847832,30.960237,139.43415999999706
4847843,30.959726,170.40879100000166
4848423,3.003653,167.58094100000017
4850874,1.775901,120.7744359999997
4851217,2.47028,120.90050699999847
4851464,5.548257,172.060765000002
4852055,2.414857,133.4255009999979
4853067,1.340922,121.8609129999968
4857282,0.250753,71.26488100000279
4859432,0.38548,116.99460499999986
4860932,12.365356,137.89045199999964
4862625,20.000249,134.81933700000081
4902030,1.757606,132.26662200000283
4904304,0.389474,131.74386499999673
4908495,3.120315,132.36804600000323
4909422,0.395103,120.7889090000026
4909707,2.302364,120.91319300000032
4912589,68.376607,132.14149200000247
4912991,8.885035,138.04980500000238
4921906,0.213732,131.61744599999656
4928119,44.639015,156.45250400000077
4929299,0.868719,132.08390900000086
4931073,26.951236,123.97124199999962
4932348,38.036773,158.89679199999955
4932691,18.112079,134.71267300000181
4935914,3.486333,166.24286199999915
4936180,4.640922,131.94357799999852
4936334,0.354369,131.92477099999815
4936680,0.666227,166.8660630000013
4936990,10.314509,354.3084769999987
4937143,9.848876,169.14138100000127
4937217,0.429342,131.62716799999907
4940201,8.816628,134.27692599999864
4940438,9.085907,136.6517909999966
4941060,0.303422,131.6910629999984
4945035,1.174683,169.4235140000019
4945588,1.12908,121.18627600000036
4945857,0.335415,131.83284499999718
4946584,0.453972,230.18270499999926
4946680,8.66526,132.20959399999992
4947528,0.496988,131.67404499999975
4947726,4.726086,132.9223639999982
4948863,8.64359,139.83142000000225
4949187,11.977392,164.74894700000004
4949194,41.263202,164.89452300000266
4949770,1.564091,122.08099300000322
4950505,0.294809,131.86580400000094
4950557,24.714791,124.777141999999
4954113,0.668027,168.99685299999692
4990977,2.649025,133.37879899999825
4991959,0.360939,131.7570609999966
4999260,0.378368,120.74307899999985
4999357,0.990129,120.890959999997
5000179,3.632935,291.7049019999977
5003117,37.609098,153.0926380000019
5005570,0.422844,131.98753600000055
5005618,340.967211,289.066184000003
5006817,94.811969,186.02101799999946
5008287,0.291878,131.56180299999687
5014753,3.170626,133.99905900000158
5015913,2.359937,121.58159400000295
5015926,0.362687,120.96247700000094
5016163,5.24566,131.85649299999932
5017058,2.323895,122.91579300000012
5017127,20.006404,158.92559400000027
5018787,0.607192,132.0146109999987
5020034,2.119111,166.4917310000019
5021174,4.045054,168.63695200000075
5021732,15.039507,144.13548199999786
5022440,3.69395,133.6084669999982
5022573,0.441725,120.97265000000334
5022908,0.637248,166.9720210000014
5023948,3.649293,169.3770450000011
5024292,4.301032,633.3687409999984
5024447,771.83,434.5758029999997
5024450,3.051851,355.47848800000065
5025261,2.171411,168.6917570000005
5025294,5.46269,134.26457400000072
5033682,0.379916,120.73167000000103
5034333,6.93228,121.02761199999804
5035972,49.266827,141.92027100000269
5036538,2.122016,132.5207040000023
5036966,62.735,-49345.682119
5039392,236.727941,135.81294299999718
5039441,2.151383,122.35136000000057
5041569,2.535436,132.22078899999906
5041843,0.457234,166.87155599999824
5041975,2.959929,131.90972599999805
5077629,7.91937,132.58395200000086
5077994,0.696287,121.08667799999967
5078879,1.039371,170.08102099999815
5080652,4.144357,135.16695900000195
5088735,0.507501,170.05977100000018
5090690,24.023325,128.58833099999902
5090937,8.800693,168.08996299999853
5091614,21.142458,138.39091400000325
5095269,18.611962,133.8652860000002
5097446,1.288064,131.9860899999985
5098444,26.948986,151.0226810000022
5103998,174.770166,172.47286200000235
5104097,0.275395,167.03531099999964
5107226,310.916427,354.6170800000036
5110423,5.370434,174.01274399999966
5112567,1.615892,133.1278269999966
5113053,3.1851,168.32835999999952
5115178,12.851724,132.83851300000242
5122112,3.05517,134.43737300000066
5123176,0.707844,120.90341900000203
5127005,1.621124,122.15911800000322
5128972,0.505324,132.0467009999993
5129777,26.15853,168.26457300000038
5130380,19.983,176.91840799999773
5130740,210.302519,285.1337580000036
5166136,0.233948,131.80908099999942
5174346,0.350592,169.13057400000253
5174677,43.542844,150.4242809999996
5175668,21.882115,174.26080899999943
5179609,43.930966,134.2177789999987
5181455,5.579631,133.55269599999883
5181804,4.3505,167.06898799999908
5193386,21.378294,147.20383500000025
5195137,0.324117,131.55405099999916
5196301,1.91041,122.14316300000064
5197256,6.963388,170.0873550000033
5198934,0.834739,132.09027400000195
5199426,78.604362,143.9942910000027
5199489,0.464816,169.248139000003
5201619,0.507276,131.7747359999994
5211385,1.660687,122.44417000000249
5211470,4.808595,171.2273389999973
5213466,2.819311,332.5343890000004
5215700,1.312402,353.2377740000011
5215999,2.531158,132.482686000003
5216727,1.513023,131.92914900000324
5217586,26.06881,247.4038139999975
5217733,161.252379,189.13281599999755
5217781,564.407385,189.0741659999985
5218014,10.845293,138.33396599999833
5218385,0.281537,131.5806769999981
5218441,3.613755,135.28476100000262
5255552,32.448635,137.63649099999748
5259926,0.43781,131.91275499999756
5263802,6.700506,125.14674599999853
5264304,120.58,489.394650000002
5264818,1.90505,122.23343800000293
5266937,5.917086,138.81565899999987
5269407,0.958871,132.6451240000024
5282049,5.910377,354.37474400000065
5282464,0.496399,131.70788200000243
5283266,0.314649,131.67672000000312
5283839,0.315231,131.85536899999715
5284133,8.784576,125.8898709999994
5284262,17.963312,171.9619640000019
5285607,3.899401,126.57600999999704
5286221,15.295983,171.34801100000186
5286786,9.948746,133.80202899999858
5287983,2.507105,170.99439800000255
5288543,3.457076,131.8054209999973
5290305,0.620509,167.3016639999987
5294739,3.735995,135.05320899999788
5296276,1.892003,166.2502650000024
5296877,0.377265,120.81636900000012
5297298,34.193606,121.10216000000219
5300878,1.279443,132.49363299999823
5302006,0.151171,147.50903999999719
5306720,27.364524,143.47352300000057
5306862,2.025638,121.69284199999674
5307780,0.308851,131.97503500000312
5308778,40.5655,116.76210900000297
5309353,1.37638,171.1070120000004
5310387,0.441669,120.66466400000354
5310435,4.931364,123.2909409999993
5343976,4.331392,121.73256899999978
5347537,345.184222,228.84025100000144
5347784,9.584059,129.2860920000021
5353374,0.393321,131.660947999997
5353653,0.368557,167.05969400000322
5356593,45.977868,148.66413499999908
5357682,0.717706,167.23400099999708
5357882,0.387402,167.0894019999978
5358200,0.535948,166.7571089999983
5359678,6.23061,133.1232349999991
5369419,0.43768,121.04697799999849
5369827,3.606928,134.77841700000135
5370302,3.904327,134.3507249999966
5371109,1.191862,132.7897410000005
5372966,9.286357,134.67532599999686
5374883,0.419717,131.75622000000294
5374999,0.45788,132.26311500000156
5376552,0.503819,121.08382200000051
5376836,3.479425,133.31718900000124
5377349,1.116766,132.74856900000304
5384713,60.326804,145.0590319999974
5384802,6.083093,133.9887680000029
5385723,12.444926,165.01388299999962
5386810,0.888891,121.08666800000356
5389616,0.406884,131.77260599999863
5390351,0.547454,166.935725000003
5392897,42.399299,354.4678320000021
5393558,10.217103,137.24563399999897
5394544,0.431974,120.66340599999967
5396122,15.444304,138.16658199999802
5398002,14.153175,176.79371900000115
5425950,0.378168,131.6154749999987
5428668,1.406701,143.43189100000018
5435816,181.851909,251.8774540000013
5439790,0.796086,121.50290300000052
5440746,0.482654,131.94460999999865
5444392,1.519528,121.91511500000342
5450322,0.424019,132.00422499999695
5450814,6.487533,137.62391200000275
5456023,131.978307,179.5873320000028
5458880,3.511689,143.0598919999975
5459373,0.286609,131.67088700000022
5460835,21.539274,144.15353699999832
5461570,0.507661,167.15585699999792
5462901,5.270726,173.08131899999717
5468295,0.352012,131.78228500000114
5471619,0.962835,132.1982530000023
5473556,11.258824,123.47895199999766
5474733,0.883775,233.46037400000205
5475624,1.069843,446.9781670000011
5475712,2.991885,134.1743589999969
5477805,5.00671,234.6602819999971
5478466,0.482501,131.85726199999772
5479973,1.795273,131.8696259999997
5481426,4.768103,169.19019999999728
5511076,6.513199,166.68712499999674
5513861,1.510212,121.99593499999901
5524325,0.624979,166.67931300000055
5527172,3.183967,142.41463800000201
5529643,0.759766,131.79033199999685
5530881,5.082522,132.96076999999786
5534702,1.025466,132.6345070000025
5534814,9.718775,163.29056899999705
5534965,243.821244,159.49512600000162
5535061,0.46343,121.05127299999731
5535280,74.985301,146.13817199999903
5543482,0.294828,167.18621500000154
5546761,17.670652,131.58856599999854
5553624,25.762071,139.73373900000297
5553652,24.328232,141.0411959999983
5557368,0.297931,120.76826399999845
5560831,0.867721,166.8713659999994
5563300,71.054766,134.73329199999716
5563814,0.308234,131.68300399999862
5565486,2.825047,168.43288400000165
5567438,0.58454,131.98952799999824
5596440,10.474857,140.69686399999773
5597970,6.717384,123.77440000000206
5598639,1.297551,122.01338499999838
5606644,0.861931,166.67247700000007
5608566,4.396997,132.4504390000002
5610698,4.132528,132.89132999999856
5611561,0.258695,167.00942000000214
5611763,0.361605,167.10311199999705
5615528,0.339175,131.77113400000235
5615815,0.67425,167.13524799999868
5617953,0.298696,169.06747699999687
5620981,0.333516,131.75935200000094
5621294,0.938905,121.51051800000278
5622250,16.294214,143.19295499999862
5623774,1.13363,131.77358700000332
5623923,1.20875,166.5277819999974
5629353,33.325,183.17297099999996
5630212,47.584765,157.55925600000046
5632781,11.025202,142.7399510000032
5636642,0.9335,166.62818400000106
5640750,987.3,436.63571399999637
5642620,0.986791,132.065125000001
5643492,41.865472,161.1744219999964
5647008,0.799862,132.00885099999869
5648449,4.348864,127.90693699999974
5649206,4.893474,165.77482099999906
5649325,391.1,168.04438300000038
5649956,2.41574,170.9579819999999
5652260,8.92926,168.0105889999977
5652983,498.374739,244.10953799999697
5653126,38.496882,152.81615199999942
5685072,0.255905,131.62651200000255
5696909,0.643003,131.68769299999985
5699617,0.288917,131.79209499999706
5700330,53.220414,138.57900900000095
5702939,18.398201,163.2983680000034
5703230,0.731474,121.35819300000003
5707897,8.416091,165.25412700000015
5716244,1.330333,132.78502100000333
5716763,0.640661,120.9787970000034
5728139,10.668165,131.98082599999907
5728283,6.198279,170.98130500000116
5730394,5.519178,167.56680600000254
5731312,7.946382,135.09316299999773
5733154,62.519903,147.08439799999906
5733384,1.546709,170.51198999999906
5735878,16.832082,133.17440999999963
5736461,7.346164,173.61972599999717
5736537,1.761529,132.9545930000022
5737474,0.397942,167.01988900000288
5738506,9.501479,169.99075599999924
5738698,4.808774,123.59169799999654
5768927,4.390512,123.76933399999689
5770431,0.392437,120.92338500000187
5770860,0.737562,132.27015299999766
5771589,10.739142,129.1167639999985
5771719,12.264877,139.30421200000274
5771961,26.066437,176.8614349999989
5773205,0.266871,167.12326700000267
5774375,1.549977,132.67794899999717
5779852,504.15592,492.29278299999714
5781192,9.459993,128.88258099999803
5783368,1.863873,166.4665160000004
5783676,0.401445,131.49877600000036
5785551,0.266688,169.01929199999722
5785586,0.459621,131.81614499999705
5786154,197.920781,329.6107669999983
5786545,0.280575,168.9874889999992
5790807,79.996246,127.12898600000335
5790912,0.383317,131.71568899999693
5791886,0.32517,166.99237500000163
5792093,0.600588,131.64336200000253
5795648,4.553369,121.7730670000019
5796185,42.559235,374.36605099999724
5796675,16.080676,134.51722300000256
5801571,1.677194,132.3128199999992
5802285,2.41705,131.9844000000012
5802470,3.791873,134.1337050000002
5802486,2.14784,170.40575499999977
5802834,1.092443,121.47665199999756
5807579,17.844325,133.69394099999772
5809827,1.22211,132.4920310000016
5809868,0.43939,131.79702700000053
5816806,4.455436,170.09618800000317
5817566,8.412198,128.01755099999718
5818706,14.959941,170.06461700000364
5820209,0.656087,131.81390100000135
5821050,1.933369,120.93047800000204
5823121,2.298001,132.6287319999974
5858519,4.1825,167.47325299999648
5866099,36.976706,133.6322100000034
5866104,36.976,170.6353700000036
5866138,342.3,93.77296300000307
5871918,12.643297,139.7598300000027
5872150,20.355103,134.64586199999758
5872506,2.126088,167.42487499999697
5872696,0.172613,120.79871000000276
5876360,1.050844,166.81707499999902
5876805,18.173036,355.230521999998
5877364,89.648538,163.42853599999944
5878081,0.591134,166.85756199999742
5878836,0.354879,169.1500309999974
5880320,12.109639,140.21260299999994
5881838,0.300331,172.79522500000166
5887316,0.603081,131.66706400000112
5891963,0.28196,116.81912600000214
5897826,33.804203,134.6288579999964
5903301,2.32033,170.42312200000015
5942093,14.387308,175.0117029999965
5944240,2.553222,166.59121900000173
5951553,0.431971,132.01131799999712
5952403,0.905678,132.1978919999965
5955321,11.637882,142.75256400000217
5955731,1.00383,121.55388900000253
5956588,0.272907,168.9067290000021
5956776,0.569115,167.3035050000035
5957123,2.822975,167.98644000000058
5960283,0.249668,277.1017639999991
5960989,50.721534,150.68650999999954
5961327,0.299202,131.70800800000143
5961350,5.262668,125.09969100000308
5962514,1.580099,166.87894100000267
5962716,1.804608,132.3899489999967
5965819,8.240055,310.7574240000031
5966237,0.397583,167.08364299999812
5975712,1.136093,120.90718999999808
5977736,1.57913,170.03832700000203
5978521,0.608151,131.69490100000257
5979863,16.621854,133.55187499999738
5980800,0.414163,169.03349999999773
5982353,19.563095,134.3539460000029
5983348,25.150784,150.34488299999794
5983351,0.321185,168.95884600000136
5983532,147.288448,399.09221100000286
5984000,0.323058,131.65313199999946
5986209,23.73797,464.3747129999974
5988465,7.056526,127.11862300000212
5990753,7.216592,169.94712699999945
5991936,0.807436,174.92625599999883
5992270,58.43068,168.39117599999736
6023859,27.009878,276.33776000000216
6024572,0.41491,131.65246900000056
6025124,26.837724,158.12433800000144
6025466,1.127801,120.77409800000169
6026204,2.279815,120.94359899999836
6028860,0.844033,170.14757100000134
6029130,12.591632,134.74209300000075
6029214,0.819066,121.3341419999997
6034812,0.367307,120.66726200000267
6041734,24.340024,136.05810499999643
6042031,0.537104,131.56562100000156
6042116,5.407158,125.78070199999638
6042191,43.390923,148.27440300000308
6042214,27.046234,144.90814300000056
6042663,30.971769,151.5314290000024
6044064,5.063207,133.7010999999984
6044543,0.532086,131.91324100000202
6045264,0.90931,132.6341570000004
6046061,0.297256,86.45440999999846
6047498,1.037445,131.60192700000334
6048024,62.816,151.46446399999695
6048106,1.559361,166.8430389999994
6050116,0.239908,131.70800600000075
6056992,10.431153,133.93523699999787
6057829,0.483427,121.07920300000114
6058614,1.73108,171.1318390000015
6058875,1.129868,169.07258300000103
6060580,2.313369,121.63226299999951
6061139,0.322441,131.9133839999995
6063448,76.017696,139.94517700000142
6066379,1.30386,166.81000900000072
6067735,0.446182,120.69549900000129
6072195,2.800123,167.99468599999818
6072578,0.269672,29.142078999997466
6103049,0.643171,131.88891200000216
6105491,13.299638,2070.8576489999978
6106771,0.263826,131.61667399999715
6109688,14.086788,126.19911600000341
6117415,19.741625,136.44596099999762
6118779,0.364246,131.62105000000156
6124941,5.670144,136.20124000000214
6128027,5.455766,136.90649600000324
6128141,1.872624,132.72635099999752
6128248,0.291744,131.7505949999977
6131659,17.52783,127.04139700000087
6137704,178.267972,433.6184629999989
6137885,12.790099,170.38330799999676
6141791,13.659035,165.49225399999705
6143826,1.35476,120.8046319999994
6144827,0.23465,131.64413500000228
6145939,17.745414,173.19522300000244
6146838,27.467201,143.6718669999973
6147122,15.451498,126.76367800000298
6147573,25.836833,137.36338499999692
6148271,1.78529,133.1147609999971
6153219,0.5303,167.26014299999952
6153672,3.364425,320.07228600000235
6182019,3.664965,170.80100500000117
6182849,6.399107,166.69848400000046
6185717,11.702204,139.43055399999866
6187341,0.984599,131.88640999999916
6187893,0.789168,121.08725199999753
6191574,1.03453,131.87858499999857
6191945,6.807377,135.52982099999645
6197038,9.751708,128.77657999999792
6197319,1.663804,132.6496199999965
6200709,3.72353,168.46454300000187
6205460,3.722832,123.45522199999687
6206751,1.245334,121.01309900000342
6209347,2.136577,171.48216400000092
6209824,1.262974,121.9330209999971
6213131,0.561416,169.07656600000337
6220470,8.144136,136.5045650000029
6220497,1.323167,167.31326499999705
6223646,0.364934,120.71110900000349
6224853,0.536048,167.07879700000194
6227560,4.803512,354.6725030000016
6228703,8.400414,122.0563370000018
6231401,6.091956,137.5869440000024
6233466,15.873307,175.61306499999773
6233903,5.990848,168.71911499999987
6262882,0.996501,132.11150300000008
6264091,0.325018,131.64043400000082
6265720,0.312428,131.7276750000019
6267702,0.283196,166.94968599999993
6268648,503.25,380.5174049999987
6268722,2.638433,122.44948100000329
6279974,0.805259,132.09687999999733
6281103,0.363281,131.87062300000252
6283224,0.766473,170.35746199999994
6286155,14.54183,166.66634499999782
6286161,14.541785,166.76537200000166
6286402,0.34332,131.71162999999797
6287172,0.203873,120.65191100000084
6290382,6.128161,137.02798600000096
6290740,15.151827,161.49572900000203
6292925,13.612348,166.63754999999946
6301030,11.991158,167.24799899999925
6302051,0.665873,120.66764500000136
6302592,1.578024,132.20960499999637
6305192,8.025157,164.56310700000176
6307062,75.379007,242.48462499999732
6307083,376.940167,16.284201000002213
6307537,29.744524,127.65901299999678
6311637,1.620813,121.38090399999783
6311681,0.844786,134.21465300000273
6312521,3.015549,169.10708400000294
6314173,1.433263,168.65428000000247
6344429,0.408459,166.94823500000348
6350020,0.241793,131.61378700000205
6353203,0.508504,121.10416599999735
6359771,0.406068,131.9764789999972
6359798,14.154038,126.54328099999839
6362386,4.592402,123.95422300000064
6363494,1.815633,170.94698100000096
6365321,0.848485,131.88752399999794
6367628,3.779692,124.35210099999676
6368316,0.338505,131.6373470000035
6370120,1.354777,131.64169199999742
6370361,0.45491,120.65955899999972
6370558,60.316584,182.36388699999952
6370665,0.932316,132.40528500000073
6372268,5.220047,133.72514200000296
6387193,553.99,97.62642300000152
6387450,3.661326,135.26912399999856
6387887,0.2169,166.96860200000083
6388770,21.34197,176.78661499999725
6390205,0.449402,131.65764299999864
6421188,16.434354,136.2877159999989
6421483,2.158402,121.09689800000342
6422170,624.312,530.2397259999998
6424124,0.385528,131.8913709999979
6426592,394.684665,346.1718830000027
6431545,0.316834,131.58964099999866
6431670,29.911485,264.4767290000018
6432059,0.76974,131.7543000000005
6436029,505.466934,458.0748850000018
6436038,0.376307,169.12734700000146
6443392,0.776976,120.61936399999831
6443538,6.261446,166.77824200000032
6446219,0.444806,131.9527240000025
6447430,1.160002,121.14804900000308
6448768,16.486798,148.0901309999972
6449358,5.77679,122.07340999999724
6449552,20.148811,135.8107830000008
6452742,1.375544,132.5539359999966
6462057,0.478716,121.01854099999764
6464285,0.843651,131.94680499999959
6466939,2.285894,131.90022999999928
6467389,0.288976,120.68617800000357
6468938,7.217012,128.234626999998
6469946,0.715802,170.34296400000312
6470516,2.080431,169.25684799999726
6471048,0.297228,120.6856540000008
6504095,0.306775,131.6326059999992
6504534,28.1626,143.71704399999726
6504954,130.354594,274.4251920000024
6507541,0.327212,131.69946000000346
6516874,0.916327,168.9201150000008
6521542,4.425754,132.68164100000286
6522750,17.445641,135.7454629999993
6523216,14.313156,123.90662400000292
6525196,3.420604,121.35213900000235
6525209,75.13171,184.89932599999884
6526545,2.101418,130.78426500000205
6527229,200.800071,263.87309200000163
6531485,0.67699,131.798480999998
6531496,14.323914,178.17997800000012
6543674,2.39103,132.30384700000286
6545018,3.99146,132.8356419999982
6546508,6.107057,356.79407899999933
6548447,10.768379,122.25731400000222
6549491,0.764653,131.73372999999992
6579806,9.880482,134.0859199999977
6591789,5.08841,134.35444299999654
6593363,18.527824,139.25683299999946
6593575,0.345744,131.82901200000197
6594972,10.819171,132.9851950000011
6595662,2.680514,132.59777800000302
6599919,13.610105,10.666731999997864
6603043,110.324286,197.32654200000252
6603756,5.204283,135.88505599999917
6606282,2.1071,132.4355429999996
6606653,2.698024,132.28459100000327
6606934,37.806939,153.83990500000073
6607610,63.518026,162.18306599999778
6610219,11.300995,129.1341689999972
6611330,35.14669,31.047291000002588
6613627,0.1508,282.34484800000064
6614926,3.026765,133.3272530000031
6615041,0.340085,131.80673199999728
6620003,3.428551,133.31524000000354
6628237,3.840129,135.13910300000134
6629332,4.310556,135.73078600000008
6629588,2.264471,133.78310300000157
6631721,13.738283,134.4298140000028
6633929,0.358908,117.06667200000084
6634112,9.942229,133.84674899999663
6665064,0.69837,131.69745200000034
6665223,119.412025,113.2181500000006
6669809,0.733738,120.99857099999645
6670812,1.741814,168.46173000000272
6671698,0.471525,121.07730299999821
6672229,23.832374,190.88299199999892
6675060,10.443328,164.95923500000208
6677225,0.525027,131.73347300000023
6678383,103.512357,426.3835420000032
6689368,1.270114,121.34379099999933
6690171,85.062415,404.4072060000035
6692340,0.674849,121.1267549999975
6693555,10.874988,164.29885099999956
6694186,5.554224,124.05314699999872
6695510,2.172967,168.71630200000072
6695889,1.106561,132.3737540000002
6697716,1.443249,132.58065499999793
6698670,10.81589,129.07569499999954
6699562,46.270531,127.38451399999758
6699679,0.201203,120.61283399999957
6706287,2.535388,133.38734100000147
6707942,9.0142,167.60744500000146
6756202,290.78597,393.5250289999967
6756669,5.851532,132.8607639999973
6757558,421.16,-484.4301389999964
6758917,2.236102,133.869789999997
6762188,7.155502,134.00122399999964
6762829,18.795266,138.6679030000014
6766325,0.439966,131.71211100000073
6766748,7.002865,136.0125479999988
6775034,10.028547,172.33985699999903
6778050,0.945828,132.5649820000035
6778289,30.13015,122.09994700000243
6781535,9.122086,138.83453400000144
6784887,44.714448,135.34108800000104
6791604,0.528806,131.6824740000011
6794131,1.613328,121.30831800000306
6803335,1.110853,121.33491299999878
6805146,13.779702,123.56866699999955
6805779,0.801921,167.93268399999943
6806632,9.469157,140.97477999999683
6836140,0.487721,131.66137799999706
6841577,15.537535,140.272656000001
6842345,17.381612,177.17191699999967
6843507,0.343182,131.7680429999964
6844489,1.07976,132.37643799999933
6847018,16.662167,125.52358500000264
6849046,4.225385,133.33455500000127
6850665,214.716056,277.5122390000033
6852488,2.172041,133.93768499999715
6853229,0.426111,169.04393900000287
6859813,10.882422,121.7935690000013
6862603,2.861166,171.64562999999907
6863161,1.986639,171.0567779999983
6863229,1.994921,121.48593699999765
6863840,3.852734,131.7458689999985
6864859,40.877843,122.55629999999655
6865626,0.726768,131.84215299999778
6866228,7.70237,137.56276400000206
6867766,12.964725,136.14230600000155
6877673,36.758887,156.09234200000355
6880727,0.412737,132.03271200000017
6881709,6.741116,170.281167000001
6889235,5.18867,123.28587900000275
6891512,3.505126,122.20627999999851
6927629,7.735228,135.3430290000033
6929869,0.283692,167.09372099999746
6933781,130.419563,229.75779599999805
6934587,1.570919,121.47682299999724
6936977,36.473122,159.76588800000172
6939670,4.238855,135.20106800000212
6947164,70.582851,190.49901600000157
6947666,56.690264,181.44217200000276
6948480,175.329305,230.93791700000293
6948815,1.541531,167.43409999999858
6949550,7.841067,136.58714199999667
6956014,1.851182,121.55911499999638
6956216,4.81883,165.41056799999933
6960446,10.149,166.45280900000216
6960487,34.525988,357.2573960000009
6960913,59.88,151.13266499999736
6962018,1.269894,132.0738429999983
6963171,23.308219,164.77755700000125
6964043,5.362582,459.008176000003
6964796,0.399966,131.6836639999965
6965293,5.07782,124.47384800000145
6966265,0.313435,131.7571059999973
7009828,10.642454,135.12385399999766
7013934,0.641368,120.76768199999788
7019489,24.259843,132.48178200000257
7021177,18.645328,184.49740600000223
7023917,0.772842,120.88877800000046
7023960,30.882537,151.5295499999993
7024530,66.153,175.7069199999969
7025540,2.148207,446.40653400000156
7025851,4.681,167.86848299999838
7033748,4.39271,135.71306999999797
7035139,0.309741,131.87177499999962
7037319,0.57811,132.12349600000016
7037405,207.150524,72.62522100000206
7037540,14.405911,461.2363750000004
7038831,0.627291,167.032729999999
7039026,9.943929,163.11850199999753
7041856,4.000669,166.4502760000032
7047299,35.882244,201.41437099999894
7049486,26.718425,138.05084000000352
7050060,22.044,179.47281600000133
7051984,0.678133,131.5394529999976
7060333,2.527248,172.61762199999794
7091476,0.807736,121.38466199999675
7097571,2.213964,121.49571699999797
7105574,20.726066,143.2006859999965
7107567,0.812598,167.30046399999992
7108433,1.519188,166.85199100000318
7115291,52.802776,220.0722870000027
7117003,428.3,276.61818499999936
7117153,0.359529,170.16528899999685
7117541,1.585674,170.06960300000355
7118545,14.797219,144.6951939999999
7118621,0.370553,131.86197099999845
7118656,0.321355,131.7478489999994
7119757,0.742922,132.30313100000058
7119876,0.366364,131.65743600000133
7121885,33.937542,373.1066060000012
7122259,20.882168,459.79999800000223
7125636,6.490661,132.06687399999646
7128918,7.118799,137.15677999999753
7129465,5.491822,133.17109000000346
7130044,0.297665,131.69561200000317
7132542,66.360987,168.37941400000273
7133286,38.510681,155.59537299999647
7136958,29.015853,359.616323000002
7137798,2.253537,121.21770500000275
7173910,0.402244,131.7060679999995
7174349,2.97414,168.19321499999933
7174617,1.608377,133.18626599999698
7176440,0.358271,131.56639500000165
7177553,17.996467,121.54584199999954
7177892,1.386249,121.6513930000001
7186665,8.559396,137.2204950000014
7198474,0.242305,167.06817299999966
7199183,0.324092,169.03076300000248
7199353,0.281987,131.8143940000009
7199774,4.708128,122.94702700000198
7200102,14.665757,139.5733709999986
7203179,2.245739,122.03540300000168
7204041,0.331679,120.96553300000232
7212066,3.840486,353.35529900000256
7212722,2.316172,132.31099499999982
7217866,0.407157,131.72651100000076
7219906,35.08981,153.3951470000029
7220320,0.752158,167.14218699999765
7255336,2.406402,121.89716600000247
7257373,10.466902,122.65843199999654
7258889,0.903905,132.00377399999707
7259722,9.633226,175.8190440000035
7259917,0.384679,120.80664599999727
7269493,1.907806,131.63614699999744
7269797,0.281792,131.70848799999658
7269843,0.268216,131.567796000003
7270230,6.99809,164.90096600000106
7272739,0.281165,131.85229399999662
7273033,0.305033,169.0480549999993
7280704,0.32435,120.7069399999964
7282128,0.34705,131.93570100000215
7284688,0.646043,120.67804299999989
7287391,4.2861,353.181528000001
7289157,5.265807,136.97604899999715
7293054,671.8,311.3557010000004
7295570,3.60377,131.6464810000034
7296094,0.890749,167.509656000002
7304911,0.625551,121.04574200000206
7335517,0.274504,168.92077699999936
7336754,12.155245,133.76630899999873
7339123,0.347103,120.72041699999681
7339345,0.259664,131.77719600000273
7348206,0.401205,131.8998369999972
7350038,13.829942,171.47035100000357
7353970,198.443496,155.61479099999997
7357531,502.124455,230.02208499999688
7362696,4.9313,134.82189300000027
7362751,0.338249,131.744491999998
7362852,7.036714,135.32025399999839
7365447,2.525388,166.7425460000013
7366145,0.864361,131.90295599999808
7367833,0.286199,131.8612659999999
7368103,2.182515,132.35401499999716
7368451,0.373377,120.94151499999862
7369523,5.318837,133.31998700000258
7373255,13.661106,164.9764209999994
7373555,0.536675,131.76680399999896
7374746,2.733892,353.64926900000137
7375348,25.309126,146.19724400000268
7375612,0.160073,120.63870399999723
7375795,19.300796,133.3596980000002
7376500,5.877128,171.65579399999842
7376983,5.644925,356.7376549999972
7377033,3.91362,135.47128499999963
7377343,15.908951,167.29453900000226
7377422,107.622847,153.64442599999893
7378178,0.624269,168.83757499999774
7382250,1.418732,121.9842639999988
7383021,0.466061,167.26989999999932
7385478,1.655478,121.53478400000313
7387296,2.579544,122.3330019999994
7422883,11.414534,125.94523299999855
7431665,281.4,172.28158000000258
7431703,0.572526,120.88764100000117
7432479,0.408459,167.07759500000247
7433513,0.701119,132.2561179999975
7436177,19.933523,163.88228600000002
7440742,0.283992,116.92841100000078
7449844,1.152218,132.12430799999856
7455553,6.516497,137.9001219999991
7456521,276.430009,207.79013100000157
7457163,0.774604,121.1164809999973
7458285,0.660628,131.86362999999983
7466863,11.971139,135.16422600000078
7501230,0.89275,121.44727399999829
7506164,0.558013,131.9026690000028
7506446,0.3526,131.89409799999703
7511416,5.590855,165.0512299999973
7512381,0.423925,120.96987300000183
7515679,5.590435,165.1324420000019
7516345,0.49187,131.9103929999983
7518816,0.46658,120.69127699999808
7523733,3.121159,287.5631910000011
7529123,0.350078,131.93151499999658
7532973,2.144632,121.11557200000243
7533807,0.316845,131.6694690000004
7541502,44.827323,128.58229700000084
7542091,0.390499,120.8731190000035
7546429,0.352121,168.91845599999942
7546791,0.242362,131.60401499999716
7549265,1.962432,280.9726099999971
7552344,2.001481,131.94843799999944
7584739,0.911558,121.43149899999844
7584826,0.622309,132.08065000000352
7590728,0.476722,166.94556600000215
7591456,5.835751,171.5474699999977
7593110,3.549384,166.19299899999896
7597095,0.301206,131.7091470000014
7597703,9.217803,138.60304599999654
7598128,44.258173,144.23670500000298
7599004,4.822893,165.3691949999993
7601633,15.663873,131.73142799999914
7601767,0.486734,167.02440599999682
7605600,3.326193,173.24249099999724
7610340,1.517695,167.2108139999982
7610486,0.457679,131.75354099999822
7620664,0.683718,132.29078899999877
7620844,58.62157,178.56679399999848
7622059,10.403262,138.12786100000085
7622486,2.279996,133.63774299999932
7624297,18.019652,148.66661300000123
7627059,0.32365,169.0062190000026
7630658,2.151135,170.2850350000008
7630690,0.886563,121.58117399999901
7657914,0.474546,120.98057900000276
7660607,2.763401,121.58885600000212
7668648,27.81859,130.31540099999984
7670485,8.467706,139.41131999999925
7670617,24.703844,136.12812799999665
7671594,1.410348,132.3993629999968
7672068,16.836177,172.32530399999814
7672940,1064.27,144.09296000000177
7674050,472.222,363.7166540000035
7676610,1.225675,121.6378790000017
7677005,38.058139,142.40939899999648
7678434,10.371692,172.6168899999975
7680593,0.276392,131.7770890000029
7681230,0.962591,132.41953300000023
7684873,2.947363,121.42635699999664
7685689,0.32516,168.9946740000014
7686918,2.518834,169.15492000000086
7690843,0.786261,121.15834500000346
7691527,4.800231,135.78232800000114
7691553,0.348308,131.87093900000036
7695093,4.032768,133.3003600000011
7696778,0.331236,167.0072020000007
7697065,0.272766,131.74910200000159
7698650,0.599155,132.21437899999728
7700181,0.363698,131.8204889999979
7700578,1.507106,166.75208600000042
7707742,0.758354,166.75084700000298
7708193,7.94245,166.60956099999748
7709086,0.409475,131.8401109999977
7732791,2.064135,171.05763999999908
7733540,0.772582,131.61402400000225
7733731,4.858095,135.1520890000029
7740302,1.153509,120.65674600000057
7740566,0.297063,280.4543110000013
7743464,55.249014,220.22708799999964
7744173,0.398528,131.74757099999988
7748113,1.734663,121.14447400000063
7749504,0.566244,174.85120099999767
7750740,5.874198,134.31794999999693
7751562,17.042159,142.4255839999969
7763269,6.407929,166.12695299999905
7765894,3.204542,123.9799039999998
7766185,0.835457,121.55470200000127
7767559,4.409409,132.20960699999705
7767733,25.198302,369.00805099999707
7767774,0.173388,174.74025899999833
7768447,122.5,252.77768600000127
7769072,0.608863,132.04991899999732
7770471,1.157805,167.18256899999687
7770569,903.59,346.77349200000026
7773380,0.307578,131.88899800000218
7777443,0.885125,121.25727100000222
7778437,5.014232,133.17372700000124
7798259,1.734222,132.83255800000188
7799540,60.0,150.03028600000107
7802136,10.980246,137.13687200000277
7811211,0.902406,131.82383899999695
7812175,17.793925,169.6126660000009
7812455,0.903582,131.87762700000167
7813039,141.73378,167.34456399999908
7816201,0.574957,121.11643799999729
7816680,8.585198,174.69629400000122
7818448,0.618952,131.59142900000006
7821010,24.238243,136.61584500000026
7821450,0.314762,131.681405000003
7830321,2.027396,133.71025199999713
7830460,3.39775,124.41815399999905
7830637,121.599181,211.4978140000021
7831363,2.817258,132.97453200000018
7833144,2.247734,168.2316540000029
7835348,0.664062,132.1735570000019
7836330,0.65839,314.8697319999992
7837302,23.837136,149.9355710000018
7837526,28.29721,137.2339340000035
7838639,4.226395,132.3302229999972
7838906,5.614949,121.6083540000036
7839027,0.720693,131.81930399999692
7840035,13.5421,171.08545400000003
7842610,1.943865,131.90967999999702
7846730,11.028227,125.93835099999706
7847927,70.376267,151.22758500000054
7866921,91.499889,274.2692079999979
7871200,0.242904,120.67732000000251
7877062,0.303652,131.77874300000258
7877824,9.449426,353.3625979999997
7878402,0.374351,131.73517300000094
7879399,0.392697,242.8194650000005
7881722,0.953289,121.11836900000344
7884426,0.296732,131.67495000000054
7884842,1.314548,121.89301400000113
7885570,1.729337,122.15843699999823
7886329,0.567494,120.64141099999688
7887124,32.486427,117.4797550000003
7889628,0.342396,131.79030000000057
7890379,0.345127,167.25210099999822
7897952,66.991639,149.83088799999678
7898576,8.646898,170.00290400000085
7905209,0.419554,282.2379960000035
7906882,52.513565,171.67627099999663
7907688,4.344837,167.0209790000008
7914906,8.752907,129.9714049999966
7918172,191.80664,226.79135099999985
7918217,63.929799,290.7434760000033
7919653,4.210477,132.6746540000022
7936219,0.385598,131.8005489999996
7938468,7.226951,136.16085100000055
7938870,0.580726,120.69399300000077
7940533,3.905597,121.62219400000322
7941050,0.297981,131.78289400000358
7941635,0.762724,132.41338199999882
7943535,4.719339,124.07520900000236
7943602,14.692016,134.66519700000208
7947631,2.516556,133.960659999997
7950775,8.966611,129.6071329999977
7950962,0.826957,120.81920199999877
7950964,0.826957,168.7803070000009
7953796,0.317548,131.84366500000033
7955301,15.324419,135.27290099999664
7959612,0.243214,167.09558700000343
7960547,6.767341,135.26478199999838
7967100,1.927295,132.36614499999996
7968880,1.773919,132.1651520000014
7970629,2.051069,133.52374699999928
7970760,7.649413,124.4568700000018
7971389,26.349614,136.4624530000001
7972785,7.300733,133.5659169999999
7973882,0.346634,131.60643300000083
7973970,9.479933,164.20170399999915
7975727,22.418315,150.37895800000115
7975824,0.40375,167.05391899999813
7976783,1.208852,121.26072800000111
7977261,0.925812,121.34104099999968
7985167,1.384478,121.20048099999985
7987749,17.030854,145.5419929999989
8004839,0.343764,131.95634599999903
8005892,958.0,632.3556570000001
8008128,14.854415,136.55901599999925
8009500,38.476639,150.57513499999914
8013439,8.256215,137.92799399999785
8016211,3.174886,133.75267699999677
8016214,3.174971,133.72564499999862
8019043,1.985586,121.01879899999767
8022489,197.511121,272.40390800000023
8023317,16.579002,146.73347800000192
8027591,24.274432,161.3977040000027
8028158,0.271039,277.12943899999664
8029708,0.313557,167.6010779999997
8039225,1.794127,122.65836400000262
8043714,6.814989,175.09926899999846
8043961,1.559212,121.5559030000004
8044608,106.175938,234.64022300000215
8045121,0.263177,120.76121499999863
8052474,245.44,115.89210299999831
8053107,0.388871,131.71971199999825
8054233,1058.0,-81.19371200000023
8059303,0.373426,120.88260199999786
8074045,0.536393,131.97027499999967
8074805,170.874379,128.75771600000007
8075618,17.561207,137.92303900000115
8081389,1.48944,132.00420100000338
8081482,2.819456,133.86873400000331
8087799,0.926298,166.91975100000127
8088354,2.89783,132.60409800000343
8094140,0.706429,132.14597800000047
8095099,4.206479,132.86711400000058
8095275,23.00735,86.89079599999968
8097553,0.391236,166.90654699999868
8097825,2.936852,121.8826859999972
8097902,0.331564,166.9940609999976
8098300,4.305918,123.7375830000019
8098728,24.485,235.42793600000005
8099615,1.900717,174.67894299999898
8104030,46.83994,164.13784799999848
8106973,439.108378,222.71012000000337
8108437,351.29,207.29574400000274
8108785,0.228827,131.64070000000356
8111381,2.233795,132.48790400000144
8111387,1.273597,121.30094400000235
8111622,15.446059,145.53335900000093
8112013,1.790518,122.19470100000035
8112039,41.808235,186.8644439999989
8112324,0.575925,131.92180899999948
8113154,2.586878,120.87823400000343
8122124,0.249278,131.61283299999923
8123430,11.16999,167.82470399999875
8127648,2.046944,166.49687599999743
8128067,12.429647,133.77132300000085
8128965,7.140378,138.006776000002
8129189,53.647081,152.9714030000032
8143170,28.785943,137.1130639999974
8143757,0.356523,131.83929599999828
8144355,80.514104,206.42986799999926
8145477,0.565784,132.07619500000146
8145789,1.670629,131.9564909999972
8151107,18.001308,177.2773040000029
8153568,3.607143,166.28979399999662
8155368,0.718644,131.8920300000027
8155584,26.017915,157.29957899999863
8164262,87.45717,136.41153399999894
8166095,0.799127,167.08889500000078
8167938,2.565702,169.14496099999815
8167978,22.052716,173.60581800000364
8176653,2.866678,136.9488360000032
8177798,2.900412,262.5032199999987
8177958,1.235256,121.77486099999805
8179747,17.946277,136.94886099999712
8180020,5.803126,234.75020599999698
8182360,0.695146,167.39192500000354
8183389,32.44034,142.25468099999853
8183540,0.684207,167.6767170000021
8183850,0.398359,120.66442700000334
8189196,2.304138,173.353323000003
8190491,0.777877,132.19601500000135
8190613,0.332585,131.80095199999778
8192840,0.433549,132.01489500000025
8193315,2.623874,134.00406900000235
8195877,1.5102,122.14443200000096
8196180,3.671661,121.07515699999931
8197368,9.087857,162.7413979999983
8197406,2.513006,186.20881099999679
8197761,19.73845,178.44888899999933
8210370,153.7,130.67698799999926
8210721,22.672816,138.14208199999848
8211605,20.979525,168.67574800000148
8211618,0.337444,167.23828800000047
8211824,0.841126,167.4806000000026
8218274,1.187353,132.2777300000016
8219268,6.24673,136.3806059999988
8222813,8.704212,357.54806899999676
8222945,0.451123,131.70420100000047
8223328,35.516279,94.89344900000287
8223655,280.157781,286.9421139999977
8229048,5.478953,131.93000100000063
8230809,4.078347,140.31721500000276
8230815,0.345219,120.68008700000064
8231231,0.71161,121.08968699999969
8231877,2.615528,131.77587299999868
8234477,4.028672,133.9568650000001
8240109,2.301188,122.98531899999944
8240861,0.8985,167.00066399999923
8241079,10.919117,167.0092020000011
8241252,0.354044,131.64794000000256
8242350,6.993556,125.00586599999951
8242493,0.283286,131.62184400000115
8242681,4.020629,133.6375659999976
8243263,3.518553,133.83355299999675
8244173,2.184132,352.6995339999994
8245326,0.330767,168.98521800000162
8246781,185.023,88.15009899999859
8248812,0.685366,131.76731299999665
8257407,89.698158,176.30509899999743
8257903,0.515065,132.0576629999996
8262223,1.613015,122.07051299999875
8263746,10.993836,171.76753499999904
8263752,10.993802,160.7945000000036
8263940,0.515495,132.13399100000242
8264097,2.89747,166.79783399999724
8264510,5.686759,170.22990800000116
8264534,1.415798,121.87279999999737
8265951,0.779957,121.24414699999761
8279765,2.757794,132.47417699999642
8280135,0.286885,131.79797300000064
8285254,7.535896,137.78043700000126
8285349,0.66711,120.77882200000022
8285970,0.562488,131.7646190000014
8288404,519.798906,462.5981610000017
8288719,1.510097,121.62321599999996
8288741,0.219766,167.1192250000022
8294484,1.012739,166.83931999999913
8296467,10.303356,137.16754599999695
8298344,0.302875,131.79602600000362
8299947,5.3656,166.43843599999673
8301013,4.428059,124.31098899999779
8302455,4.883976,124.80571200000122
8308347,164.949863,115.05455700000311
8309175,0.299591,131.74857000000338
8311255,0.579116,131.76380400000198
8312222,12.823276,136.17641300000105
8314801,37.183278,148.96278000000166
8314879,0.87776,166.84598099999857
8316503,5.06533,134.98114999999962
8322564,22.258846,172.671918
8323764,6.714245,167.88465500000166
8328376,4.345967,167.22103700000298
8330092,0.321724,131.94234799999685
8330575,1.914158,131.77352999999857
8332986,302.39,6.791670999999042
8345358,9.380633,132.5578749999986
8356054,17.081231,449.9743939999971
8358008,10.064689,135.25025900000037
8360184,0.484545,131.84722899999906
8364119,7.73591,122.51505899999756
8364969,22.571957,145.03398300000117
8365739,2.389292,143.97901299999648
8367007,0.251616,131.9339770000006
8374499,5.251918,136.74017800000001
8374580,176.242786,192.50362000000314
8378656,3.62944,134.70048400000087
8378922,43.263306,150.37729299999774
8379547,6.042039,126.16158200000064
8380743,2.03772,167.73433099999966
8381592,5.78418,173.69396899999992
8382182,1.258714,132.48096700000315
8386048,0.817422,167.2076900000029
8386198,2.581109,123.56153800000175
8386865,1.258041,120.92676300000312
8386982,72.25959,147.27625599999737
8394040,0.302127,131.87845299999753
8397460,1.418957,121.9006539999973
8397675,0.553259,120.72098299999925
8409588,1.360837,120.7176380000019
8410637,408.32,157.59999999999854
8411947,1.797675,133.03287999999884
8414159,11.931133,142.8528890000016
8414914,100.3025,176.77184200000193
8415863,27.533799,147.24026500000036
8428136,0.468144,167.01091199999792
8429415,1.352575,167.19086799999786
8429450,2.705143,121.21768400000292
8429817,6.263495,134.89701400000195
8430105,63.327106,143.6355459999977
8430210,1.975459,133.00806700000248
8431389,0.351093,131.94952200000262
8432040,5.327758,262.4989140000034
8432859,0.35117,167.4515360000005
8435232,49.568282,177.00526099999843
8435247,0.69613,455.0023799999981
8443179,574.729576,411.66825300000346
8444552,1.1781,131.58947500000068
8445775,26.508271,149.62117600000056
8452840,1.20116,121.14806400000089
8453191,11.553531,143.0948389999976
8453324,2.524544,125.72858899999846
8454250,5.08287,121.99197000000277
8455359,2.963678,169.02658900000097
8456774,2.88634,165.60524099999748
8456998,7.531511,128.70939299999736
8458207,3.530162,134.77491500000178
8459354,53.557318,130.39981999999873
8460600,6.352087,134.20645700000023
8474892,199.44,240.8612110000031
8479107,0.767577,131.8179850000015
8479386,11.720756,140.70354300000326
8480642,31.591222,162.49992499999644
8481574,0.326865,131.72836899999675
8488876,5.801881,125.37765699999727
8491745,111.319929,226.6475900000005
8494410,208.867689,64.81894699999975
8495415,2.237218,133.66749800000252
8496820,0.436967,120.98271999999997
8504570,4.007705,122.77715999999782
8506766,48.937411,238.6471390000006
8507073,209.063001,300.8275579999972
8508485,12.595796,172.64446399999724
8509346,6.099033,135.52163499999733
8509781,70.335881,128.61059199999727
8523194,0.878533,121.22374000000127
8539720,0.744499,120.98356700000295
8539850,0.642104,131.74539899999945
8543278,7.5493,135.01055199999973
8545456,0.315204,120.66517500000191
8548416,1.163648,121.9346979999973
8552540,1.061934,121.10566700000345
8552719,88.407466,176.27024099999835
8553788,1.606163,121.99763399999938
8553907,42.032213,124.8828199999989
8554005,0.608341,121.00665499999741
8554498,4.780321,166.43766100000357
8555573,0.326362,131.8301019999999
8555795,0.234523,167.09919600000285
8559589,223.113048,140.94605700000102
8559863,22.470496,143.284087
8560285,85.340879,471.5697599999985
8560840,31.973841,133.85454900000332
8560861,31.973233,133.8677319999988
8561192,2.742593,168.35293600000296
8563964,0.338436,120.84336199999962
8564672,0.434791,230.21762699999817
8565912,1.012174,167.3342679999987
8569819,20.849922,137.55796700000064
8572936,27.795808,146.72306899999967
8574270,15.12019,139.6966140000004
8579707,0.788592,120.85171000000264
8579812,0.661062,167.06919200000266
8580438,6.496033,135.46789700000227
8581658,3.481657,123.73778399999719
8587078,0.584147,167.26214700000128
8587792,0.368169,120.66053300000203
8589754,8.939381,168.77797000000282
8590527,0.73977,120.87065299999813
8590780,8.653893,127.86440199999925
8604993,6.570421,134.01872300000105
8605074,37.601622,157.12159699999756
8608310,0.950382,131.95519100000092
8608490,1.08281,132.47363700000278
8610483,48.799368,160.1954790000018
8616873,0.576079,131.8027310000034
8618226,5.882036,137.65000200000213
8620561,0.782047,169.20502500000293
8621026,4.059429,121.00953599999775
8621353,11.344351,172.84834599999886
8624520,10.240594,172.63195299999643
8624778,0.276262,167.11741099999927
8625469,0.302246,167.52080099999876
8625821,45.396143,227.71390399999655
8626039,0.282891,167.05178300000262
8631160,161.965015,116.9919349999982
8647309,1.022037,167.11294199999975
8652599,1.360993,122.14147599999706
8654097,3.04159,170.4004019999993
8668810,313.1,111.86604700000316
8669092,1.000831,121.28886000000057
8677949,0.284951,168.95182899999782
8678664,15.4204,179.7767410000015
8682849,0.352555,170.0397559999983
8685306,0.808082,121.09206899999845
8686150,51.42589,173.53600500000175
8687088,0.905031,132.21570200000133
8688110,374.546,132.1997279999996
8690001,19.359272,153.63304600000265
8690104,0.408774,131.83339400000114
8694926,0.371486,167.01542499999778
8695779,10.238939,173.67443900000217
8696274,0.391487,131.6930530000027
8696327,0.879229,167.02060399999755
8696442,12.360553,163.1625439999989
8700506,43.797795,172.59890099999757
8700558,4.791815,173.496825000002
8701327,8.508841,121.07517899999948
8702921,19.384383,137.2143389999983
8703129,253.362327,235.74286700000084
8703528,0.399875,120.9679810000016
8703887,14.17098,175.60770400000183
8707639,7.785196,265.7285699999993
8711548,18.778161,149.81467200000043
8715667,0.405708,131.91477199999645
8719324,10.232698,170.80523600000015
8719419,12.625336,165.3072220000031
8719897,3.151425,122.2374439999985
8733497,76.819898,188.12479999999778
8736072,0.477632,166.90923099999782
8736245,5.069482,136.01191000000108
8738115,37.594266,206.17233500000293
8739802,0.274513,168.99986499999795
8742270,397.395497,374.57769800000096
8746310,6.855624,136.02170099999785
8758161,0.998218,120.83260699999664
8758716,0.107205,120.67298899999878
8760135,184.653553,214.8526619999975
8773948,33.469524,154.00707200000033
8780968,5.234487,171.6604890000017
8784288,3.655118,132.26471799999854
8800998,0.882815,132.51405199999863
8801343,2.739874,120.85047199999826
8803882,89.630216,260.2156630000027
8804824,0.457404,131.69984500000282
8816790,0.245856,168.9994599999991
8822555,0.852842,167.23607400000037
8823397,1.506504,120.93925000000309
8823666,0.432451,120.89038299999811
8823868,23.876136,155.00863299999764
8838070,43.362724,171.08466999999655
8841616,1.679585,121.48113300000114
8842170,0.349392,166.9893230000016
8845026,66.467539,160.47517499999958
8845221,5.403462,133.74442299999646
8846978,1.37906,121.87365999999747
8848104,0.824852,131.6259310000023
8848271,9.991665,137.44316799999797
8848288,5.566475,205.38716399999976
8868364,421.428343,262.2098560000013
8868649,4.447441,898.7930350000024
8868650,4.447382,124.95091200000024
8868907,157.324494,380.2151040000026
8869680,7.033951,174.1453180000026
8872737,0.459099,131.78966699999728
8878681,2.496333,122.2186589999983
8878719,0.364635,131.67565099999774
8879427,16.313285,136.85315999999875
8879915,3.442627,132.53124599999865
8891278,12.718709,160.2735759999996
8892720,61.491143,409.59746599999926
8892722,1.794378,169.0340290000022
8892910,10.810134,133.03113299999677
8893936,4.244481,135.9411739999996
8894630,1.084001,121.04945299999963
8904448,0.865983,132.0552469999966
8906039,2.347479,121.93388899999991
8906676,8.209514,125.85292099999788
8908102,5.414582,136.70462099999713
8912308,20.174443,172.7557250000027
8912468,0.094838,120.5769450000007
8912911,3.46356,171.1801689999993
8913061,1.019971,121.10807300000306
8934111,0.364518,131.59231600000203
8935352,10.9088,168.19361200000276
8937019,5.663652,167.86506199999712
8938628,6.862216,133.60308800000348
8939650,3.655321,132.8206599999976
8940961,3.16667,133.9603350000034
8948424,5.88884,132.36037000000215
8949316,0.604357,131.687794999998
8953059,5.49994,136.8687260000006
8953257,3.221785,132.91928799999732
8953296,0.784295,132.22645699999703
8953426,5.331751,120.95451299999695
8956957,0.324382,131.7455059999993
8957887,0.347355,131.88300699999672
8957954,4.35985,134.30845799999952
8958670,2.425317,121.24934699999721
8971432,0.624387,131.79478999999992
8972908,4.200125,259.5897400000031
8973000,28.027873,158.34749600000214
8977179,3.196242,133.10950400000002
8977390,0.653261,121.15695399999822
8982501,0.414491,167.14101200000005
8982514,0.414491,120.92846799999825
8984706,10.1354,132.32308300000295
9001468,17.329966,142.7264520000026
9002076,0.481405,120.98973100000148
9002237,4.350088,134.79945900000166
9004380,0.250333,131.60001000000193
9005043,0.320238,169.13946199999918
9005854,3.780454,135.4582089999967
9007918,1.387207,121.74668199999724
9016295,19.974483,151.65484200000355
9016693,26.368027,169.58303799999703
9020289,0.384028,131.8592009999993
9020426,0.913393,132.44579499999963
9021397,0.426211,131.8080639999971
9024857,35.026594,160.60090599999967
9025914,11.320321,165.832865999997
9026766,0.272128,131.84679799999867
9027841,0.504,168.92489699999715
9028024,3.857863,135.54042800000025
9028474,124.936579,177.67251599999872
9029486,6.277161,132.32979299999715
9030447,0.566698,233.5580719999998
9030509,0.401785,131.96218899999803
9030817,2.026223,133.35640599999897
9032671,0.249608,120.79854199999681
9032900,67.524223,152.4715589999978
9048145,8.667826,137.34077100000286
9051716,1.390816,169.199950000002
9051723,0.403448,131.69911600000341
9053086,1.274841,167.3143429999982
9071104,0.385213,131.7628939999995
9071373,0.421769,120.99136200000066
9071386,4.693306,122.78203000000212
9075704,0.513152,166.89030800000182
9077796,0.23808,131.64524900000106
9083523,0.918421,121.4849069999982
9084778,0.592244,131.64926099999866
9085955,0.359248,169.04332099999738
9087918,0.445607,131.86191500000132
9091810,0.479721,120.60117699999682
9092303,2.577164,167.75503800000297
9094335,0.340759,131.69377099999838
9097120,23.899653,141.1824160000033
9097798,0.334065,131.7211559999996
9098590,2.243571,133.72979499999929
9098810,8.258182,123.24209200000041
9101279,1.811461,132.93221300000005
9101400,1.658037,167.9412450000018
9108058,2.174931,166.72943700000178
9108579,1.169628,121.99794999999722
9110213,0.337054,131.6626449999967
9110346,1.790553,169.21900299999834
9117416,20.034601,145.46624999999767
9119405,18.646323,139.09116000000358
9119652,2.216238,131.69857200000115
9137992,1.470045,123.7147180000029
9140402,2.494166,133.44366699999955
9142964,0.589253,120.88026600000012
9143254,2.275049,132.667429000001
9145707,0.320771,131.76614300000074
9145846,0.29448,131.70227100000193
9149789,0.705023,131.6686800000025
9151763,438.051939,115.99435800000356
9151972,0.386796,131.64808300000004
9153621,305.819678,169.67032800000015
9159301,3.04477,123.3028090000007
9161428,0.302593,169.0824550000034
9163674,1.546289,170.29800100000284
9163796,121.006844,193.98838100000285
9164561,1.267038,132.2556689999983
9164694,1.111364,132.29348999999638
9164836,48.118819,170.83878299999924
9166862,3.855599,170.67973099999654
9172506,50.440314,149.907309000002
9178185,2.992707,133.2958609999987
9179531,6.51078,135.74293999999645
9179806,0.280963,131.81227000000217
9180282,3.037601,122.60683099999733
9181877,0.32101,120.79391900000337
9205993,1.219737,167.49472799999785
9207508,2.015152,132.1115359999967
9210828,1.656413,132.40883200000098
9214712,265.300973,316.8996780000016
9214715,265.3,316.9231559999971
9220600,0.979163,121.44738399999915
9221398,13.78752,122.97379299999739
9228778,1.566594,121.08808200000203
9236858,2.537082,121.31904200000281
9237149,0.526344,131.96048500000325
9237533,1.868656,171.71796300000278
9237755,0.33167,131.77780699999857
9238207,0.231353,168.9666070000021
9239684,0.261816,131.79014900000038
9240664,10.784333,141.4129049999974
9243795,14.44313,124.94708399999945
9245929,0.308375,131.74206499999855
9246715,171.277697,337.5147769999967
9266285,5.61387,132.57202600000164
9268105,0.425694,131.79720500000258
9272276,0.280613,120.6980939999994
9274472,0.30209,131.72602200000256
9278021,3.359472,123.87315900000249
9278553,18.610095,139.08428200000344
9282687,1.680436,167.61106299999665
9283826,0.356524,120.79811899999913
9284741,20.729264,141.22690100000182
9285587,1.811948,166.54601900000125
9288175,0.260935,131.74079699999857
9288786,1.744102,132.76357299999654
9290838,0.363032,131.7478740000006
9291368,3.796471,169.31921699999657
9291629,20.686104,134.61845899999753
9291748,15.926994,176.30105899999762
9307423,0.558616,168.9971910000022
9328852,0.645852,131.88639800000237
9343862,1.123257,166.85025100000348
9344623,14.759479,139.7819810000001
9345163,0.245122,131.75721799999883
9345838,1.045874,121.53206299999874
9346253,34.064578,150.45102300000144
9346655,0.871621,132.1220039999971
9347868,0.31847,131.8352490000034
9350889,0.725948,121.24165000000357
9353182,10.476257,126.05129999999917
9353234,1.486527,132.43145699999877
9356753,0.592679,120.94758500000171
9357030,0.280442,168.917598
9357275,1.588298,121.06566800000292
9365025,0.984304,121.46256900000299
9366988,1.21903,167.4559470000022
9388303,0.266703,169.00221099999908
9389122,0.34995,131.90798099999665
9392331,0.261762,167.33962600000086
9392682,0.892918,121.624705000002
9392702,3.909314,131.8939109999992
9394601,0.876826,122.41545600000245
9402652,1.073104,121.28930499999842
9408183,49.683544,146.6958749999976
9408440,989.985,513.3659800000023
9411317,8.290501,132.24365699999908
9411943,3.844023,134.08783299999777
9412114,0.250252,168.8938730000009
9412462,10.18659,132.52782399999705
9414905,0.456526,131.70962899999722
9418619,6.150247,122.1219310000015
9418994,32.003801,136.494160000002
9419603,1.052417,131.96098099999654
9426071,28.714204,153.89381200000207
9426970,1.771133,166.42179999999644
9446824,4.202335,171.1070669999972
9450883,0.363656,168.99507900000026
9451096,1.250391,121.7294219999967
9451127,5.117402,134.58580300000176
9451598,0.362349,131.80871299999853
9453192,0.718837,131.88902000000235
9466316,0.352535,131.89666299999953
9468296,5.748826,132.27833100000134
9468382,11.082489,169.9140269999989
9468384,11.082578,746.1969289999979
9470054,1.473228,170.41275499999756
9470175,0.303832,131.84147700000176
9472174,0.125765,120.64317799999844
9474222,13.691788,133.79078100000334
9474485,1.025163,132.29227199999877
9474969,21.570506,151.79251600000134
9475663,0.708027,120.84243900000001
9478836,0.254064,169.13251299999683
9479460,2.073883,167.8440580000024
9480516,1.429811,121.2960230000026
9480535,160.13411,203.40560299999925
9480977,0.871031,121.42789300000004
9481674,0.38886,131.799880999999
9489411,6.688928,138.1049469999998
9489947,54.061315,235.84869400000025
9508052,0.279996,131.64950800000224
9508954,1.100646,169.29275999999663
9509207,14.19984,121.54746699999669
9512958,3.237151,172.7429090000005
9514070,0.607256,166.79385200000252
9517991,717.0,22.281871999999566
9519590,0.330894,131.67673600000126
9520700,4.273669,133.61745299999893
9527167,0.280895,169.1540359999999
9528420,4.708469,134.15260500000295
9528430,90.082517,173.98719100000017
9529733,4.809132,134.07640299999912
9529856,37.482225,155.8392759999988
9532123,8.215,167.74253899999894
9532219,0.198155,168.94538599999942
9532421,4.309126,169.1798009999984
9532591,0.358376,131.78851600000053
9533489,197.15,103.00303200000053
9533508,0.373537,169.0574770000021
9533706,0.284118,169.12381800000003
9535080,49.645296,153.0277849999984
9536053,0.472166,132.040052999997
9540226,175.458827,282.6243319999994
9540450,2.154713,133.75503000000026
9541127,0.536651,120.97494000000006
9544350,2.259777,133.04797099999996
9549472,15.713791,132.09715799999685
9551200,0.711922,131.90526300000056
9552608,9.250621,126.15458699999726
9552668,2.387361,122.6286540000001
9569866,1.480323,131.7551489999969
9574614,0.982085,132.6850689999992
9576197,7.964434,136.19414900000265
9579192,12.083542,127.5312019999983
9579499,7.946715,137.1566810000004
9588822,71.76019,313.5744990000021
9592145,0.488867,132.0154509999993
9592575,2.637575,353.1308930000014
9592705,10.275301,136.17262499999924
9592855,1.219325,120.9719630000036
9593528,1.886628,132.36555999999837
9593759,2.494318,166.03488600000128
9596037,33.355613,157.75747099999717
9596089,20.83899,175.17256199999974
9596187,0.953317,131.687539999999
9597095,2.74564,134.45282299999963
9597411,1.575632,132.57738799999788
9602542,1.463174,132.33652299999812
9602595,3.556508,122.85344500000065
9612468,0.133471,120.60380299999815
9613070,2.331853,167.26254099999642
9632895,27.322046,132.42446599999676
9634821,73.7579,183.72825100000045
9635529,4.70391,124.86029599999893
9636559,10.6367,171.65535600000294
9637239,0.773026,121.0629340000014
9637265,1.855453,169.7001850000015
9637299,1.882441,132.73827000000165
9639265,0.506353,131.80821000000287
9639491,0.344546,131.92544800000178
9640921,80.70617,139.43619800000306
9640985,2.178154,132.01517400000012
9641018,2.178155,132.0217960000009
9641031,2.178154,121.13271299999906
9641255,2.178148,132.03565099999832
9642018,0.505111,131.7672539999985
9644680,0.585941,131.70263700000214
9649222,5.918619,132.9239379999999
9649493,0.371569,120.79705000000104
9651298,2.15512,168.71898399999918
9652632,4.977624,122.17551200000162
9654476,0.396324,131.6247829999993
9655129,2.743997,133.75843400000304
9655187,4.416246,120.9659479999973
9656397,204.740105,306.99435000000085
9656543,2.544565,169.4028810000018
9657096,2.138182,121.8053510000027
9658118,24.059995,172.05734600000142
9661869,20.4271,176.7758210000029
9662581,0.258011,169.1162239999976
9664215,3.319496,131.9250319999992
9664382,0.290754,166.9466739999989
9665086,0.296536,167.079902999998
9665503,11.567979,137.34004200000345
9673173,21.29474,147.09592500000144
9674608,2.972045,133.2493620000023
9692336,0.687898,167.36665599999833
9700154,0.257253,131.78893200000311
9700181,2.848618,282.0772950000028
9701423,8.607397,169.8262010000035
9702641,0.503178,131.9625640000013
9703626,0.415148,166.92839500000264
9705459,2.486587,136.59599300000264
9706078,0.613561,121.13728799999808
9711751,1.7115,132.35641999999643
9711769,12.935909,138.27651799999876
9713664,0.321236,131.6751860000004
9714123,50.355461,187.26605700000073
9714358,6.474177,134.39550099999906
9715925,6.308199,165.9319719999985
9715939,12.893029,167.39699799999653
9716456,1.813286,120.7396510000035
9717924,0.395588,167.16110499999922
9717958,67.995354,147.18990399999893
9719636,3.35157,167.7919019999972
9722737,0.418528,131.97396799999842
9724080,1.173918,132.66612899999745
9724993,7.863366,139.54782200000045
9725155,1.127146,120.89897100000235
9752973,0.716709,167.1705989999973
9753154,3.704267,165.5537009999971
9758089,92.729051,177.46022500000254
9760531,0.272798,120.90606500000285
9761199,1.384039,131.72642600000108
9761573,7.441608,167.07912200000283
9761882,24.585978,173.71463400000357
9762519,7.515147,138.07925399999658
9767392,2.914515,166.58021500000177
9767437,0.712722,120.75059299999702
9772531,31.201689,152.2053190000006
9772642,0.275432,120.63377800000308
9774400,10.818293,126.35098000000289
9775253,8.788496,168.83264000000054
9776718,0.544351,166.93912799999816
9777062,19.230038,132.58071100000234
9777090,5.508136,167.3668519999992
9777987,0.2585,167.0675540000011
9783760,89.73956,205.27025200000207
9784230,0.798198,167.48756100000173
9784371,3.301226,124.47272299999895
9785454,184.52,237.6933280000012
9786017,4.498003,123.64047199999914
9786165,0.332625,166.8749469999966
9786798,0.445468,131.9151619999975
9786821,8.593502,131.95428800000082
9788113,2.068058,186.67548800000077
9788457,0.963338,132.18685600000026
9790355,14.565548,168.23685100000148
9790965,0.822068,120.733954000003
9813678,0.505079,167.2869589999973
9818732,45.035591,132.63269500000024
9821078,8.429438,132.29148300000088
9821151,8.429413,166.0089300000036
9821923,0.349533,131.81238199999643
9827122,2.154922,170.19466799999645
9827149,2.131939,133.65140699999756
9832227,0.457948,120.95136800000182
9832545,1.02075,167.09398399999918
9833618,1.408502,131.92409300000145
9833806,0.393176,131.72973400000046
9834257,15.651439,170.01487800000177
9834719,3.243338,133.05926300000283
9835416,4.036605,124.44649699999718
9837083,0.623394,169.31390700000338
9837544,71.661929,387.8922670000029
9837578,20.733749,132.8458299999984
9838047,0.436161,120.7114900000015
9838060,23.815828,226.28757300000143
9838975,18.692866,143.83231199999864
9839062,424.615,340.18839599999774
9839081,2.559241,132.26183299999684
9840412,0.878456,121.55680700000084
9842890,4.988376,358.21250200000213
9842906,4.988602,358.22333400000207
9843435,1.684709,166.96707400000014
9843451,0.442753,169.19333200000256
9846348,26.893157,179.9490020000012
9847239,28.507891,132.79218299999775
9848190,5.241004,188.01553199999762
9850387,2.748501,123.4162989999968
9851142,8.4803,169.77648000000045
9851943,2.163919,132.57433100000344
9851944,2.163902,122.84700400000293
9873869,4.994778,121.18905600000289
9880467,8.973499,171.02789900000062
9881258,4.057025,122.69583099999727
9882280,0.289075,131.87713000000076
9886224,2.99266,167.80634000000282
9886255,105.960942,182.0488039999982
9892471,8.268083,176.3958730000013
9895004,2.250827,120.80210000000079
9895709,1.81893,233.15872500000114
9896435,18.0767,164.3284879999992
9897710,0.425537,131.67706899999757
9898364,7.132382,134.47128900000098
9898401,0.152774,131.7339720000018
9899181,1.332553,166.64357500000187
9899216,10.915849,171.68182499999966
9899345,1.332628,167.94875299999694
9899416,1.332555,121.38953900000342
9902856,271.825762,277.32702399999835
9904059,102.96637,158.05814899999677
9906590,1.686338,121.65985899999941
9907505,39.206808,220.8740059999982
9909497,1.284073,132.77486800000042
9911112,2.33365,168.09167799999705
9912977,1.887874,133.70912500000122
9913481,7.009485,122.80446500000107
9934052,0.352246,131.71910899999784
9934208,9.058487,137.33717500000057
9935245,0.78486,167.29578500000207
9935311,0.273775,168.83887600000162
9936698,5.712151,167.66836399999738
9940565,4.278654,135.1059460000033
9941387,27.659608,141.24713699999847
9944201,0.721523,131.7077780000036
9944421,7.095207,135.37067099999695
9944907,0.61344,131.82635100000334
9945280,1.30346,131.75168400000257
9947924,0.362806,120.73059199999989
9948002,101.263297,214.12463800000114
9948201,0.303181,131.9018950000027
9953894,1.382599,121.53528499999811
9954225,1.340652,132.04971900000237
9955262,77.479926,154.70758300000307
9956124,0.362725,131.88646300000255
9957351,0.495552,167.07818599999882
9957411,0.37469,131.7052939999994
9957659,30.694552,155.7471860000005
9957668,30.695335,125.02462299999752
9962595,11.374443,142.45524899999873
9963009,40.069657,153.0182480000003
9963461,10.581572,172.4343230000013
9965206,16.22755,363.8245790000001
9965691,15.683195,132.93057099999714
9966115,8.947426,123.09754399999656
9967884,5.42835,131.75404300000082
9970396,235.299398,357.48294400000304
9970937,4.877061,166.021467999999
9971475,5.357408,120.92216300000291
9972385,58.422113,130.44626699999935
9991887,0.322396,131.74387800000113
9994475,0.318406,131.7320269999982
9995660,0.41859,131.92683199999738
9995981,0.293267,131.84677699999884
10000490,1.400991,121.24365599999874
10001167,120.390971,124.58651899999677
10002261,12.713794,124.21664299999975
10004546,19.356914,150.98141400000168
10006096,70.516226,142.85665600000357
10007533,0.648064,132.0392520000023
10014536,1.009397,176.90908800000034
10014830,3.030527,134.12443799999892
10015516,67.692052,172.38142900000094
10019399,11.80572,121.24419099999795
10019763,32.504696,365.36196899999777
10020247,0.345557,167.0354260000022
10020423,7.448378,137.69364599999972
10024144,0.815596,168.93381999999838
10026136,9.080194,136.81625599999825
10026457,9.934423,132.87400999999954
10028352,1.386802,187.99842499999795
10030778,29.47316,361.2038010000033
10030943,0.23578,120.67463300000236
10031409,4.14388,124.54836899999646
10031808,8.589644,123.43032600000151
10032392,0.391157,131.91891100000066
10032935,0.320516,131.6723490000004
10033279,72.491391,139.7755709999983
10063044,1.009672,132.59558500000276
10068030,2.023119,132.0740070000029
10068383,7.30497,176.94934400000056
10068919,43.562272,153.26994900000136
10074700,365.65,238.99080700000195
10074939,0.277094,230.30503699999826
10083623,1.278539,131.5375120000026
10084115,0.305666,131.75220299999637
10090246,2.286106,133.5387520000004
10091110,4.218517,352.8679310000007
10091257,3.403848,123.44498000000021
10091703,710.5,793.1956970000028
10092506,31.041675,164.35230700000102
10095469,0.677763,166.86583499999688
10095512,6.017194,120.88845500000025
10096019,6.867469,167.0
10096864,1.946702,169.2649289999972
10119517,0.737494,121.00087599999824
10123627,0.294939,131.80740499999956
10128961,0.347743,131.9235140000019
10129482,0.846291,132.19240700000228
10135584,0.391294,131.96482899999683
10148799,0.346605,131.94912900000054
10149237,0.297996,118.2440179999976
10149845,4.056365,168.0706050000008
10152836,220.93,277.1082600000009
10153011,83.097598,162.94530800000211
10154189,0.411239,131.71319000000221
10155080,3.860903,124.04813699999795
10155563,0.360267,120.87669800000003
10156064,4.855936,121.4581360000011
10157573,5.115738,132.34096000000136
10158418,5.007412,125.00862800000323
10159014,8.777397,170.98219399999653
10162999,3.429215,170.0201620000007
10186945,0.793671,131.78415200000018
10189523,1.013916,132.4185589999979
10191056,2.427495,122.03146900000138
10191070,1.213745,131.74551600000268
10198097,2.815224,167.73651000000245
10198109,17.918743,146.39220300000306
10206340,4.564401,123.96264599999995
10208759,4.575031,134.6470380000028
10215422,24.84708,154.1269089999987
10215869,5.01727,169.5987909999967
10216186,0.605939,132.01659400000062
10221886,8.316718,171.92975899999874
10223616,29.124583,142.14465200000268
10225800,1.423797,132.65456399999675
10226388,0.660657,121.11652999999933
10227863,5.139709,135.07343499999843
10228240,2.173421,167.6973199999993
10228942,21.025442,127.19645699999819
10229723,0.628724,120.68428999999742
10232123,1.343766,121.18185200000153
10253375,0.375325,166.9282069999972
10253421,0.428354,120.63441099999909
10255110,0.336703,120.62363999999798
10257903,0.85857,132.0284049999973
10258558,20.867856,136.40309600000182
10259029,7.06114,169.86603199999809
10259301,244.833,285.9473960000032
10259530,0.707206,131.5884389999992
10264202,1.035148,132.550175999997
10265602,165.344678,174.29087099999742
10267044,0.430036,131.8609030000007
10268809,24.708999,138.99995099999796
10268903,1.103966,166.91057700000238
10274218,1.764112,170.41199900000356
10274244,13.68369,121.52646300000197
10275074,4.362884,166.25039899999683
10275197,0.390835,120.7073040000032
10275747,0.661748,121.27469700000074
10275887,9.72675,139.47666700000264
10280990,0.384457,131.9186370000025
10285661,0.308292,169.03806800000166
10287248,4.722257,900.7523539999966
10288502,0.230185,131.67741899999965
10291683,2.043743,121.27044600000227
10292238,143.119263,266.35818100000324
10292413,0.559159,121.20220900000277
10292465,1.353374,131.93471200000204
10294608,3.708984,123.21828300000197
10295951,6.810825,122.4244269999981
10296163,9.296764,126.38739999999962
10319590,21.320459,132.71674299999722
10320341,30.114691,158.5282720000032
10322296,0.315033,131.7803039999999
10322582,0.291269,131.55951099999947
10330495,18.060081,138.6102269999974
10332789,18.740726,135.2064309999987
10334122,37.952857,150.5535830000008
10338279,5.66027,168.42713199999707
10341913,1.867498,134.3137859999988
10342041,1.867493,132.45373600000312
10345478,14.498387,139.18450299999677
10345862,58.288224,135.8755020000026
10346522,3.989142,132.57114800000272
10350225,0.28207,131.82747799999925
10351767,0.63507,132.1146149999986
10352603,32.778987,159.97376899999654
10352938,6.471629,168.72448299999814
10355671,0.30363,120.6370539999989
10357852,0.488341,121.07104100000288
10363300,0.934926,132.17772200000036
10383620,0.734563,121.12647399999696
10383696,8.4877,168.4682180000018
10384962,2.879243,133.27985700000136
10385682,6.207461,132.8737059999985
10388897,0.343729,131.74749200000224
10389596,2.6093,323.06128300000273
10389809,0.397397,131.6706120000017
10389982,0.443989,131.67149999999674
10395202,0.305945,131.64334499999677
10395543,3.68747,167.19219000000157
10395609,0.364254,131.76054499999736
10407221,0.93374,178.20003900000302
10417135,1.203332,132.31663200000185
10417986,0.073731,167.02747600000293
10418797,23.355348,146.47776400000294
10419211,11.521427,136.27509799999825
10420279,45.43325,172.94379099999787
10422852,1.39889,132.16588900000352
10447902,0.337464,131.63457699999708
10454401,12.180722,139.34520699999848
10454725,0.831768,131.748311000003
10460629,525.02,83.24340900000243
10462826,50.467032,132.00866700000188
10464078,19.404017,133.67418200000247
10464666,131.734237,194.548566999998
10468514,0.424938,132.0271470000007
10480952,4.074906,121.36416399999871
10480982,19.221388,146.1086789999972
10481912,0.442368,120.71825900000113
10483644,5.110771,133.31461000000127
10485069,0.445272,233.49414799999795
10485137,0.445275,121.05836999999883
10485250,16.469783,180.88611800000217
10486425,5.274816,136.70843199999945
10487119,6.74936,175.6462870000032
10489521,3.224504,167.31703600000037
10489539,19.763878,173.6367790000004
10490960,5.682411,133.6368399999992
10491031,4.398138,124.26630000000296
10491544,22.771984,163.25522300000011
10491554,22.77212,163.21623499999987
10514770,1.87242,132.49340500000108
10518735,19.515,175.2463859999989
10528299,0.399802,131.63168099999893
10534155,4.327092,168.02636599999823
10535807,1.481656,132.69904600000154
10544976,0.350469,169.12369600000238
10547209,2.25404,133.5084530000022
10547685,2.777022,123.45422300000064
10549576,9.089466,139.07879900000262
10551346,1.427963,131.89539199999854
10555365,5.80181,166.5859879999989
10556068,2.117156,122.36592199999723
10556578,1.252864,170.73754300000292
10557008,0.265419,131.63700899999822
10581918,1.801863,306.3629149999979
10583180,2.696281,133.01089099999808
10583181,2.696323,122.21089499999653
10583225,2.696307,133.0120059999972
10586874,0.535487,131.74788100000296
10592163,14.762947,133.77244600000267
10593759,6.26521,123.47657800000161
10596883,0.468911,169.01764399999956
10599397,0.937407,131.91081600000325
10600319,0.281516,131.868220999997
10601549,1.463773,132.8070880000014
10601579,8.098754,134.7746130000014
10602291,20.927361,139.3248850000018
10611450,11.652748,164.22122300000046
10613718,1.175878,120.88622600000235
10614012,132.167312,149.32847500000207
10614158,4.46226,133.71403000000282
10616571,23.673107,136.95615800000087
10616656,25.285262,135.9654470000023
10616829,1.072934,132.29306099999667
10618253,0.437403,131.98556899999676
10619109,2.045183,122.13677199999802
10619506,0.503555,131.98960100000113
10651945,25.366996,189.54752100000042
10656508,124.035832,136.0148180000033
10657664,3.273699,123.7698739999978
10659313,15.249337,128.41260399999737
10661783,1.231363,121.9543199999971
10664416,25.322174,189.17439000000013
10666230,1.577797,232.70640399999684
10666242,87.23948,153.39233499999682
10676927,1.0311,166.93130499999825
10677186,100.401305,416.88511299999664
10679505,5.675186,167.28996100000222
10680475,0.349832,131.7765339999969
10684673,0.192556,193.59880800000246
10686876,2.618427,120.94981499999994
10710755,4.816611,133.76289499999984
10711551,10.692219,139.9645870000022
10711646,0.737652,131.6862059999985
10711913,19.408016,174.20417699999962
10711938,0.357604,120.87565400000312
10723143,0.307642,131.84130600000208
10724533,0.745092,121.39154099999723
10727655,0.353365,120.90917400000035
10727668,2.3059,166.37837800000125
10728219,3.371808,138.24377300000197
10735331,213.399342,274.19748000000254
10735519,0.907064,121.05296300000191
10735564,1.674985,445.01469299999735
10735988,1.927174,132.5724160000027
10736223,1.105094,132.54505500000232
10737574,0.365621,167.16339400000288
10743597,81.194624,103.09449100000347
10743600,0.817023,168.7874690000026
10748621,286.18,27.84045199999673
10751515,56.406491,227.00136699999712
10753734,19.406692,149.80707499999698
10753751,0.442962,277.14791200000036
10789421,0.776852,120.91944800000056
10794242,7.143706,137.80328100000042
10794405,0.952377,132.33564299999853
10794878,0.432771,121.03394200000184
10796477,0.484966,131.6788860000015
10797126,0.43244,131.6241630000004
10798605,56.048166,159.1665920000014
10798838,62.127665,172.06560100000206
10799558,0.36648,131.64631699999882
10799735,37.5903,157.35031699999672
10801703,0.313092,131.82703500000207
10802917,0.272452,166.90579299999808
10809677,7.042176,137.73502700000245
10809970,0.447055,120.65745500000048
10815379,0.89052,169.31681099999696
10816107,2.16158,131.80282299999817
10818544,1.369217,121.30297299999802
10844279,0.623413,167.22805700000026
10845188,249.361945,279.6858399999983
10847118,0.293553,131.70294699999795
10848459,1.736952,132.0938010000027
10848807,0.346247,166.98759900000005
10849244,24.261683,122.97928400000092
10854621,0.375939,131.6228689999989
10855535,0.112782,131.62931499999831
10857342,2.415925,172.26456999999937
10857519,2.053334,167.3701329999967
10857589,32.532526,147.07643799999641
10858117,606.11,15.71462099999917
10858720,0.952378,121.85892600000079
10861842,0.471943,131.8178079999998
10863286,3.723867,122.43462
10873904,9.885633,163.75376600000163
10874226,11.973625,139.24977899999794
10874926,11.703107,133.7209950000033
10877703,0.436937,131.73717900000338
10879213,1.336971,166.9130739999964
10880490,0.298005,131.8578869999983
10904857,3.120831,164.4322119999997
10905804,0.751097,131.88716600000043
10905824,2.719535,170.27677699999913
10909274,39.23814,148.65088500000275
10916675,0.418868,120.70025200000237
10919564,0.462137,28.98752300000342
10920086,3.213193,132.14366500000324
10920314,0.505169,120.58660999999847
10920813,53.740903,185.4494179999965
10923260,7.436017,143.95342900000105
10924462,0.375372,120.92280000000028
10924853,4.204809,132.2862810000006
10925104,8.041339,134.99322199999733
10934755,0.786484,131.84244999999646
10935310,4.128795,124.32130999999936
10936427,14.361023,138.8421890000027
10937609,2.570431,122.90841899999941
10960995,3.117087,352.88050400000066
10963242,6.146822,135.07853400000022
10965091,0.235855,131.6962360000034
10965963,6.640242,132.7752229999969
10972830,0.67845,166.9951230000006
10973583,6.256343,171.07806100000016
10979669,0.925768,121.50084200000128
10979716,10.684056,134.08225900000252
10987439,10.674599,138.88392000000022
10989032,2.305098,133.70472799999698
10991769,3.281345,169.67293800000334
10991989,0.974478,121.64790999999968
10992733,18.525918,144.1940969999996
11012801,0.367311,131.73029400000087
11013201,0.227394,168.99070599999686
11017077,0.708564,132.10094499999832
11021252,3.269192,133.2553939999998
11027722,0.678137,132.13780099999713
11036301,0.285237,131.7151819999999
11036692,0.358947,169.03666599999997
11042923,0.390162,131.7742819999985
11044668,139.45,122.00105500000063
11044779,15.608623,362.8227279999992
11045383,41.166738,158.939065999999
11046124,4.307409,169.5196849999993
11069176,15.379615,143.3825549999965
11071207,8.049635,138.6534010000032
11071278,55.885225,159.11051399999997
11073223,11.578947,131.7970209999985
11076176,0.699986,131.8377729999993
11076279,1.472585,132.92687399999704
11083888,0.342667,131.6854519999979
11084647,0.311674,131.74498299999686
11084782,0.586535,120.86516300000221
11086270,12.691047,137.12639299999864
11091082,0.385082,131.77742299999954
11097678,0.999716,121.85702399999718
11099351,2.377955,123.04478399999789
11100657,8.344101,161.57924800000183
11122789,3.238154,167.64206399999966
11124509,8.892905,135.73005199999898
11125936,2.672217,160.89204099999915
11127048,0.299323,131.7861899999989
11133313,27.400893,165.05476900000212
11134079,1.260566,132.05910099999892
11135978,0.292059,120.92634499999986
11137143,0.313533,131.7766980000015
11138155,4.959328,132.58260000000155
11144556,0.64298,121.06101499999932
11147276,3.133058,134.10284500000125
11147460,4.107736,132.9428229999976
11147814,95.178299,224.59623299999657
11151970,0.311629,121.06713100000343
11153627,0.561697,132.03703400000086
11154110,0.529664,132.02687600000354
11175495,2.191027,121.00579100000323
11179657,0.788912,168.96758699999918
11180361,0.533061,131.77786699999706
11182260,1.291972,121.00645999999688
11187837,17.604587,135.29031099999702
11189127,2.671943,121.75808900000266
11190836,0.404016,131.6631819999966
11193447,0.625884,120.97749499999918
11197126,4.494809,121.29855400000088
11197853,0.698461,166.7748750000028
11198068,0.400175,131.96448499999678
11198723,6.840306,137.57059799999843
11200405,4.6396,167.57657599999948
11200773,2.489552,132.04338200000348
11228612,2.98048,134.40122300000075
11230837,0.446079,132.04447999999684
11231334,4.157481,160.02032999999938
11232745,9.634244,137.9190260000032
11233911,4.9599,136.12210900000355
11234677,1.587425,120.87260699999752
11235323,19.668402,132.5231849999982
11236035,2.319003,324.20386500000313
11240948,3.401937,168.2521540000016
11241814,227.664376,232.2112730000008
11242721,19.651205,140.0997639999987
11244501,0.296676,120.81535599999916
11245381,0.306992,120.64174500000081
11246163,0.279228,131.5631480000011
11247386,0.394325,166.83411099999648
11249624,65.583721,248.23197999999684
11250867,2.252822,122.62117099999887
11252617,4.47812,173.17322799999965
11255667,0.818914,121.26924200000212
11255761,4.992677,134.60877099999925
11284227,0.437571,169.11290500000177
11284547,0.262441,131.53497600000264
11285136,2.368178,171.69790199999989
11285625,10.790444,142.3345100000006
11287726,4.737714,132.32467599999654
11288684,22.210063,165.31834099999833
11289003,0.330342,167.0137739999991
11295026,0.290855,120.88864599999943
11295347,0.88844,121.53800999999658
11303416,0.320784,131.92775899999833
11303526,0.72009,121.13833899999736
11303811,3.379469,169.29841499999748
11304987,1.385386,131.80289500000072
11305087,0.309267,131.83673499999713
11336707,0.251298,131.6373719999974
11338865,0.880385,121.09201100000064
11341950,0.288371,131.80673399999796
11342573,91.056035,204.84559699999954
11347875,3.455091,132.55277000000206
11350389,1.512644,132.02510800000164
11352791,0.280519,167.16354500000307
11357192,186.516787,169.6108699999968
11358392,0.984977,121.56494299999758
11359305,28.487115,132.87151399999857
11391181,8.61734,139.06847500000003
11391667,1.083737,121.13130800000363
11391755,25.104115,146.4338560000033
11392618,110.93,174.21863999999914
11395117,0.306517,131.84591699999874
11395645,0.496909,167.01136199999746
11401845,2.161399,172.93005499999708
11402381,0.417365,120.88404199999786
11403032,7.631634,168.91081000000122
11403216,4.053253,353.6197620000021
11403776,0.401806,167.04267100000288
11404644,5.9026,136.3880449999997
11404698,0.590192,131.78839699999662
11404758,0.351246,131.82536699999764
11405559,0.284937,131.8445900000006
11408810,0.749287,120.86854199999652
11408935,15.99509,147.30469699999958
11409673,12.317869,165.1466320000036
11409698,10.267827,139.1761639999968
11410485,0.428793,131.8549090000015
11413213,0.237466,169.09494899999845
11442348,0.312841,131.60533600000053
11442465,33.933831,152.74200700000074
11442793,842.4,147.0969269999987
11444780,0.286714,131.58987999999954
11447953,1.498884,122.25116200000048
11449844,38.478764,151.8521499999988
11455484,6.14275,165.88571899999806
11455795,1.057335,131.7916419999965
11457191,2.298395,132.96708899999794
11460346,0.385648,131.7149419999987
11463211,1.506354,131.83273200000258
11465813,670.7,452.8165979999976
11494130,18.955414,129.68385500000295
11494583,0.248342,131.68520100000023
11495766,8.340443,176.37772899999982
11495781,0.507934,121.0416269999987
11496078,0.299719,120.5998630000031
11498689,0.306306,131.6072320000021
11499263,46.698217,214.39577100000315
11499757,12.314398,134.25142200000118
11502172,25.431959,135.6170809999967
11502581,0.333636,131.8750510000027
11506235,20.413055,140.0160160000014
11506938,22.57478,171.62579299999925
11509282,0.634034,132.03678699999728
11515292,3.419467,165.5985389999987
11517719,2.495779,132.84058799999912
11519134,58.584986,140.79910599999857
11519226,22.160715,140.0180079999991
11521048,25.702869,143.41747900000337
11546211,2.194421,132.60001699999702
11547869,10.727417,165.077747000003
11548140,2.7573,132.55513200000132
11558882,73.921006,154.66150599999673
11559864,0.383301,131.68212399999902
11560037,1.466522,131.9976569999999
11560447,0.527679,120.73031400000036
11564013,1.750536,169.69450099999813
11566174,0.276875,131.60443099999975
11568428,1.710629,166.43831900000077
11568657,13.476046,140.94292799999675
11568987,15.959945,171.50873100000172
11572363,19.027753,165.47340200000326
11572643,0.345404,120.74027000000206
11599264,8.428151,459.4330259999988
11601584,13.979485,142.3393189999988
11604958,0.29893,131.6531759999998
11612091,0.454269,120.78030299999955
11615481,65.432011,221.3304369999969
11616200,1.718649,121.89844599999924
11616594,14.587612,136.1906949999975
11618883,0.684872,306.4424100000033
11619964,10.368555,132.71756399999867
11649962,10.562737,140.75821700000233
11652545,0.412795,120.79815499999677
11656302,22.264809,150.83740299999772
11656840,7.44266,132.75738299999648
11662440,13.639457,171.81154599999718
11671429,112.463712,197.5568060000005
11671660,8.710339,123.54447100000107
11672319,0.331775,131.8132620000033
11673686,4.618769,124.14827900000091
11700133,6.754017,168.6629449999964
11703960,0.604417,132.1671869999991
11704044,13.765345,182.2291150000019
11704155,0.273867,120.60457299999689
11706658,1.407943,132.26679400000285
11716688,0.301218,131.8459389999989
11717798,0.374715,131.94820299999992
11722816,0.320373,131.7442349999983
11724091,1.55909,120.85810800000036
11724210,5.746018,132.04168899999786
11751847,0.331484,131.71613300000172
11761199,213.622902,141.6350620000012
11768970,15.541353,126.41377700000157
11769146,282.965828,193.50162799999816
11769739,0.252473,131.65985799999908
11769801,29.70822,151.6471709999969
11774013,3.756248,167.57262700000138
11774383,0.520227,167.20939000000362
11805075,199.839898,225.36339299999963
11805235,0.395193,131.73592199999985
11811454,2.274628,122.91786699999648
11817750,9.762551,121.9086030000035
11819135,1.901638,167.06539699999848
11820830,12.73187,126.00036199999886
11824222,15.841336,145.45989700000064
11825057,0.532088,167.0877580000015
11825204,0.209636,131.74609300000157
11826400,5.889372,123.00022699999681
11853130,76.879392,146.88129499999923
11858541,5.674353,135.75406900000235
11858979,3.059169,131.79667099999642
11859811,22.314148,134.2102620000005
11867071,3.96385,166.71714300000167
11869052,20.545495,137.90948100000242
11873166,1.468852,120.91473599999881
11874338,15.975177,167.6627959999969
11875511,67.451544,234.96199699999852
11875706,0.385721,131.78824100000202
11904038,0.63222,120.85225999999966
11906217,37.910216,162.45757800000138
11909686,185.954496,288.870726000001
11909839,10.405998,135.5734969999976
11910076,0.348123,131.90316899999743
11911561,8.870412,164.18005899999844
11913012,3.747848,134.1779749999987
11913071,3.747835,122.94349599999987
11920266,0.46741,121.12075599999662
11922782,3.512934,123.24715799999831
11923629,17.973284,162.5280599999969
11923819,33.159512,126.65198999999848
11924311,0.445116,131.75592399999732
11924426,64.713161,171.3669829999999
11959569,46.148741,127.10037800000282
11961695,1082.815,38.39567399999942
11966557,60.297611,222.1516100000008
11967004,1.941636,133.10902099999657
11968490,1.07889,132.43724900000234
11968513,1.036591,352.8829960000003
11970288,20.702319,175.52160600000207
11972387,0.327898,167.0183939999988
11973705,6.772142,140.2033220000012
11974540,24.669194,132.8632609999986
11975363,3.518419,134.41196499999933
12004679,5.04249,122.76998299999832
12004834,0.262317,169.04099999999744
12010534,2.581595,132.94678199999908
12013615,8.202869,138.5098020000005
12016304,1.024052,132.6523989999987
12017140,22.845242,149.95665200000076
12019674,0.354504,120.79658499999641
12021387,241.071033,224.00270699999965
12022517,3.442713,170.26410800000303
12022718,9.255331,133.39670399999886
12023089,0.623441,168.77049799999804
12055014,0.499905,132.04132299999765
12055255,0.220939,131.52518399999826
12055421,0.385606,120.82096900000033
12055517,0.609752,166.83276599999954
12059158,0.471824,120.84503199999745
12062660,2.9293,165.93625800000154
12066630,1.098374,120.96783200000209
12071006,6.096026,122.83763999999792
12071741,0.314264,131.81755500000145
12104285,0.251451,131.7136939999982
12105785,31.953029,142.70743100000254
12106934,5.937046,165.67255200000363
12108333,0.705448,121.10657699999865
12109267,79.332118,144.05073200000334
12109575,0.531655,120.61762499999895
12109845,0.865959,167.558223
12153332,0.294627,120.87109600000258
12157987,0.577844,120.9000739999974
12164634,89.331217,142.31590999999753
12164751,2.630088,171.6765979999982
12167361,47.93095,179.0956409999999
12170648,0.599386,132.02502799999638
12208887,53.501801,132.17163900000014
12216706,1.471061,170.52161199999682
12216817,0.246273,169.06795899999997
12217907,43.204586,146.5973079999967
12218858,0.426658,120.76236400000198
12251650,17.761995,138.65849100000196
12251779,14.844233,134.23320100000274
12253490,19.159743,141.5675510000001
12255108,9.131526,169.50834100000066
12255382,0.999323,131.62856099999772
12257908,2.615917,121.91597300000285
12267718,0.545051,120.99985300000117
12268220,4.42157,121.1257489999989
12301181,6.147279,165.61228400000255
12302391,25.321733,139.68601800000033
12305537,0.361815,120.65348400000221
12306808,37.878484,138.12779500000033
12316447,17.9077,175.51918399999704
12350008,0.18453,169.01443799999834
12351927,10.116148,139.98152000000118
12352712,0.722065,166.9353570000021
12353720,1.95331,121.41425999999774
12356746,1.004908,121.36959999999817
12356914,27.307455,143.5083220000015
12365000,1.262743,120.82901400000264
12367310,8.627487,139.98934700000245
12367464,1.853209,121.12993899999856
12400729,0.931726,132.48084599999856
12404615,0.366291,168.9276119999995
12405950,3.53963,263.7677729999996
12418274,0.352722,131.86755999999878
12418319,1.356974,132.4656729999988
12418662,2.751574,134.31460399999924
12418816,1.52187,121.74298299999646
12458133,0.332522,131.89951000000292
12458797,0.241321,349.7910879999981
12459731,14.181207,171.42524799999956
12470041,14.667742,124.49255200000334
12470530,8.207257,135.82413100000122
12470954,1.90221,132.40440200000012
12504988,5.093939,134.6232020000025
12506351,2.455517,122.7361729999975
12508335,42.943865,155.20588899999711
12508348,0.255605,118.6607839999997
12553806,0.463124,167.03988799999934
12554536,0.684496,120.96462299999985
12557713,7.214723,132.4978540000011
12598713,0.257179,120.67438599999878
12599700,1.017786,132.2591570000004
12602985,0.250869,169.0906249999971
12643582,88.2954,211.49539699999877
12644769,41.077587,132.65763400000287
12645761,5.419138,128.66925900000206
12785282,0.78875,120.9563530000014
